-------------------------------------------------------------------------------------------,,,,,,
  Daily average atmospheric CO2 concentrations (ppm) derived from flask air samples        ,,,,,,
"  For La Jolla Pier, California: Latitude 32.9N Longitude 117.3W Elevation 10m",,,,,,
                                                                                           ,,,,,,
"   Source: R. F. Keeling, S. C. Piper, A. F. Bollenbacher and S. J. Walker                 ",,,,,,
   Scripps CO2 Program ( http://scrippsco2.ucsd.edu )                                      ,,,,,,
   Scripps Institution of Oceanography (SIO)                                               ,,,,,,
   University of California                                                                ,,,,,,
"   La Jolla, California USA 92093-0244                                                     ",,,,,,
                                                                                           ,,,,,,
   Status of data and correspondence:                                                      ,,,,,,
                                                                                           ,,,,,,
   These data are subject to revision based on recalibration of standard gases. Questions  ,,,,,,
   about the data should be directed to Dr. Ralph Keeling (rkeeling@ucsd.edu) and          ,,,,,,
"   and Dr. Stephen Piper (scpiper@popmail.ucsd.edu), Scripps CO2 Program.                  ",,,,,,
                                                                                           ,,,,,,
Flask data in this from archive dated 2015-02-18 09:55:07                                  ,,,,,,
                                                                                           ,,,,,,
-------------------------------------------------------------------------------------------,,,,,,
                                                                                           ,,,,,,
   Please cite as:                                                                         ,,,,,,
                                                                                           ,,,,,,
"   C. D. Keeling, S. C. Piper, R. B. Bacastow, M. Wahlen, T. P. Whorf, M. Heimann, and     ",,,,,,
"   H. A. Meijer, Exchanges of atmospheric CO2 and 13CO2 with the terrestrial biosphere and ",,,,,,
"   oceans from 1978 to 2000.  I. Global aspects, SIO Reference Series, No. 01-06, Scripps  ",,,,,,
"   Institution of Oceanography, San Diego, 88 pages, 2001.                                 ",,,,,,
                                                                                           ,,,,,,
"   If it is necessary to cite a peer-reviewed article, please cite as:                     ",,,,,,
                                                                                           ,,,,,,
"   C. D. Keeling, S. C. Piper, R. B. Bacastow, M. Wahlen, T. P. Whorf, M. Heimann, and     ",,,,,,
"   H. A. Meijer, Atmospheric CO2 and 13CO2 exchange with the terrestrial biosphere and     ",,,,,,
"   oceans from 1978 to 2000: observations and carbon cycle implications, pages 83-113,     ",,,,,,
"   in 'A History of Atmospheric CO2 and its effects on Plants, Animals, and Ecosystems',   ",,,,,,
"   editors, Ehleringer, J.R., T. E. Cerling, M. D. Dearing, Springer Verlag,               ",,,,,,
"   New York, 2005.                                                                         ",,,,,,
                                                                                           ,,,,,,
-------------------------------------------------------------------------------------------,,,,,,
"   Sampling dates are reported in 3 formats: Year, Month, Day, Hour and Minute             ",,,,,,
                                             M$Excel spreadsheet date format               ,,,,,,
                                             Decimal year and fractional year              ,,,,,,
 N   - Number of flasks used in daily average                                              ,,,,,,
                                                                                           ,,,,,,
                                                                                           ,,,,,,
 Averages for CO2 have been succesfully filtered by deviation from curve fit.              ,,,,,,
                                                                                           ,,,,,,
 FLG -   Flags                                                                             ,,,,,,
  -3 - Potentially Suspect Data Accepted                                                   ,,,,,,
  -2 - Accepted Continuous Value                                                           ,,,,,,
  -1 - Accepted Value retained although individual measurements deviated                   ,,,,,,
       by more than selected tolerance                                                     ,,,,,,
   0 - Accepted Value                                                                      ,,,,,,
   1 - Rejected during analysis                                                            ,,,,,,
   2 - Rejected unacceptably large flask-analyzer differences associated                   ,,,,,,
                with night sampling (used only at MLO between Dec 1962 and Sep 1968)       ,,,,,,
   3 - Rejected used continuous data instead                                               ,,,,,,
   4 - Rejected Replicates do not agree to selected tolerance                              ,,,,,,
   5 - Rejected Daily average deviates from fit by more than 3 standard deviations         ,,,,,,
   6 - Rejected to improve local distribution of data such as too many                     ,,,,,,
                data of generally poor quality (used only at two stations:                 ,,,,,,
                KUM Aug 1979 - Jun 1980 and LJO Apr 1979 - Sep 1985)                       ,,,,,,
   7 - Rejected Unsteady air at site (La Jolla only)                                       ,,,,,,
   8 - Rejected manually (see input/flag_flasks.csv)                                       ,,,,,,
                                                                                           ,,,,,,
  Cx - CO2 value (ppm)                                                                     ,,,,,,
          CO2 concentrations are measured on the '08A' Calibration Scale                   ,,,,,,
                                                                                           ,,,,,,
                                                                                           ,,,,,,
"   Sample,Sample,    Excel,   Sample, N,FLG,      Cx                                       ",,,,,,
Date,Hr,Excel,Year,Flasks,Flags,CO2
10/23/1968, 11:10,25134.47,1968.81,0,4,369.38
10/31/1968, 14:44,25142.61,1968.832,0,4,332.92
1/13/1969, 15:00,25216.62,1969.035,2,0,333
1/17/1969, 15:24,25220.64,1969.046,3,0,331.5
1/20/1969, 15:42,25223.65,1969.054,0,4,326.87
1/29/1969, 15:47,25232.66,1969.079,3,0,330.5
2/18/1969, 16:28,25252.69,1969.133,3,0,326.5
2/21/1969, 14:12,25255.59,1969.141,8,0,326.58
4/1/1969, 15:00,25294.62,1969.248,4,0,327.62
6/18/1969, 15:11,25372.63,1969.462,2,0,326
10/2/1969, 14:37,25478.61,1969.752,3,0,323.49
10/23/1969, 15:40,25499.65,1969.81,3,0,327.2
4/14/1970, 16:23,25672.68,1970.284,4,0,329.12
4/27/1970, 16:17,25685.68,1970.32,0,4,332.03
5/11/1970, 16:19,25699.68,1970.358,2,0,331.73
6/17/1970, 13:30,25736.56,1970.459,2,0,327.91
6/29/1970, 16:01,25748.67,1970.492,2,0,326.53
7/17/1970, 16:45,25766.7,1970.542,0,4,325.44
9/14/1970, 17:16,25825.72,1970.703,2,0,322.27
10/12/1970, 15:00,25853.62,1970.78,0,4,327.61
12/21/1970, 15:03,25923.63,1970.972,3,0,327.49
1/25/1971, 15:48,25958.66,1971.068,2,5,386.92
2/17/1971, 15:11,25981.63,1971.131,3,0,328.6
2/22/1971, 15:17,25986.64,1971.144,2,0,330.41
2/25/1971, 16:41,25989.7,1971.153,2,0,330.97
3/1/1971, 15:04,25993.63,1971.163,4,0,331.97
3/5/1971, 16:45,25997.7,1971.175,4,5,334.98
3/25/1971, 16:38,26017.69,1971.229,6,0,329.14
4/7/1971, 16:10,26030.67,1971.265,5,0,330.16
4/14/1971, 16:38,26037.69,1971.284,3,0,330.24
4/27/1971, 16:39,26050.69,1971.32,4,0,330.82
5/24/1971, 16:55,26077.7,1971.394,3,0,330.36
6/3/1971, 17:21,26087.72,1971.421,6,0,330.72
6/21/1971, 16:49,26105.7,1971.47,4,0,329.71
7/1/1971, 15:22,26115.64,1971.498,4,0,326.4
8/3/1971, 17:05,26148.71,1971.588,0,4,328.52
8/24/1971, 16:44,26169.7,1971.646,0,4,324.95
9/3/1971, 16:36,26179.69,1971.673,0,4,323.53
9/27/1971, 16:44,26203.7,1971.739,0,4,324.4
10/21/1971, 16:44,26227.7,1971.805,0,4,343.93
11/12/1971, 16:06,26249.67,1971.865,0,4,329.5
3/31/1972, 14:59,26389.62,1972.248,5,0,334.17
4/7/1972, 16:41,26396.7,1972.267,3,0,330.72
5/17/1972, 16:03,26436.67,1972.376,2,0,332.18
7/3/1972, 14:31,26483.6,1972.504,2,5,333.09
7/21/1972, 16:40,26501.69,1972.554,2,0,325.77
9/17/1972, 17:34,26559.73,1972.712,2,0,322.86
10/4/1972, 15:38,26576.65,1972.759,4,5,328.81
10/19/1972, 13:48,26591.57,1972.799,6,0,325.86
10/20/1972, 12:11,26592.51,1972.802,12,0,325.76
10/30/1972, 15:19,26602.64,1972.83,6,0,329.34
11/7/1972, 17:11,26610.72,1972.852,6,0,328.21
11/11/1972, 17:16,26614.72,1972.863,6,0,327.85
12/28/1972, 15:16,26661.64,1972.991,6,0,330.76
1/1/1973, 13:32,26665.56,1973.002,6,0,329.37
1/19/1973, 14:49,26683.62,1973.051,6,0,330.97
2/12/1973, 13:33,26707.56,1973.117,6,0,331.33
3/13/1973, 09:28,26736.39,1973.196,6,0,331.48
3/28/1973, 16:12,26751.68,1973.237,6,0,332.99
4/30/1973, 16:40,26784.69,1973.328,6,0,334.03
7/11/1973, 18:04,26856.75,1973.525,6,0,329.17
8/23/1973, 16:42,26899.7,1973.643,6,0,322.01
10/23/1973, 19:12,26960.8,1973.81,6,0,329.51
11/15/1973, 15:07,26983.63,1973.873,6,5,338.09
2/13/1974, 17:56,27073.75,1974.12,12,0,333.66
3/29/1974, 15:07,27117.63,1974.24,2,0,334
4/25/1974, 16:47,27144.7,1974.314,5,0,335.91
8/14/1974, 14:06,27255.59,1974.618,6,0,327.44
10/3/1974, 16:25,27305.68,1974.755,6,0,327.75
10/21/1974, 12:49,27323.53,1974.804,6,0,333.29
11/1/1974, 16:28,27334.69,1974.835,6,0,330.51
1/27/1975, 15:44,27421.66,1975.073,6,0,334.55
4/4/1975, 16:14,27488.68,1975.257,6,0,334.49
5/20/1975, 11:16,27534.47,1975.382,6,0,336.87
7/2/1975, 16:16,27577.68,1975.5,6,0,331.58
10/7/1975, 13:20,27674.56,1975.766,5,0,328
12/11/1975, 14:42,27739.61,1975.944,12,0,335.67
12/12/1975, 15:28,27740.64,1975.947,2,0,333.8
2/9/1976, 15:20,27799.64,1976.108,6,0,334.85
3/10/1976, 17:36,27829.73,1976.191,6,0,337.25
4/15/1976, 14:16,27865.59,1976.289,6,0,338.47
6/11/1976, 14:27,27922.6,1976.444,5,0,335.18
8/3/1976, 15:17,27975.64,1976.589,6,0,329.61
9/16/1976, 15:11,28019.63,1976.709,6,0,326.4
10/29/1976, 13:53,28062.58,1976.827,6,5,340.77
12/31/1976, 12:00,28125.5,1976.999,4,0,334.88
1/3/1977, 14:45,28128.61,1977.007,2,0,335.94
2/1/1977, 15:26,28157.64,1977.087,6,0,335.28
3/1/1977, 10:08,28185.42,1977.163,4,5,340.86
3/25/1977, 09:43,28209.4,1977.229,5,0,337.11
5/25/1977, 14:38,28270.61,1977.396,6,0,338.28
7/11/1977, 13:46,28317.57,1977.525,6,0,333.81
9/2/1977, 14:44,28370.61,1977.67,6,0,330.99
10/11/1977, 15:09,28409.63,1977.777,0,4,350.69
10/12/1977, 14:46,28410.62,1977.78,9,5,359.97
10/14/1977, 15:39,28412.65,1977.785,3,5,350.47
10/20/1977, 12:00,28418.5,1977.801,3,0,334.68
11/18/1977, 10:28,28447.44,1977.881,2,0,338.5
1/24/1978, 15:16,28514.64,1978.065,2,0,340.3
2/2/1978, 15:51,28523.66,1978.089,0,4,356.51
2/10/1978, 10:50,28531.45,1978.111,0,4,337.46
4/1/1978, 16:02,28581.67,1978.248,9,0,339.25
5/22/1978, 15:05,28632.63,1978.388,6,0,339.04
6/8/1978, 15:55,28649.66,1978.435,8,0,341.17
6/27/1978, 14:35,28668.61,1978.487,4,0,334.96
8/22/1978, 15:58,28724.67,1978.64,13,0,331.23
9/7/1978, 14:49,28740.62,1978.684,18,0,329.57
10/16/1978, 12:08,28779.51,1978.79,11,0,336.19
11/1/1978, 14:28,28795.6,1978.835,12,0,335.73
12/6/1978, 15:26,28830.64,1978.931,8,0,339.78
1/17/1979, 16:24,28872.68,1979.046,0,4,340.9
1/25/1979, 14:38,28880.61,1979.067,4,0,338.88
2/8/1979, 15:11,28894.63,1979.106,0,4,345.77
2/23/1979, 16:26,28909.68,1979.147,18,0,339.33
2/26/1979, 14:44,28912.61,1979.155,6,0,340.48
3/22/1979, 13:34,28936.57,1979.221,3,0,341.29
4/17/1979, 15:45,28962.66,1979.292,13,0,341.42
4/20/1979, 14:36,28965.61,1979.3,0,4,342.44
6/1/1979, 15:23,29007.64,1979.415,0,4,346.5
6/29/1979, 11:29,29035.48,1979.492,4,0,341.72
8/29/1979, 16:43,29096.7,1979.659,12,0,333.17
9/7/1979, 15:16,29105.64,1979.684,5,5,342.16
9/18/1979, 15:46,29116.66,1979.714,5,0,336.1
9/19/1979, 15:41,29117.65,1979.717,4,5,349.33
10/17/1979, 12:59,29145.54,1979.793,6,0,338.28
11/19/1979, 16:36,29178.69,1979.884,18,0,339.69
11/29/1979, 14:51,29188.62,1979.911,0,4,361.96
1/23/1980, 15:41,29243.65,1980.062,0,4,363.7
3/12/1980, 13:17,29292.55,1980.196,11,0,341.06
5/14/1980, 15:03,29355.63,1980.368,6,0,341.63
7/30/1980, 15:17,29432.64,1980.578,4,5,349.81
8/12/1980, 15:28,29445.64,1980.614,13,0,334.1
10/15/1980, 15:27,29509.64,1980.789,12,0,337.78
10/22/1980, 15:03,29516.63,1980.808,5,5,358.69
12/5/1980, 14:58,29560.62,1980.928,12,0,340.61
1/8/1981, 14:13,29594.59,1981.021,6,5,352.4
1/27/1981, 13:18,29613.55,1981.073,0,4,343.99
1/30/1981, 13:23,29616.56,1981.081,15,0,342.61
2/26/1981, 15:21,29643.64,1981.155,12,0,344.01
5/15/1981, 15:47,29721.66,1981.369,12,0,345.99
5/20/1981, 11:33,29726.48,1981.382,12,0,344.58
7/1/1981, 10:33,29768.44,1981.497,6,0,340.04
8/31/1981, 14:51,29829.62,1981.665,12,0,336.27
9/24/1981, 14:50,29853.62,1981.73,0,4,337.86
10/5/1981, 15:51,29864.66,1981.761,12,0,338.16
10/20/1981, 16:10,29879.67,1981.802,8,5,345.75
10/28/1981, 15:51,29887.66,1981.824,0,4,340.81
11/6/1981, 15:18,29896.64,1981.848,6,0,339.59
12/21/1981, 15:44,29941.66,1981.972,12,0,342.51
1/19/1982, 15:36,29970.65,1982.051,12,0,344.07
3/12/1982, 14:46,30022.62,1982.193,12,0,343.77
4/2/1982, 15:05,30043.63,1982.251,6,0,347.33
5/28/1982, 15:42,30099.65,1982.405,23,0,346.01
6/18/1982, 16:18,30120.68,1982.462,6,0,341.98
7/8/1982, 13:43,30140.57,1982.517,5,0,341.21
9/11/1982, 15:39,30205.65,1982.695,12,0,336.11
9/27/1982, 16:08,30221.67,1982.739,6,0,336.19
10/18/1982, 14:24,30242.6,1982.796,2,5,345.4
11/10/1982, 12:47,30265.53,1982.859,5,0,341.52
11/19/1982, 16:38,30274.69,1982.884,6,0,341.67
12/23/1982, 11:12,30308.47,1982.977,6,0,343.39
1/19/1983, 16:37,30335.69,1983.051,5,0,345.39
1/27/1983, 16:23,30343.68,1983.073,6,0,344.16
2/25/1983, 14:37,30372.61,1983.152,6,0,344.7
3/21/1983, 14:24,30396.6,1983.218,6,0,345.65
4/21/1983, 14:33,30427.61,1983.303,6,0,347.13
4/28/1983, 16:18,30434.68,1983.322,12,0,347.77
5/6/1983, 11:16,30442.47,1983.344,5,0,347.93
6/1/1983, 16:13,30468.68,1983.416,12,0,345.77
6/2/1983, 15:51,30469.66,1983.418,12,0,346.05
7/15/1983, 16:02,30512.67,1983.536,12,0,340.74
8/19/1983, 15:58,30547.67,1983.632,12,0,336.82
9/20/1983, 16:13,30579.68,1983.72,5,0,341.26
9/21/1983, 15:07,30580.63,1983.722,5,0,342.24
9/22/1983, 15:16,30581.64,1983.725,3,0,339.79
9/23/1983, 16:01,30582.67,1983.728,3,0,340.26
9/28/1983, 15:21,30587.64,1983.741,3,0,340.41
9/29/1983, 14:16,30588.59,1983.744,3,0,339.21
10/3/1983, 14:21,30592.6,1983.755,3,0,342.93
10/5/1983, 14:06,30594.59,1983.761,3,0,340.3
10/11/1983, 15:23,30600.64,1983.777,6,5,376.17
10/27/1983, 13:42,30616.57,1983.821,2,5,349.23
11/2/1983, 15:03,30622.63,1983.837,2,5,355.86
11/17/1983, 17:05,30637.71,1983.879,12,0,342.36
11/23/1983, 13:43,30643.57,1983.895,9,5,348.56
11/25/1983, 15:32,30645.65,1983.9,4,0,344.38
12/4/1983, 12:15,30654.51,1983.925,2,0,348.19
12/22/1983, 14:16,30672.59,1983.974,9,0,345.32
1/14/1984, 15:42,30695.65,1984.037,5,0,345.85
2/2/1984, 15:56,30714.66,1984.089,6,0,347.57
2/10/1984, 16:03,30722.67,1984.111,5,5,355.43
2/16/1984, 15:03,30728.63,1984.127,6,0,347.34
3/14/1984, 17:01,30755.71,1984.201,6,0,347.46
4/4/1984, 17:22,30776.72,1984.259,3,0,347.72
4/5/1984, 12:54,30777.54,1984.261,0,4,348.42
4/6/1984, 14:41,30778.61,1984.264,3,0,351.79
4/9/1984, 16:25,30781.68,1984.272,3,0,351.23
4/17/1984, 17:16,30789.72,1984.294,0,4,349.56
4/18/1984, 14:28,30790.6,1984.297,3,0,349.11
4/19/1984, 07:51,30791.33,1984.299,0,4,349.17
4/20/1984, 14:01,30792.58,1984.302,0,4,351.06
4/25/1984, 17:11,30797.72,1984.316,3,0,350.23
4/26/1984, 16:58,30798.71,1984.319,0,4,351.25
4/28/1984, 15:37,30800.65,1984.324,0,4,350.89
5/10/1984, 16:46,30812.7,1984.357,0,4,350.95
5/15/1984, 18:58,30817.79,1984.371,0,4,350.38
5/16/1984, 15:32,30818.65,1984.373,3,0,349.88
5/30/1984, 16:55,30832.7,1984.412,3,0,348.44
6/1/1984, 16:42,30834.7,1984.417,4,0,349.17
6/5/1984, 15:46,30838.66,1984.428,0,4,348.89
6/6/1984, 17:31,30839.73,1984.431,0,4,348.25
6/7/1984, 16:32,30840.69,1984.434,3,0,347.84
6/13/1984, 16:22,30846.68,1984.45,3,0,344.8
6/14/1984, 16:46,30847.7,1984.453,3,0,345.47
6/20/1984, 15:21,30853.64,1984.469,3,0,347.59
7/5/1984, 17:21,30868.72,1984.51,3,0,345.15
7/11/1984, 17:01,30874.71,1984.527,3,0,342.33
7/13/1984, 16:51,30876.7,1984.532,2,0,342.56
7/19/1984, 15:29,30882.65,1984.548,14,0,342.22
7/20/1984, 16:26,30883.68,1984.551,3,0,344.8
7/23/1984, 16:39,30886.69,1984.559,0,4,342.38
7/24/1984, 13:51,30887.58,1984.562,3,0,340.91
7/29/1984, 16:20,30892.68,1984.576,3,0,342.24
8/8/1984, 16:36,30902.69,1984.603,3,0,340.54
8/10/1984, 15:31,30904.65,1984.608,0,4,340.97
8/21/1984, 13:42,30915.57,1984.638,3,0,340.76
8/24/1984, 18:16,30918.76,1984.647,3,0,339.01
8/28/1984, 15:41,30922.65,1984.658,3,0,339.01
8/30/1984, 16:06,30924.67,1984.663,7,0,339.84
8/31/1984, 15:51,30925.66,1984.666,0,4,340.55
9/7/1984, 17:00,30932.71,1984.685,3,0,340.41
9/12/1984, 16:25,30937.68,1984.699,6,0,340.87
9/20/1984, 16:36,30945.69,1984.72,3,0,342.5
9/24/1984, 17:04,30949.71,1984.731,4,0,340.25
9/25/1984, 16:39,30950.69,1984.734,3,0,341.83
10/2/1984, 16:47,30957.7,1984.753,3,0,341.28
10/11/1984, 15:46,30966.66,1984.778,3,0,342.25
10/17/1984, 16:46,30972.7,1984.794,3,0,342.58
10/19/1984, 14:47,30974.62,1984.799,4,0,346.4
10/25/1984, 13:38,30980.57,1984.816,3,0,346.46
10/31/1984, 16:42,30986.7,1984.833,4,0,345.54
11/6/1984, 15:57,30992.66,1984.849,0,4,344.69
11/7/1984, 16:21,30993.68,1984.852,3,0,344.14
11/8/1984, 17:11,30994.72,1984.854,3,0,343.99
11/9/1984, 15:42,30995.65,1984.857,3,5,349.15
11/13/1984, 16:02,30999.67,1984.868,3,0,345.2
11/22/1984, 14:58,31008.62,1984.892,4,0,345.45
12/12/1984, 13:42,31028.57,1984.947,4,0,348.33
12/13/1984, 10:51,31029.45,1984.949,0,4,349.73
12/17/1984, 15:34,31033.65,1984.961,4,5,350.69
12/20/1984, 12:17,31036.51,1984.969,4,0,347.05
12/28/1984, 13:37,31044.57,1984.991,3,0,350.06
1/8/1985, 11:33,31055.48,1985.02,4,0,346.97
1/29/1985, 16:31,31076.69,1985.079,4,0,349.22
1/30/1985, 14:10,31077.59,1985.081,4,5,352.26
2/4/1985, 13:12,31082.55,1985.095,4,5,352.99
2/9/1985, 16:40,31087.69,1985.109,4,0,348.66
3/1/1985, 16:38,31107.69,1985.164,4,0,348.88
3/2/1985, 12:46,31108.53,1985.166,0,4,349.33
3/5/1985, 16:52,31111.7,1985.175,4,0,348.38
3/6/1985, 15:47,31112.66,1985.177,0,4,350.73
3/11/1985, 15:45,31117.66,1985.191,4,0,348.9
3/18/1985, 16:24,31124.68,1985.21,4,0,349.27
3/28/1985, 13:13,31134.55,1985.237,6,0,350.03
4/16/1985, 16:49,31153.7,1985.29,4,0,347.6
4/17/1985, 13:10,31154.55,1985.292,3,0,348.07
4/22/1985, 15:14,31159.63,1985.306,4,0,348.89
5/3/1985, 15:29,31170.65,1985.336,8,0,349.14
5/7/1985, 14:39,31174.61,1985.347,0,4,350.4
5/8/1985, 14:22,31175.6,1985.35,4,0,350.33
5/10/1985, 09:31,31177.4,1985.355,4,0,350.94
5/17/1985, 12:10,31184.51,1985.374,0,4,350.97
5/24/1985, 16:12,31191.68,1985.394,3,0,350.92
5/26/1985, 15:11,31193.63,1985.399,4,0,350.21
6/1/1985, 12:57,31199.54,1985.415,4,0,350.52
6/13/1985, 14:45,31211.61,1985.448,6,0,351.57
6/14/1985, 16:12,31212.68,1985.451,4,0,349.07
6/20/1985, 17:31,31218.73,1985.468,3,0,348.41
6/21/1985, 20:18,31219.85,1985.471,0,4,348.5
6/24/1985, 16:04,31222.67,1985.479,4,0,348.43
7/18/1985, 14:47,31246.62,1985.544,4,5,346.86
7/19/1985, 16:22,31247.68,1985.547,4,0,346.04
7/26/1985, 12:15,31254.51,1985.566,2,5,364.61
7/29/1985, 16:04,31257.67,1985.574,4,0,342.72
8/1/1985, 17:03,31260.71,1985.583,4,0,341.75
8/8/1985, 13:07,31267.55,1985.601,4,0,341.49
8/13/1985, 14:52,31272.62,1985.615,4,0,340.41
8/15/1985, 15:17,31274.64,1985.621,4,0,338.39
9/3/1985, 16:12,31293.68,1985.673,4,0,338.43
9/6/1985, 15:25,31296.64,1985.681,4,0,339.85
9/9/1985, 16:03,31299.67,1985.69,4,0,341.29
9/18/1985, 13:48,31308.57,1985.714,4,5,339.46
9/26/1985, 13:47,31316.57,1985.736,0,4,342.65
9/27/1985, 13:52,31317.58,1985.739,4,0,342.5
10/7/1985, 15:57,31327.66,1985.766,4,0,343.15
10/10/1985, 15:22,31330.64,1985.774,4,5,348.72
10/21/1985, 11:52,31341.49,1985.804,4,0,343.25
11/12/1985, 09:30,31363.4,1985.864,4,0,346.82
11/13/1985, 14:02,31364.58,1985.867,2,0,349.64
11/21/1985, 16:17,31372.68,1985.89,4,0,345.87
12/11/1985, 14:37,31392.61,1985.944,3,5,352.15
2/3/1986, 15:33,31446.65,1986.092,4,0,351.57
2/6/1986, 13:02,31449.54,1986.1,4,0,350.07
2/10/1986, 16:02,31453.67,1986.111,4,0,350.62
2/12/1986, 14:11,31455.59,1986.117,2,5,353.45
2/20/1986, 16:52,31463.7,1986.139,4,0,350.84
3/12/1986, 14:32,31483.61,1986.193,4,0,349.66
3/14/1986, 14:17,31485.6,1986.199,0,4,353.49
4/7/1986, 15:03,31509.63,1986.265,4,0,350.31
4/16/1986, 13:14,31518.55,1986.289,4,0,352.48
5/2/1986, 16:19,31534.68,1986.333,4,0,352.42
5/5/1986, 13:02,31537.54,1986.341,4,0,350.91
5/7/1986, 14:02,31539.58,1986.347,3,5,356.38
5/21/1986, 14:57,31553.62,1986.385,4,0,351.15
5/30/1986, 14:52,31562.62,1986.41,4,0,351.83
6/5/1986, 13:47,31568.57,1986.426,4,0,351.3
6/25/1986, 15:32,31588.65,1986.481,4,0,347.92
7/8/1986, 14:55,31601.62,1986.517,4,0,347.56
7/24/1986, 09:47,31617.41,1986.56,4,0,343.88
7/25/1986, 16:02,31618.67,1986.563,4,0,343.09
8/14/1986, 16:22,31638.68,1986.618,4,5,346.44
8/15/1986, 14:22,31639.6,1986.621,3,5,345.53
9/8/1986, 13:22,31663.56,1986.686,4,0,344.43
9/9/1986, 16:22,31664.68,1986.69,4,0,342.14
9/10/1986, 16:47,31665.7,1986.692,4,0,341.71
9/12/1986, 16:37,31667.69,1986.698,4,0,341.5
9/17/1986, 16:47,31672.7,1986.712,4,0,342.57
9/18/1986, 14:34,31673.61,1986.714,2,0,342.43
9/19/1986, 17:22,31674.72,1986.717,4,0,340.98
9/23/1986, 13:34,31678.57,1986.728,3,5,341.62
9/25/1986, 13:26,31680.56,1986.733,4,0,343.13
10/1/1986, 16:42,31686.7,1986.75,3,0,346.53
10/23/1986, 16:17,31708.68,1986.81,10,0,348.29
11/18/1986, 12:03,31734.5,1986.881,2,0,346.97
12/23/1986, 16:17,31769.68,1986.977,3,0,350.86
1/5/1987, 13:32,31782.56,1987.013,4,0,349.5
1/7/1987, 14:32,31784.61,1987.018,4,0,351.3
1/15/1987, 13:47,31792.57,1987.04,3,5,357.17
1/28/1987, 14:37,31805.61,1987.076,4,0,349.69
1/30/1987, 13:42,31807.57,1987.081,4,0,350.67
2/11/1987, 14:57,31819.62,1987.114,0,4,354.27
2/12/1987, 16:47,31820.7,1987.117,3,0,350.15
2/24/1987, 11:54,31832.5,1987.149,4,0,352.36
3/13/1987, 16:04,31849.67,1987.196,3,0,350.31
3/19/1987, 13:19,31855.55,1987.212,4,0,351.85
4/3/1987, 13:07,31870.55,1987.254,4,0,352.94
4/29/1987, 16:19,31896.68,1987.325,4,0,351.79
4/30/1987, 12:35,31897.52,1987.327,4,0,352.76
5/1/1987, 11:32,31898.48,1987.33,4,0,354.1
5/15/1987, 16:42,31912.7,1987.369,2,0,353.07
5/19/1987, 14:19,31916.6,1987.38,4,0,352.2
5/27/1987, 15:47,31924.66,1987.402,4,0,352.53
6/17/1987, 12:32,31945.52,1987.459,4,0,352.94
6/30/1987, 18:17,31958.76,1987.495,4,0,349.9
7/7/1987, 16:48,31965.7,1987.514,4,0,349.13
7/9/1987, 16:33,31967.69,1987.52,6,0,349.48
7/10/1987, 15:44,31968.66,1987.522,3,0,348.51
7/16/1987, 16:02,31974.67,1987.539,4,0,348.63
7/18/1987, 13:22,31976.56,1987.544,3,0,347.75
7/21/1987, 12:26,31979.52,1987.552,2,0,345.14
7/23/1987, 17:14,31981.72,1987.558,4,0,344.38
8/5/1987, 16:07,31994.67,1987.594,4,0,344.69
8/12/1987, 13:16,32001.55,1987.612,4,0,342.19
8/20/1987, 17:08,32009.71,1987.635,4,0,342.1
9/11/1987, 15:58,32031.67,1987.695,4,0,345.11
9/13/1987, 15:42,32033.65,1987.7,4,0,345.57
9/24/1987, 16:03,32044.67,1987.731,4,5,349.12
10/8/1987, 13:32,32058.56,1987.769,4,0,346.69
10/9/1987, 14:34,32059.61,1987.772,4,0,347.49
10/13/1987, 13:08,32063.55,1987.782,4,0,348.61
10/23/1987, 14:50,32073.62,1987.81,6,5,346.91
10/24/1987, 13:13,32074.55,1987.812,6,5,354.94
10/29/1987, 12:02,32079.5,1987.826,8,0,348.2
11/2/1987, 14:31,32083.6,1987.837,4,0,348.32
11/6/1987, 13:49,32087.58,1987.848,4,0,350.23
11/25/1987, 15:54,32106.66,1987.9,4,0,353.24
12/23/1987, 15:58,32134.67,1987.977,2,5,357.31
12/28/1987, 14:58,32139.62,1987.991,0,4,364.06
12/29/1987, 13:56,32140.58,1987.993,4,0,352.12
12/30/1987, 13:15,32141.55,1987.996,2,0,354.45
1/16/1988, 15:38,32158.65,1988.043,4,0,351.77
1/18/1988, 14:12,32160.59,1988.048,4,0,354.07
1/29/1988, 13:48,32171.57,1988.078,4,0,353.12
1/30/1988, 16:22,32172.68,1988.081,4,0,352.95
2/28/1988, 14:08,32201.59,1988.16,3,0,352.81
3/1/1988, 14:14,32203.59,1988.166,4,0,353.17
3/10/1988, 15:48,32212.66,1988.19,4,5,360.57
3/12/1988, 16:22,32214.68,1988.196,4,5,358.73
4/8/1988, 13:32,32241.56,1988.269,4,0,355.67
4/13/1988, 16:12,32246.68,1988.283,4,0,354.9
4/15/1988, 18:02,32248.75,1988.289,4,0,354.48
4/16/1988, 15:03,32249.63,1988.291,4,0,354.91
4/21/1988, 17:16,32254.72,1988.305,4,0,355.36
4/22/1988, 13:47,32255.57,1988.308,4,0,355.77
4/28/1988, 16:02,32261.67,1988.324,4,0,355.52
5/5/1988, 11:18,32268.47,1988.343,4,0,357.06
5/17/1988, 16:50,32280.7,1988.376,4,0,356.44
5/27/1988, 15:27,32290.64,1988.403,4,0,356.05
6/6/1988, 14:52,32300.62,1988.431,4,0,355.25
6/20/1988, 10:43,32314.45,1988.468,2,5,359.73
7/14/1988, 13:37,32338.57,1988.534,5,0,351.13
7/19/1988, 14:07,32343.59,1988.548,3,0,350.95
7/22/1988, 16:52,32346.7,1988.557,2,0,351.53
8/2/1988, 14:04,32357.59,1988.586,4,0,348.19
8/5/1988, 15:34,32360.65,1988.595,4,0,347.28
8/11/1988, 15:04,32366.63,1988.611,3,0,347.56
8/12/1988, 13:01,32367.54,1988.614,2,0,348.58
8/17/1988, 15:35,32372.65,1988.627,4,0,346.02
8/22/1988, 15:45,32377.66,1988.641,3,0,344.76
8/31/1988, 16:45,32386.7,1988.666,4,0,346.29
9/2/1988, 13:29,32388.56,1988.671,4,0,346.47
9/12/1988, 13:09,32398.55,1988.698,4,0,347.27
9/21/1988, 11:40,32407.49,1988.723,4,0,347.18
9/26/1988, 15:50,32412.66,1988.737,4,0,348.38
9/27/1988, 14:37,32413.61,1988.739,14,0,351.31
10/5/1988, 14:24,32421.6,1988.761,4,0,349.64
10/6/1988, 16:22,32422.68,1988.764,4,0,349.09
10/14/1988, 11:31,32430.48,1988.785,3,0,349.59
10/28/1988, 14:20,32444.6,1988.824,4,0,351.64
11/8/1988, 15:26,32455.64,1988.854,4,0,352.24
11/11/1988, 13:41,32458.57,1988.862,4,0,351.07
11/14/1988, 13:44,32461.57,1988.87,4,0,352.36
11/17/1988, 14:47,32464.62,1988.879,4,0,353.3
12/21/1988, 10:11,32498.42,1988.971,4,0,354.94
1/6/1989, 09:16,32514.39,1989.015,4,0,356.33
1/12/1989, 14:56,32520.62,1989.032,4,0,356.25
1/23/1989, 13:54,32531.58,1989.062,4,0,354.23
2/1/1989, 16:37,32540.69,1989.087,3,0,355.29
2/2/1989, 14:12,32541.59,1989.089,4,0,355.2
2/3/1989, 15:38,32542.65,1989.092,2,0,355.19
2/10/1989, 11:07,32549.46,1989.111,4,0,355.83
3/1/1989, 14:47,32568.62,1989.163,4,0,356.18
3/3/1989, 09:11,32570.38,1989.168,2,0,356.77
3/10/1989, 16:29,32577.69,1989.188,2,0,355.01
3/15/1989, 14:48,32582.62,1989.202,4,0,357.49
3/16/1989, 14:32,32583.61,1989.204,4,0,355.88
3/17/1989, 16:12,32584.68,1989.207,4,0,355.38
4/12/1989, 12:55,32610.54,1989.278,4,0,356.92
4/13/1989, 17:06,32611.71,1989.281,4,0,356.27
4/21/1989, 15:46,32619.66,1989.303,4,0,357.13
4/24/1989, 11:41,32622.49,1989.311,3,0,357.66
4/25/1989, 15:07,32623.63,1989.314,4,0,357.89
5/10/1989, 14:33,32638.61,1989.355,4,0,358.51
5/11/1989, 14:19,32639.6,1989.358,4,0,358.11
5/12/1989, 10:46,32640.45,1989.36,4,0,357.17
5/16/1989, 14:18,32644.6,1989.371,4,0,354.96
6/5/1989, 15:41,32664.65,1989.426,4,0,355.58
6/6/1989, 15:57,32665.66,1989.429,4,0,355.57
6/23/1989, 14:41,32682.61,1989.476,4,0,354.84
6/28/1989, 14:09,32687.59,1989.489,4,0,353.18
6/29/1989, 14:33,32688.61,1989.492,4,0,352.56
7/7/1989, 16:40,32696.69,1989.514,4,0,352.59
7/12/1989, 16:11,32701.67,1989.528,4,0,350.97
7/31/1989, 15:47,32720.66,1989.58,4,0,348.48
8/1/1989, 16:11,32721.67,1989.583,4,0,347.75
8/2/1989, 17:22,32722.72,1989.586,4,0,347.85
8/11/1989, 17:11,32731.72,1989.61,4,0,349.11
8/17/1989, 15:02,32737.63,1989.626,4,0,346.27
8/18/1989, 15:09,32738.63,1989.629,4,0,346.6
8/24/1989, 14:02,32744.58,1989.645,4,0,347.7
9/7/1989, 14:34,32758.61,1989.684,4,0,345.49
9/19/1989, 14:41,32770.61,1989.717,4,0,348.06
10/3/1989, 10:27,32784.44,1989.755,3,0,349.89
10/13/1989, 14:04,32794.59,1989.782,7,5,366.43
10/23/1989, 15:15,32804.64,1989.81,4,0,352.01
10/24/1989, 16:15,32805.68,1989.813,4,0,351.15
11/21/1989, 13:41,32833.57,1989.889,4,0,354.11
11/24/1989, 16:15,32836.68,1989.898,4,0,354.34
12/28/1989, 09:06,32870.38,1989.99,5,0,354.89
1/2/1990, 12:53,32875.54,1990.004,2,0,356.47
1/12/1990, 14:48,32885.62,1990.032,4,0,359.02
1/13/1990, 14:22,32886.6,1990.035,4,0,355.81
1/15/1990, 15:39,32888.65,1990.04,4,0,356.39
1/30/1990, 14:54,32903.62,1990.081,4,0,356.81
2/1/1990, 11:57,32905.5,1990.086,4,0,356.85
2/4/1990, 13:45,32908.57,1990.095,2,0,357.77
2/12/1990, 14:55,32916.62,1990.117,4,0,356.8
3/2/1990, 15:10,32934.63,1990.166,0,4,358.83
3/5/1990, 09:27,32937.39,1990.174,4,0,358.24
3/8/1990, 12:49,32940.53,1990.182,4,0,357.97
3/27/1990, 12:58,32959.54,1990.234,4,0,357.8
3/29/1990, 16:20,32961.68,1990.24,4,0,357.47
4/4/1990, 12:31,32967.52,1990.256,4,0,356.75
4/16/1990, 16:01,32979.67,1990.289,4,0,358.03
4/17/1990, 14:38,32980.61,1990.292,4,0,358.15
4/30/1990, 11:42,32993.49,1990.327,4,0,358.31
5/1/1990, 14:35,32994.61,1990.33,4,0,359.5
5/8/1990, 14:57,33001.62,1990.35,4,0,358.23
5/9/1990, 14:32,33002.61,1990.352,4,0,358.65
5/23/1990, 15:42,33016.65,1990.391,4,0,358.44
5/24/1990, 15:04,33017.63,1990.394,2,0,360.13
5/25/1990, 14:10,33018.59,1990.396,4,0,359.43
6/14/1990, 13:31,33038.56,1990.451,4,0,356.01
7/2/1990, 12:42,33056.53,1990.5,4,0,353.8
7/3/1990, 14:49,33057.62,1990.503,2,0,351.63
7/18/1990, 15:44,33072.66,1990.544,4,0,350.5
7/24/1990, 14:30,33078.6,1990.561,4,0,351.96
8/1/1990, 14:49,33086.62,1990.583,4,0,350.36
8/15/1990, 14:12,33100.59,1990.621,0,4,350.67
8/19/1990, 16:00,33104.67,1990.632,4,0,347.87
8/20/1990, 14:50,33105.62,1990.635,4,0,348.84
8/26/1990, 18:41,33111.78,1990.651,4,5,346.61
8/29/1990, 17:15,33114.72,1990.66,4,0,347.45
9/17/1990, 15:44,33133.66,1990.711,3,0,349.82
9/18/1990, 13:11,33134.55,1990.714,2,0,349.49
9/21/1990, 14:15,33137.59,1990.722,3,0,349.69
9/27/1990, 14:08,33143.59,1990.739,3,0,351.24
10/18/1990, 11:27,33164.48,1990.796,8,5,356.51
10/31/1990, 15:18,33177.64,1990.832,4,0,354.77
11/1/1990, 09:43,33178.4,1990.834,3,0,354.15
11/2/1990, 00:03,33179,1990.836,2,0,356.02
11/19/1990, 14:22,33196.6,1990.884,3,0,354.7
11/20/1990, 11:19,33197.47,1990.886,12,0,355.08
12/12/1990, 12:55,33219.54,1990.947,4,0,356.3
12/13/1990, 14:40,33220.61,1990.95,4,0,355.81
12/19/1990, 11:00,33226.46,1990.966,4,0,355.15
12/29/1990, 14:02,33236.58,1990.993,4,0,357.14
2/28/1991, 15:40,33297.65,1991.161,3,0,358.7
3/1/1991, 16:36,33298.69,1991.164,4,0,358.64
3/11/1991, 09:49,33308.41,1991.19,4,0,359.72
3/13/1991, 14:34,33310.61,1991.196,4,0,358.95
3/15/1991, 07:06,33312.3,1991.201,16,0,360.21
3/27/1991, 10:00,33324.42,1991.234,2,0,360.01
4/17/1991, 14:01,33345.58,1991.292,4,0,360.12
4/18/1991, 13:20,33346.56,1991.295,4,0,359.53
4/22/1991, 09:39,33350.4,1991.305,4,0,359.74
5/2/1991, 11:12,33360.47,1991.333,4,0,361.55
5/3/1991, 16:06,33361.67,1991.336,4,0,359.34
5/20/1991, 13:27,33378.56,1991.382,4,0,361
5/28/1991, 16:28,33386.69,1991.405,12,0,360.04
6/4/1991, 16:04,33393.67,1991.424,4,0,359.21
6/12/1991, 16:06,33401.67,1991.446,4,0,358.54
6/19/1991, 17:26,33408.73,1991.465,4,0,358.09
6/20/1991, 15:37,33409.65,1991.468,4,0,354.78
6/21/1991, 14:49,33410.62,1991.47,4,0,357.06
6/25/1991, 12:45,33414.53,1991.481,4,0,356.24
7/16/1991, 17:13,33435.72,1991.539,4,0,355.13
7/18/1991, 15:11,33437.63,1991.544,4,0,354.24
7/23/1991, 16:00,33442.67,1991.558,4,0,353.07
8/5/1991, 15:23,33455.64,1991.594,4,0,349.68
8/26/1991, 13:51,33476.58,1991.651,4,0,351.15
9/5/1991, 14:32,33486.61,1991.678,0,4,352.44
9/10/1991, 13:52,33491.58,1991.692,3,0,349.61
9/23/1991, 16:15,33504.68,1991.728,4,0,351.31
10/4/1991, 14:22,33515.6,1991.758,0,4,354.48
10/14/1991, 14:29,33525.6,1991.785,2,0,354.53
10/22/1991, 14:07,33533.59,1991.807,4,0,354.51
10/23/1991, 15:42,33534.65,1991.81,4,0,354.66
11/14/1991, 14:27,33556.6,1991.87,4,0,357.8
12/10/1991, 14:39,33582.61,1991.941,2,0,357.47
1/3/1992, 16:21,33606.68,1992.007,2,0,359.45
1/6/1992, 13:21,33609.56,1992.015,10,0,359.48
1/15/1992, 11:52,33618.49,1992.04,4,0,358.5
2/7/1992, 10:06,33641.42,1992.102,6,0,359.01
2/10/1992, 12:37,33644.53,1992.111,6,0,358.75
2/13/1992, 09:42,33647.4,1992.119,6,0,358.65
3/3/1992, 14:48,33666.62,1992.171,6,0,359.95
3/4/1992, 13:26,33667.56,1992.174,6,0,359.18
3/17/1992, 11:53,33680.5,1992.209,6,0,359.74
3/18/1992, 14:46,33681.62,1992.212,6,0,359.52
3/30/1992, 12:57,33693.54,1992.245,6,0,359.66
3/31/1992, 14:13,33694.59,1992.248,6,0,359.97
4/14/1992, 11:22,33708.47,1992.285,6,0,360.55
4/30/1992, 12:22,33724.52,1992.329,6,0,360.83
5/1/1992, 13:29,33725.56,1992.332,6,0,361.35
5/4/1992, 14:59,33728.62,1992.341,6,0,361.37
5/6/1992, 13:27,33730.56,1992.346,6,0,361.22
5/12/1992, 13:56,33736.58,1992.362,6,0,360.73
5/19/1992, 14:17,33743.6,1992.381,6,0,360.59
5/27/1992, 14:32,33751.61,1992.403,6,0,360.2
6/3/1992, 14:36,33758.61,1992.422,4,0,359.8
6/11/1992, 14:56,33766.62,1992.444,6,0,359.29
6/26/1992, 15:25,33781.64,1992.485,6,0,357.97
6/29/1992, 16:23,33784.68,1992.494,6,0,357.79
7/1/1992, 15:49,33786.66,1992.499,6,0,355.35
7/21/1992, 15:11,33806.63,1992.554,6,0,351.97
7/23/1992, 15:41,33808.65,1992.559,6,0,351.31
8/3/1992, 15:46,33819.66,1992.589,6,0,352.5
8/24/1992, 14:10,33840.59,1992.646,6,0,348.92
8/31/1992, 15:18,33847.64,1992.666,6,0,350.24
9/9/1992, 16:17,33856.68,1992.69,6,0,348.56
9/25/1992, 15:12,33872.63,1992.734,5,0,352.2
10/2/1992, 16:13,33879.68,1992.753,6,0,351.67
10/13/1992, 10:35,33890.44,1992.783,3,5,360.62
10/19/1992, 16:45,33896.7,1992.8,6,0,355.39
10/28/1992, 17:56,33905.75,1992.824,6,0,355.4
10/29/1992, 12:25,33906.52,1992.827,6,0,354.58
12/11/1992, 15:52,33949.66,1992.944,6,0,358.68
12/18/1992, 09:28,33956.39,1992.963,5,0,358.76
12/30/1992, 15:43,33968.65,1992.996,6,0,358.21
1/6/1993, 11:31,33975.48,1993.015,2,0,357.92
1/8/1993, 16:33,33977.69,1993.021,3,0,359.75
1/11/1993, 11:36,33980.48,1993.029,6,0,359.76
2/9/1993, 08:58,34009.37,1993.108,6,0,359.41
2/10/1993, 10:01,34010.42,1993.111,6,0,359.98
2/16/1993, 12:26,34016.52,1993.127,6,0,359.81
2/24/1993, 09:39,34024.4,1993.149,6,0,360.03
3/3/1993, 15:42,34031.65,1993.169,6,0,360.59
3/15/1993, 11:16,34043.47,1993.201,6,0,359.13
3/24/1993, 13:08,34052.55,1993.226,6,0,359.66
3/26/1993, 14:57,34054.62,1993.232,6,0,361.26
4/12/1993, 14:25,34071.6,1993.278,6,0,360.79
4/15/1993, 15:24,34074.64,1993.287,5,0,361.55
4/22/1993, 12:43,34081.53,1993.306,6,0,361.66
5/6/1993, 18:48,34095.78,1993.345,6,0,363.1
5/11/1993, 14:48,34100.62,1993.358,6,0,361.68
5/18/1993, 13:30,34107.56,1993.377,6,0,362.35
5/20/1993, 14:36,34109.61,1993.382,6,0,361.88
5/24/1993, 12:29,34113.52,1993.393,4,0,360.91
6/1/1993, 15:48,34121.66,1993.416,6,0,361.39
6/2/1993, 14:33,34122.61,1993.418,6,0,360.88
6/21/1993, 13:04,34141.54,1993.47,6,0,359.62
6/29/1993, 15:30,34149.65,1993.492,6,0,357.52
7/1/1993, 15:13,34151.63,1993.498,6,0,357.25
7/8/1993, 16:53,34158.7,1993.517,6,0,357.18
7/12/1993, 18:50,34162.78,1993.528,6,0,354.6
7/13/1993, 17:11,34163.72,1993.531,6,0,353.43
7/15/1993, 14:29,34165.6,1993.536,6,0,352.18
7/16/1993, 16:15,34166.68,1993.539,6,5,350.8
7/26/1993, 15:25,34176.64,1993.566,6,0,354.93
8/12/1993, 19:11,34193.8,1993.613,6,0,351.71
8/13/1993, 14:30,34194.6,1993.615,6,0,352.03
8/27/1993, 18:31,34208.77,1993.654,6,0,349.67
8/31/1993, 13:46,34212.57,1993.665,5,0,350.33
9/1/1993, 11:26,34213.48,1993.667,6,0,349.5
9/13/1993, 14:51,34225.62,1993.7,6,0,352.5
10/6/1993, 11:15,34248.47,1993.763,6,0,354.01
10/12/1993, 16:08,34254.67,1993.78,6,0,355.36
10/15/1993, 16:31,34257.69,1993.788,6,0,354.08
10/18/1993, 13:55,34260.58,1993.796,3,0,357.92
11/11/1993, 09:38,34284.4,1993.861,6,0,356.26
11/12/1993, 14:20,34285.6,1993.865,6,0,357.45
11/30/1993, 10:10,34303.42,1993.913,6,0,357.98
12/15/1993, 09:10,34318.38,1993.954,6,0,359.93
1/24/1994, 15:40,34358.65,1994.065,6,0,360.03
1/25/1994, 09:29,34359.4,1994.067,6,0,361.2
2/5/1994, 14:48,34370.62,1994.098,5,0,362.65
2/8/1994, 09:35,34373.4,1994.105,6,0,360.76
2/17/1994, 18:20,34382.76,1994.131,6,0,360.88
3/11/1994, 09:32,34404.4,1994.19,6,0,360.94
3/22/1994, 10:02,34415.42,1994.22,6,0,362.66
3/23/1994, 11:46,34416.49,1994.223,4,0,362.77
3/30/1994, 12:22,34423.52,1994.243,6,0,362.24
4/4/1994, 16:29,34428.69,1994.257,6,0,362.71
4/7/1994, 14:48,34431.62,1994.265,6,0,361.95
4/18/1994, 12:52,34442.54,1994.295,6,0,362.53
4/25/1994, 13:51,34449.58,1994.314,3,0,364.73
4/26/1994, 10:23,34450.43,1994.316,6,0,363.94
4/29/1994, 16:23,34453.68,1994.325,6,0,362.02
5/6/1994, 14:37,34460.61,1994.344,6,0,363.97
5/17/1994, 10:00,34471.42,1994.374,6,0,363.79
5/18/1994, 17:51,34472.74,1994.377,6,0,364.71
5/19/1994, 13:28,34473.56,1994.38,6,0,361.92
5/31/1994, 13:47,34485.57,1994.413,6,0,363.11
6/7/1994, 14:18,34492.6,1994.432,6,0,363.08
6/13/1994, 15:40,34498.65,1994.448,6,0,362.02
6/15/1994, 14:01,34500.58,1994.454,5,0,362.07
6/22/1994, 16:53,34507.7,1994.473,6,0,359.73
7/6/1994, 18:37,34521.78,1994.512,6,0,358.05
7/11/1994, 00:00,34526,1994.523,2,0,358.63
7/13/1994, 14:27,34528.6,1994.53,3,0,356.43
7/19/1994, 14:47,34534.62,1994.547,6,0,356.72
8/2/1994, 14:33,34548.61,1994.585,4,0,354.4
8/24/1994, 16:14,34570.68,1994.646,5,0,352.63
8/25/1994, 14:50,34571.62,1994.648,5,0,351.82
8/30/1994, 18:07,34576.75,1994.662,5,0,352.99
9/7/1994, 14:53,34584.62,1994.684,4,0,352.72
9/12/1994, 16:21,34589.68,1994.698,6,0,351.83
10/12/1994, 16:36,34619.69,1994.78,6,0,357.07
10/13/1994, 09:38,34620.4,1994.782,12,0,357.16
10/25/1994, 17:32,34632.73,1994.816,6,0,357.38
11/2/1994, 10:55,34640.45,1994.837,6,0,358.39
11/8/1994, 15:38,34646.65,1994.854,5,0,358.84
11/18/1994, 09:41,34656.4,1994.881,5,0,360.65
12/6/1994, 13:44,34674.57,1994.93,6,0,362.95
12/7/1994, 09:14,34675.38,1994.933,5,0,361.53
12/13/1994, 13:52,34681.58,1994.95,6,0,362.51
1/3/1995, 15:41,34702.65,1995.007,6,0,361.47
1/5/1995, 14:25,34704.6,1995.013,6,0,362.02
1/26/1995, 09:25,34725.39,1995.07,6,0,362.75
2/8/1995, 14:33,34738.61,1995.106,5,0,362.79
2/15/1995, 15:54,34745.66,1995.125,6,0,362.53
3/1/1995, 16:39,34759.69,1995.164,6,0,362.14
3/13/1995, 17:17,34771.72,1995.196,6,0,363.59
3/21/1995, 16:51,34779.7,1995.218,6,0,364.21
3/23/1995, 13:01,34781.54,1995.223,5,0,364.24
4/7/1995, 16:04,34796.67,1995.265,5,0,363.6
4/16/1995, 13:45,34805.57,1995.289,5,0,365.52
4/20/1995, 12:15,34809.51,1995.3,6,0,365.42
4/27/1995, 16:49,34816.7,1995.32,6,0,364.49
5/2/1995, 15:53,34821.66,1995.333,6,0,364.61
5/15/1995, 14:16,34834.59,1995.369,6,0,365.56
5/23/1995, 10:37,34842.44,1995.39,6,0,363.22
5/25/1995, 15:27,34844.64,1995.396,6,0,363.33
6/8/1995, 15:08,34858.63,1995.435,6,0,363.99
6/13/1995, 15:20,34863.64,1995.448,5,0,364.46
6/15/1995, 15:28,34865.64,1995.454,3,0,363.69
6/30/1995, 17:51,34880.74,1995.495,6,0,361.45
7/3/1995, 13:26,34883.56,1995.503,5,0,360.79
7/11/1995, 16:15,34891.68,1995.525,6,0,359.63
7/19/1995, 17:12,34899.72,1995.547,6,0,358.26
8/15/1995, 14:02,34926.58,1995.621,6,0,354.68
8/21/1995, 17:28,34932.73,1995.638,6,0,353.1
8/22/1995, 16:31,34933.69,1995.64,6,0,353.87
9/26/1995, 15:11,34968.63,1995.736,6,0,357.76
9/27/1995, 16:38,34969.69,1995.739,5,0,357.85
10/5/1995, 16:18,34977.68,1995.761,6,0,358.56
10/13/1995, 13:31,34985.56,1995.782,0,4,374.89
10/16/1995, 16:31,34988.69,1995.791,6,0,358.38
10/30/1995, 12:10,35002.51,1995.829,6,0,361.1
11/10/1995, 15:02,35013.63,1995.859,6,0,360.49
1/17/1996, 07:49,35081.33,1996.045,7,0,364.54
1/18/1996, 16:59,35082.71,1996.048,4,0,364.88
1/22/1996, 09:36,35086.4,1996.058,6,0,364.56
2/1/1996, 13:11,35096.55,1996.086,6,0,363.37
2/2/1996, 14:53,35097.62,1996.089,6,0,365.31
2/22/1996, 13:58,35117.58,1996.144,6,0,365.91
2/26/1996, 12:40,35121.53,1996.154,6,0,366.04
3/5/1996, 12:30,35129.52,1996.176,12,0,365.59
3/11/1996, 16:40,35135.69,1996.193,6,0,365.16
3/22/1996, 14:02,35146.58,1996.223,6,0,366.53
4/1/1996, 16:28,35156.69,1996.251,6,0,366.1
4/16/1996, 18:10,35171.76,1996.292,6,0,366.48
5/3/1996, 15:34,35188.65,1996.338,12,0,367.6
5/7/1996, 16:24,35192.68,1996.349,6,0,364.91
5/9/1996, 12:11,35194.51,1996.354,6,0,367.26
5/22/1996, 08:10,35207.34,1996.389,6,0,367.51
5/30/1996, 14:16,35215.59,1996.411,0,4,367.27
6/6/1996, 15:27,35222.64,1996.431,6,0,366.43
6/12/1996, 14:37,35228.61,1996.447,6,0,365.83
6/24/1996, 14:14,35240.59,1996.48,6,0,363.56
6/26/1996, 13:09,35242.55,1996.485,6,0,363.05
7/8/1996, 16:55,35254.7,1996.518,6,0,360.58
8/5/1996, 17:46,35282.74,1996.595,6,0,358.46
8/21/1996, 15:46,35298.66,1996.638,6,0,356.79
9/4/1996, 16:19,35312.68,1996.677,6,0,356.25
9/5/1996, 13:25,35313.56,1996.679,4,0,356.44
9/12/1996, 14:15,35320.59,1996.698,6,0,357.09
9/13/1996, 14:02,35321.58,1996.701,6,0,355.81
9/26/1996, 18:16,35334.76,1996.737,6,0,359.54
10/19/1996, 14:20,35357.6,1996.799,11,0,360.81
10/25/1996, 18:04,35363.75,1996.816,6,0,361.37
10/31/1996, 16:57,35369.71,1996.833,5,0,361.6
11/15/1996, 15:03,35384.63,1996.873,6,0,363.6
11/22/1996, 10:34,35391.44,1996.892,6,0,362.72
11/27/1996, 14:04,35396.59,1996.906,6,0,364.09
1/3/1997, 14:12,35433.59,1997.007,9,0,364.45
1/7/1997, 16:15,35437.68,1997.018,5,0,365.92
1/13/1997, 15:14,35443.63,1997.035,6,0,365.95
1/21/1997, 16:26,35451.68,1997.057,5,0,365.42
2/17/1997, 16:30,35478.69,1997.131,6,0,365.88
2/27/1997, 14:48,35488.62,1997.158,6,0,367.13
3/12/1997, 15:00,35501.62,1997.193,6,5,366.98
3/27/1997, 11:29,35516.48,1997.234,6,0,366.67
3/31/1997, 15:52,35520.66,1997.246,21,0,367.8
4/4/1997, 16:41,35524.7,1997.257,5,0,367.3
4/9/1997, 17:39,35529.74,1997.271,10,0,368.8
4/11/1997, 13:47,35531.57,1997.276,11,0,367.81
4/22/1997, 16:26,35542.68,1997.306,6,0,367.81
4/29/1997, 15:32,35549.65,1997.325,6,0,368.09
5/19/1997, 14:14,35569.59,1997.38,6,0,367.79
5/22/1997, 13:47,35572.57,1997.388,6,0,368.51
5/30/1997, 13:42,35580.57,1997.41,6,0,368.1
6/2/1997, 14:25,35583.6,1997.418,5,0,366.97
6/4/1997, 13:44,35585.57,1997.423,6,0,367.17
6/10/1997, 17:24,35591.72,1997.44,6,0,366.26
6/17/1997, 16:36,35598.69,1997.459,6,0,365.44
6/23/1997, 15:19,35604.64,1997.476,6,0,364.68
6/30/1997, 17:38,35611.73,1997.495,6,0,363.74
7/2/1997, 18:10,35613.76,1997.501,6,0,362.14
7/8/1997, 11:53,35619.5,1997.516,6,0,362.48
7/16/1997, 16:32,35627.69,1997.539,6,0,360.69
7/18/1997, 16:10,35629.67,1997.544,6,0,359.32
7/26/1997, 14:46,35637.62,1997.566,5,0,360.9
8/10/1997, 16:14,35652.68,1997.607,6,0,357.23
8/11/1997, 14:12,35653.59,1997.61,6,0,357.19
8/28/1997, 14:32,35670.61,1997.656,6,0,356.59
9/7/1997, 17:50,35680.74,1997.684,5,0,358.65
9/9/1997, 16:12,35682.68,1997.69,6,0,358.2
9/19/1997, 15:49,35692.66,1997.717,23,0,358.34
10/7/1997, 12:26,35710.52,1997.766,2,0,360.38
10/10/1997, 13:17,35713.55,1997.774,6,0,360.19
10/16/1997, 11:20,35719.47,1997.79,0,4,387.66
10/23/1997, 15:26,35726.64,1997.81,6,5,362.58
11/11/1997, 13:26,35745.56,1997.862,6,0,364.19
11/14/1997, 08:18,35748.35,1997.869,6,0,364.33
12/7/1997, 14:41,35771.61,1997.933,6,0,365.42
12/8/1997, 15:31,35772.65,1997.936,6,0,366.63
1/10/1998, 11:43,35805.49,1998.026,6,0,365.99
1/13/1998, 15:22,35808.64,1998.035,6,0,367.52
1/29/1998, 14:14,35824.59,1998.078,6,0,367.24
2/4/1998, 13:43,35830.57,1998.095,6,5,367.96
2/11/1998, 17:16,35837.72,1998.114,2,0,368.91
2/13/1998, 15:36,35839.65,1998.12,6,0,367.29
2/17/1998, 17:17,35843.72,1998.131,6,0,368.33
3/26/1998, 10:06,35880.42,1998.231,12,0,368.38
4/3/1998, 14:13,35888.59,1998.254,12,0,369.79
4/6/1998, 09:39,35891.4,1998.261,6,0,370.07
4/14/1998, 16:52,35899.7,1998.284,6,0,371.21
4/23/1998, 14:43,35908.61,1998.309,6,0,370.04
5/6/1998, 13:02,35921.54,1998.344,6,0,369.91
5/8/1998, 13:56,35923.58,1998.35,6,0,369.29
5/13/1998, 14:50,35928.62,1998.363,6,0,371.23
5/22/1998, 13:26,35937.56,1998.388,6,0,370.58
6/2/1998, 14:16,35948.59,1998.418,6,0,369.81
6/4/1998, 11:13,35950.47,1998.423,6,0,367.9
6/9/1998, 16:26,35955.68,1998.437,5,0,366.14
6/12/1998, 18:03,35958.75,1998.446,6,0,368.39
6/29/1998, 14:51,35975.62,1998.492,6,0,364.02
7/9/1998, 15:23,35985.64,1998.52,6,0,365.54
7/24/1998, 14:37,36000.61,1998.561,3,0,365.2
7/27/1998, 14:16,36003.59,1998.569,6,0,362.08
7/29/1998, 14:55,36005.62,1998.574,6,0,363.43
8/25/1998, 12:35,36032.52,1998.648,6,0,360.37
9/11/1998, 16:15,36049.68,1998.695,6,0,362.73
9/21/1998, 11:59,36059.5,1998.722,5,0,361.87
9/23/1998, 10:22,36061.43,1998.727,6,0,362.15
10/8/1998, 16:20,36076.68,1998.769,6,0,364.53
10/16/1998, 14:52,36084.62,1998.791,11,0,366.98
10/29/1998, 15:36,36097.65,1998.826,6,0,366.91
12/2/1998, 14:23,36131.6,1998.919,5,0,369.93
12/4/1998, 09:11,36133.38,1998.924,6,0,369.48
12/14/1998, 11:55,36143.5,1998.952,6,0,370.09
1/21/1999, 08:40,36181.36,1999.056,4,0,368.97
1/26/1999, 14:51,36186.62,1999.07,6,0,370.21
2/5/1999, 15:39,36196.65,1999.098,5,0,372.36
2/8/1999, 15:50,36199.66,1999.106,6,0,371.34
2/25/1999, 15:54,36216.66,1999.152,3,0,370.72
3/3/1999, 17:12,36222.72,1999.169,4,0,370.99
3/8/1999, 13:54,36227.58,1999.182,6,0,372.35
3/10/1999, 14:15,36229.59,1999.188,5,0,371.98
3/19/1999, 14:57,36238.62,1999.213,6,0,371.25
3/31/1999, 14:47,36250.62,1999.246,6,0,372.59
4/7/1999, 14:51,36257.62,1999.265,6,0,373.52
4/12/1999, 13:11,36262.55,1999.278,6,0,372.9
4/20/1999, 15:47,36270.66,1999.3,5,0,373.71
4/28/1999, 14:43,36278.61,1999.322,6,0,374.59
4/29/1999, 13:44,36279.57,1999.325,2,0,372.58
5/10/1999, 16:14,36290.68,1999.355,6,0,374.67
5/19/1999, 13:27,36299.56,1999.38,6,0,373.13
6/2/1999, 11:21,36313.47,1999.418,6,0,371.72
6/4/1999, 13:31,36315.56,1999.423,6,0,370.48
6/16/1999, 14:54,36327.62,1999.456,6,0,372.07
6/22/1999, 15:53,36333.66,1999.473,6,0,369.49
7/7/1999, 13:41,36348.57,1999.514,6,0,365.3
7/16/1999, 13:58,36357.58,1999.539,6,0,366.4
7/21/1999, 13:59,36362.58,1999.552,6,0,363.01
7/28/1999, 13:31,36369.56,1999.571,6,0,362.96
8/10/1999, 16:17,36382.68,1999.607,6,0,364.68
8/13/1999, 16:01,36385.67,1999.616,5,0,362.84
9/3/1999, 14:59,36406.62,1999.673,5,0,359.45
9/8/1999, 16:21,36411.68,1999.687,6,0,361.55
10/6/1999, 12:38,36439.53,1999.763,19,0,364.67
10/15/1999, 15:56,36448.66,1999.788,6,0,366.34
11/16/1999, 13:42,36480.57,1999.876,6,0,367.85
11/17/1999, 13:29,36481.56,1999.878,6,0,369.03
12/10/1999, 10:51,36504.45,1999.941,6,0,370.54
12/31/1999, 16:28,36525.69,1999.999,6,0,369.8
1/21/2000, 10:24,36546.43,2000.056,6,0,370.28
2/9/2000, 13:38,36565.57,2000.108,6,0,372.6
2/11/2000, 14:58,36567.62,2000.114,6,0,372.05
2/16/2000, 17:14,36572.72,2000.128,4,0,371.89
2/22/2000, 13:54,36578.58,2000.144,5,0,372.56
2/28/2000, 10:23,36584.43,2000.16,6,0,372.97
3/20/2000, 13:45,36605.57,2000.217,6,0,374.38
3/28/2000, 12:48,36613.53,2000.239,5,0,372.9
4/10/2000, 13:22,36626.56,2000.275,6,0,372.89
4/14/2000, 14:58,36630.62,2000.286,6,0,373.79
4/28/2000, 13:58,36644.58,2000.324,6,0,375.19
5/3/2000, 13:09,36649.55,2000.338,6,0,375.29
5/8/2000, 12:23,36654.52,2000.351,6,0,373.71
5/25/2000, 13:00,36671.54,2000.398,6,0,373.22
5/26/2000, 14:01,36672.58,2000.401,6,0,374.37
6/5/2000, 13:37,36682.57,2000.428,6,0,372.08
6/8/2000, 12:50,36685.53,2000.436,5,0,372.91
6/16/2000, 14:37,36693.61,2000.458,6,0,371.9
6/23/2000, 15:34,36700.65,2000.477,6,0,369.54
7/2/2000, 16:28,36709.69,2000.502,6,0,369.13
7/5/2000, 13:30,36712.56,2000.51,6,0,367.32
7/14/2000, 13:27,36721.56,2000.534,6,0,365.91
8/7/2000, 16:15,36745.68,2000.6,6,0,363.94
8/14/2000, 14:47,36752.62,2000.619,5,0,362.61
8/18/2000, 15:47,36756.66,2000.63,6,0,360.34
8/21/2000, 18:43,36759.78,2000.639,6,0,362.46
8/30/2000, 14:30,36768.6,2000.663,6,0,362.55
9/5/2000, 15:27,36774.64,2000.679,6,5,362.31
9/18/2000, 13:21,36787.56,2000.715,0,4,372.17
10/4/2000, 14:13,36803.59,2000.758,6,0,367.49
10/10/2000, 10:13,36809.43,2000.774,6,0,367.34
10/26/2000, 16:00,36825.67,2000.819,6,0,368.74
11/9/2000, 13:16,36839.55,2000.857,6,0,370.23
12/7/2000, 16:05,36867.67,2000.934,6,5,370.92
12/12/2000, 11:56,36872.5,2000.947,6,0,371.41
1/8/2001, 17:46,36899.74,2001.021,6,0,372.1
2/7/2001, 08:25,36929.35,2001.102,6,0,373.84
2/22/2001, 14:48,36944.62,2001.144,5,0,373.19
2/27/2001, 15:22,36949.64,2001.158,6,0,374.67
3/7/2001, 14:05,36957.59,2001.18,6,0,375.11
3/23/2001, 14:28,36973.6,2001.224,6,0,373.77
3/26/2001, 10:47,36976.45,2001.231,6,0,374.41
4/2/2001, 15:03,36983.63,2001.251,6,0,375.87
4/6/2001, 15:51,36987.66,2001.262,6,0,374.98
5/4/2001, 14:20,37015.6,2001.339,6,0,376.7
5/17/2001, 16:45,37028.7,2001.375,6,0,375.99
5/25/2001, 16:50,37036.7,2001.396,6,0,376.3
5/29/2001, 14:38,37040.61,2001.407,10,0,376.12
6/4/2001, 14:12,37046.59,2001.424,6,0,375.73
6/11/2001, 15:18,37053.64,2001.443,6,0,374.47
6/13/2001, 15:53,37055.66,2001.448,6,0,373.27
6/19/2001, 13:47,37061.57,2001.465,6,0,372.42
6/27/2001, 14:55,37069.62,2001.487,6,0,370.67
7/13/2001, 16:16,37085.68,2001.531,6,0,367.94
7/16/2001, 16:05,37088.67,2001.539,6,0,366.73
7/24/2001, 13:05,37096.55,2001.56,6,0,364.55
8/10/2001, 14:31,37113.6,2001.607,6,0,365.22
9/6/2001, 14:47,37140.62,2001.681,3,0,363.82
9/7/2001, 13:19,37141.55,2001.684,4,0,363.21
10/12/2001, 13:47,37176.57,2001.78,0,4,375.05
10/31/2001, 16:19,37195.68,2001.832,6,0,370.02
11/30/2001, 15:17,37225.64,2001.914,6,0,373.59
12/9/2001, 15:55,37234.66,2001.939,6,0,372.87
12/14/2001, 16:21,37239.68,2001.953,6,0,373.95
12/20/2001, 17:30,37245.73,2001.969,6,0,373.02
1/9/2002, 14:12,37265.59,2002.024,5,0,374.34
1/22/2002, 09:56,37278.41,2002.059,6,0,375.65
1/28/2002, 15:46,37284.66,2002.076,6,0,375.41
2/17/2002, 17:24,37304.72,2002.131,6,0,375.21
3/6/2002, 15:03,37321.63,2002.177,6,0,376.05
3/15/2002, 18:09,37330.76,2002.202,3,0,377.11
3/22/2002, 17:13,37337.72,2002.221,6,0,376.98
3/27/2002, 14:08,37342.59,2002.234,4,0,376.77
4/4/2002, 14:24,37350.6,2002.256,3,0,375.64
4/8/2002, 15:39,37354.65,2002.268,6,0,375.29
4/25/2002, 13:39,37371.57,2002.314,6,0,376.87
4/29/2002, 16:21,37375.68,2002.325,6,0,377.14
5/1/2002, 15:49,37377.66,2002.331,6,0,376.53
5/13/2002, 14:40,37389.61,2002.363,6,0,377.25
5/16/2002, 14:46,37392.62,2002.372,5,0,378.13
6/3/2002, 14:21,37410.6,2002.421,5,0,374.94
6/10/2002, 15:43,37417.65,2002.44,6,0,375.99
6/21/2002, 13:09,37428.55,2002.47,6,0,373.09
6/26/2002, 14:41,37433.61,2002.484,6,0,372.28
7/12/2002, 17:46,37449.74,2002.528,6,0,371.13
7/16/2002, 15:09,37453.63,2002.539,6,0,370.91
7/24/2002, 14:00,37461.58,2002.561,6,0,368.98
7/30/2002, 16:43,37467.7,2002.577,7,0,368.43
8/6/2002, 15:58,37474.67,2002.596,6,0,364.89
9/9/2002, 14:35,37508.61,2002.689,6,0,367.55
9/30/2002, 14:52,37529.62,2002.747,5,0,369.76
10/11/2002, 14:33,37540.61,2002.777,6,0,371.31
10/16/2002, 11:48,37545.49,2002.79,6,0,371.41
10/29/2002, 16:00,37558.67,2002.826,6,0,372.38
11/9/2002, 12:28,37569.52,2002.856,3,0,372.65
12/17/2002, 09:18,37607.39,2002.96,6,0,375.99
12/29/2002, 14:37,37619.61,2002.993,6,0,376.84
2/7/2003, 14:18,37659.6,2003.103,4,0,378.07
2/14/2003, 12:15,37666.51,2003.122,6,0,378.03
2/25/2003, 16:16,37677.68,2003.153,6,0,377.98
3/4/2003, 13:41,37684.57,2003.171,6,0,377.14
3/18/2003, 15:18,37698.64,2003.21,6,0,379.18
4/1/2003, 14:57,37712.62,2003.248,5,0,378.83
4/10/2003, 14:39,37721.61,2003.273,6,0,379.49
4/17/2003, 15:52,37728.66,2003.292,6,0,380.6
4/24/2003, 14:53,37735.62,2003.311,6,0,380.88
5/1/2003, 14:00,37742.58,2003.33,5,0,380.93
5/14/2003, 13:46,37755.57,2003.366,6,0,379.17
6/4/2003, 14:02,37776.58,2003.424,6,0,380.03
6/12/2003, 14:22,37784.6,2003.445,6,0,378.77
6/24/2003, 12:20,37796.51,2003.478,6,0,376.67
7/9/2003, 14:05,37811.59,2003.519,6,0,373.5
7/28/2003, 16:38,37830.69,2003.572,6,0,371.84
8/8/2003, 15:51,37841.66,2003.602,6,0,369.42
8/26/2003, 15:32,37859.65,2003.651,6,0,369.08
8/29/2003, 14:21,37862.6,2003.659,6,0,367.46
9/9/2003, 15:55,37873.66,2003.689,6,0,367.95
9/17/2003, 13:47,37881.57,2003.711,5,0,369.75
10/14/2003, 11:46,37908.49,2003.785,0,4,383.83
10/30/2003, 16:20,37924.68,2003.829,6,0,375.99
10/31/2003, 10:26,37925.43,2003.831,6,0,375.35
11/16/2003, 10:06,37941.42,2003.875,6,0,377.45
12/10/2003, 15:47,37965.66,2003.942,6,0,379.3
12/11/2003, 09:24,37966.39,2003.944,6,0,377.89
12/26/2003, 11:04,37981.46,2003.985,6,0,379.21
1/25/2004, 12:00,38011.5,2004.067,4,0,382.94
1/31/2004, 11:02,38017.46,2004.083,5,0,380.44
2/2/2004, 17:27,38019.73,2004.089,6,0,379.85
2/18/2004, 17:34,38035.73,2004.133,6,0,380.35
2/26/2004, 13:04,38043.54,2004.154,6,0,380.52
3/24/2004, 14:34,38070.61,2004.228,6,0,381.56
3/26/2004, 09:43,38072.4,2004.233,5,0,380.97
4/5/2004, 13:49,38082.58,2004.261,6,0,381.5
4/13/2004, 16:25,38090.68,2004.283,6,0,381.54
4/15/2004, 14:44,38092.61,2004.289,6,0,381.8
4/20/2004, 12:56,38097.54,2004.302,5,0,382.02
5/5/2004, 15:29,38112.65,2004.343,6,0,382.29
5/11/2004, 16:34,38118.69,2004.36,6,0,382.97
5/21/2004, 14:16,38128.59,2004.387,5,0,381.62
5/26/2004, 10:42,38133.45,2004.4,6,0,379.87
6/2/2004, 15:30,38140.65,2004.42,5,0,381.52
6/9/2004, 15:44,38147.66,2004.439,6,0,380.44
6/17/2004, 14:32,38155.61,2004.461,6,0,378.49
6/30/2004, 12:39,38168.53,2004.496,5,0,377.62
7/27/2004, 12:03,38195.5,2004.57,6,0,374.98
7/28/2004, 14:20,38196.6,2004.573,6,0,373.33
8/2/2004, 14:16,38201.59,2004.586,4,0,370.4
8/26/2004, 14:54,38225.62,2004.652,6,0,369.73
9/14/2004, 17:52,38244.74,2004.704,6,0,370.29
10/10/2004, 13:45,38270.57,2004.775,6,0,375.3
10/26/2004, 13:58,38286.58,2004.819,6,0,376.5
12/21/2004, 13:12,38342.55,2004.971,6,5,380.36
12/29/2004, 13:49,38350.58,2004.993,0,4,384.56
12/30/2004, 16:24,38351.68,2004.996,6,0,380.85
1/11/2005, 12:00,38363.5,2005.029,0,4,382.31
1/26/2005, 15:30,38378.65,2005.07,12,5,380.05
1/27/2005, 14:05,38379.59,2005.073,6,0,380.77
2/7/2005, 15:03,38390.63,2005.103,5,0,382.09
3/4/2005, 11:10,38415.47,2005.171,6,0,381.75
3/23/2005, 11:56,38434.5,2005.223,12,0,383.41
4/7/2005, 15:35,38449.65,2005.265,6,0,383.95
4/19/2005, 15:15,38461.64,2005.298,6,0,384.29
4/25/2005, 17:06,38467.71,2005.314,6,0,382.23
5/3/2005, 13:33,38475.56,2005.336,6,0,384.02
5/9/2005, 14:49,38481.62,2005.352,6,0,383.84
6/7/2005, 13:13,38510.55,2005.432,6,0,383
6/18/2005, 14:30,38521.6,2005.462,6,0,382.18
7/5/2005, 15:34,38538.65,2005.509,6,0,378.64
7/15/2005, 15:57,38548.66,2005.536,6,0,376.49
7/28/2005, 13:43,38561.57,2005.571,6,0,374.95
8/5/2005, 13:52,38569.58,2005.593,6,0,372.97
8/30/2005, 12:40,38594.53,2005.662,4,0,372.01
9/7/2005, 16:32,38602.69,2005.684,6,0,373.02
10/3/2005, 14:40,38628.61,2005.755,3,0,376.56
10/18/2005, 12:00,38643.5,2005.796,0,4,382.01
10/27/2005, 17:29,38652.73,2005.821,6,0,378.91
11/3/2005, 12:56,38659.54,2005.84,6,0,378.48
12/22/2005, 11:49,38708.49,2005.974,6,0,382.8
1/24/2006, 13:35,38741.57,2006.065,0,4,385.03
1/25/2006, 14:43,38742.61,2006.067,6,0,384.43
1/31/2006, 14:23,38748.6,2006.084,6,0,384.64
2/15/2006, 16:49,38763.7,2006.125,6,0,385.3
3/3/2006, 12:08,38779.51,2006.169,5,0,385.55
3/7/2006, 11:09,38783.46,2006.179,6,0,385.78
3/15/2006, 15:46,38791.66,2006.202,0,4,387.07
3/17/2006, 16:31,38793.69,2006.207,6,0,386.1
3/29/2006, 13:12,38805.55,2006.24,6,0,385.79
4/6/2006, 14:40,38813.61,2006.262,6,0,385.77
4/21/2006, 16:35,38828.69,2006.303,5,0,386.41
4/26/2006, 10:45,38833.45,2006.316,0,4,386.43
5/4/2006, 13:55,38841.58,2006.339,6,0,386.05
5/22/2006, 14:21,38859.6,2006.388,6,0,387.1
6/1/2006, 15:26,38869.64,2006.415,6,0,385.77
6/9/2006, 12:31,38877.52,2006.437,6,0,385.69
6/12/2006, 15:46,38880.66,2006.446,6,0,383.75
7/13/2006, 13:20,38911.56,2006.53,5,0,382.06
7/17/2006, 16:51,38915.7,2006.542,5,0,381.26
7/31/2006, 16:02,38929.67,2006.58,0,4,382
8/1/2006, 11:15,38930.47,2006.582,0,4,379.07
8/3/2006, 15:15,38932.64,2006.588,6,0,377.03
8/24/2006, 11:00,38953.46,2006.645,0,4,377.87
9/13/2006, 15:00,38973.62,2006.7,6,0,376.65
10/6/2006, 15:28,38996.64,2006.763,6,0,378.45
10/10/2006, 14:30,39000.6,2006.774,0,4,382.93
10/17/2006, 14:52,39007.62,2006.793,6,0,380.19
11/9/2006, 14:16,39030.59,2006.856,6,0,383.2
11/27/2006, 15:52,39048.66,2006.906,6,0,383.27
1/11/2007, 15:57,39093.66,2007.029,6,0,386.06
2/12/2007, 14:02,39125.58,2007.117,6,0,386.41
2/13/2007, 16:32,39126.69,2007.12,6,0,386.83
2/23/2007, 13:35,39136.57,2007.147,6,0,386.98
2/28/2007, 13:14,39141.55,2007.16,6,0,387.08
3/27/2007, 13:04,39168.54,2007.234,6,0,387.85
4/9/2007, 10:15,39181.43,2007.27,4,0,388.63
4/12/2007, 13:17,39184.55,2007.278,6,0,389.19
5/2/2007, 13:56,39204.58,2007.333,6,0,389.04
5/4/2007, 15:44,39206.66,2007.339,6,0,388.27
5/15/2007, 16:30,39217.69,2007.369,5,5,385.57
5/21/2007, 16:00,39223.67,2007.385,2,0,388.48
6/7/2007, 15:49,39240.66,2007.432,6,0,388.06
6/15/2007, 15:37,39248.65,2007.454,5,0,386.22
6/18/2007, 16:30,39251.69,2007.462,6,0,384.44
6/28/2007, 15:55,39261.66,2007.489,6,0,383.96
7/17/2007, 16:35,39280.69,2007.542,6,0,380.83
8/7/2007, 15:32,39301.65,2007.599,6,0,377.49
8/29/2007, 11:12,39323.47,2007.659,5,0,379.33
9/6/2007, 16:27,39331.69,2007.681,6,0,377.51
9/18/2007, 15:35,39343.65,2007.714,4,0,380.12
9/20/2007, 14:47,39345.62,2007.719,6,0,378.04
10/12/2007, 14:23,39367.6,2007.78,5,0,381.6
12/7/2007, 15:13,39423.63,2007.933,6,0,385.72
1/22/2008, 16:55,39469.7,2008.059,5,0,388.43
2/19/2008, 15:39,39497.65,2008.136,6,0,388.31
4/2/2008, 16:25,39540.68,2008.253,5,0,389.93
5/6/2008, 14:56,39574.62,2008.346,6,0,390.54
5/7/2008, 16:05,39575.67,2008.349,6,0,390.14
5/27/2008, 15:43,39595.65,2008.403,6,0,389.58
5/28/2008, 15:39,39596.65,2008.406,4,0,389.37
6/11/2008, 15:46,39610.66,2008.444,6,0,389.27
7/11/2008, 15:49,39640.66,2008.526,6,0,382.71
7/28/2008, 16:16,39657.68,2008.573,6,0,379.7
8/7/2008, 15:50,39667.66,2008.6,3,0,376.68
8/20/2008, 15:12,39680.63,2008.636,6,0,380.58
8/21/2008, 15:23,39681.64,2008.638,4,0,380.77
10/11/2008, 17:33,39732.73,2008.778,6,0,382.73
11/4/2008, 14:38,39756.61,2008.843,6,0,386.05
12/8/2008, 15:34,39790.65,2008.936,6,0,389.32
12/19/2008, 17:08,39801.71,2008.966,6,0,390.14
12/22/2008, 15:03,39804.63,2008.974,5,0,387.56
1/26/2009, 11:48,39839.49,2009.07,6,0,388.9
2/9/2009, 17:29,39853.73,2009.109,6,0,390.78
2/25/2009, 17:06,39869.71,2009.153,5,0,390.15
3/12/2009, 16:55,39884.7,2009.194,6,0,391.56
3/26/2009, 15:52,39898.66,2009.232,6,0,390.84
4/8/2009, 12:49,39911.53,2009.267,6,0,392.09
4/24/2009, 14:16,39927.59,2009.311,6,0,391.04
5/26/2009, 16:16,39959.68,2009.399,6,0,391.5
6/4/2009, 09:18,39968.39,2009.423,10,0,391.3
6/8/2009, 16:00,39972.67,2009.435,6,0,389.77
6/17/2009, 13:44,39981.57,2009.459,6,0,387.57
8/18/2009, 16:50,40043.7,2009.629,6,0,379.73
8/19/2009, 18:28,40044.77,2009.632,9,0,380
8/20/2009, 12:53,40045.54,2009.634,2,0,379.85
8/21/2009, 12:43,40046.53,2009.637,4,5,381.1
8/22/2009, 12:33,40047.52,2009.64,3,5,380.91
8/23/2009, 09:08,40048.38,2009.642,5,5,383.61
9/15/2009, 16:21,40071.68,2009.706,6,5,379.15
10/5/2009, 15:18,40091.64,2009.761,6,0,382.5
10/13/2009, 12:54,40099.54,2009.782,12,0,383.27
11/6/2009, 16:30,40123.69,2009.848,6,0,385.57
12/2/2009, 16:34,40149.69,2009.92,6,0,390.86
12/22/2009, 15:52,40169.66,2009.974,6,0,390.81
1/19/2010, 16:37,40197.69,2010.051,6,0,390.81
2/19/2010, 16:12,40228.68,2010.136,5,0,390.91
3/2/2010, 17:03,40239.71,2010.166,6,0,392.24
3/8/2010, 16:45,40245.7,2010.183,6,0,392.3
3/25/2010, 15:46,40262.66,2010.229,6,0,392.23
4/5/2010, 17:35,40273.73,2010.26,6,0,394.38
4/20/2010, 15:32,40288.65,2010.3,6,0,393.84
4/28/2010, 16:17,40296.68,2010.322,6,0,394.54
5/10/2010, 15:19,40308.64,2010.355,6,0,394.08
5/18/2010, 14:39,40316.61,2010.377,6,0,394.13
5/27/2010, 13:19,40325.55,2010.402,10,0,394.44
5/28/2010, 09:03,40326.38,2010.404,0,4,395.31
6/10/2010, 16:26,40339.68,2010.44,6,0,394.16
6/16/2010, 14:49,40345.62,2010.456,6,0,391.44
7/7/2010, 09:11,40366.38,2010.513,2,5,385.6
8/30/2010, 12:46,40420.53,2010.662,6,0,381.04
9/9/2010, 14:02,40430.58,2010.689,6,0,383.82
10/22/2010, 15:51,40473.66,2010.807,5,0,389.7
12/16/2010, 14:45,40528.61,2010.958,6,0,392.79
1/31/2011, 17:37,40574.73,2011.084,5,0,395.97
2/8/2011, 16:36,40582.69,2011.106,5,0,393.8
2/24/2011, 14:58,40598.62,2011.15,6,0,395.54
3/7/2011, 12:23,40609.52,2011.179,6,0,394.51
3/21/2011, 16:10,40623.67,2011.218,4,0,396.12
4/7/2011, 15:41,40640.65,2011.265,2,0,396.7
4/21/2011, 15:19,40654.64,2011.303,6,0,395.84
5/11/2011, 14:39,40674.61,2011.358,6,0,396.06
6/1/2011, 14:31,40695.6,2011.415,6,0,396.65
6/7/2011, 15:02,40701.63,2011.432,6,0,394.68
7/22/2011, 14:54,40746.62,2011.555,6,0,387.04
8/19/2011, 15:41,40774.65,2011.632,6,0,382.97
10/6/2011, 07:17,40822.3,2011.762,6,0,388.1
11/4/2011, 17:20,40851.72,2011.843,5,0,392.49
12/22/2011, 16:35,40899.69,2011.974,2,5,401.95
1/16/2012, 14:55,40924.62,2012.043,6,0,395.78
2/12/2012, 16:44,40951.7,2012.117,6,0,397.53
3/1/2012, 07:31,40969.31,2012.165,6,0,397.35
3/6/2012, 16:47,40974.7,2012.18,6,0,396.18
3/26/2012, 13:39,40994.57,2012.234,5,0,397.47
4/10/2012, 15:05,41009.63,2012.275,0,4,398.85
4/11/2012, 09:16,41010.39,2012.277,3,0,398.34
4/26/2012, 15:50,41025.66,2012.319,4,0,397.62
4/27/2012, 14:31,41026.6,2012.321,0,4,399.18
5/17/2012, 13:41,41046.57,2012.376,2,0,396.82
5/30/2012, 13:42,41059.57,2012.411,6,0,398.58
6/14/2012, 16:06,41074.67,2012.453,4,0,396.76
6/25/2012, 16:24,41085.68,2012.483,8,0,395.22
7/2/2012, 15:51,41092.66,2012.502,3,0,393.8
7/16/2012, 13:33,41106.56,2012.54,5,0,391.03
7/27/2012, 14:21,41117.6,2012.57,6,0,388.76
8/20/2012, 14:53,41141.62,2012.636,5,0,388.99
8/29/2012, 15:43,41150.65,2012.66,6,0,387.06
9/26/2012, 15:17,41178.64,2012.737,4,0,391.36
10/8/2012, 15:53,41190.66,2012.77,6,0,391.49
10/12/2012, 14:02,41194.58,2012.78,6,0,391.71
10/19/2012, 16:23,41201.68,2012.8,2,0,393.13
11/8/2012, 14:42,41221.61,2012.854,6,0,395.69
11/30/2012, 13:31,41243.56,2012.914,2,0,395.37
12/13/2012, 16:50,41256.7,2012.95,6,0,397.21
12/18/2012, 17:16,41261.72,2012.964,6,0,397.88
1/10/2013, 12:22,41284.52,2013.026,6,0,399.47
1/29/2013, 15:22,41303.64,2013.078,6,0,399.98
2/6/2013, 17:22,41311.72,2013.101,4,0,401.87
2/21/2013, 12:57,41326.54,2013.141,6,0,400.55
3/4/2013, 15:27,41337.64,2013.172,6,0,398.06
3/8/2013, 17:33,41341.73,2013.183,6,0,400.08
4/1/2013, 16:42,41365.7,2013.248,6,0,399.84
4/8/2013, 11:10,41372.47,2013.267,6,0,402.14
4/16/2013, 15:23,41380.64,2013.289,6,0,402.07
4/29/2013, 14:51,41393.62,2013.325,6,0,400.95
5/7/2013, 15:51,41401.66,2013.347,6,0,400.38
5/17/2013, 14:47,41411.62,2013.374,6,0,401.61
5/24/2013, 14:22,41418.6,2013.393,10,0,401.19
6/4/2013, 12:47,41429.53,2013.423,6,0,400.91
6/14/2013, 14:58,41439.62,2013.451,6,0,399.77
7/16/2013, 14:17,41471.6,2013.539,6,5,390.51
7/23/2013, 14:27,41478.6,2013.558,6,0,390.22
7/31/2013, 14:19,41486.6,2013.58,10,0,392.03
8/7/2013, 14:19,41493.6,2013.599,6,0,388.99
9/9/2013, 16:07,41526.67,2013.69,3,0,391.75
9/18/2013, 14:04,41535.59,2013.714,6,0,391.96
10/1/2013, 13:25,41548.56,2013.749,5,0,393.51
10/8/2013, 11:46,41555.49,2013.768,6,0,395.28
10/28/2013, 12:15,41575.51,2013.823,6,0,396.87
11/18/2013, 15:49,41596.66,2013.881,6,5,404.77
12/6/2013, 15:22,41614.64,2013.931,5,0,401.66
12/19/2013, 15:21,41627.64,2013.966,6,0,398.57
1/27/2014, 18:03,41666.75,2014.073,6,0,401.85
2/3/2014, 14:46,41673.62,2014.092,6,0,400.99
2/25/2014, 17:58,41695.75,2014.153,2,0,402.39
3/4/2014, 16:37,41702.69,2014.172,6,0,403.47
3/18/2014, 15:15,41716.64,2014.21,6,0,402.47
3/21/2014, 16:02,41719.67,2014.218,6,0,404.21
4/2/2014, 14:27,41731.6,2014.251,6,0,403.17
4/22/2014, 15:59,41751.67,2014.306,6,0,404.45
4/25/2014, 17:02,41754.71,2014.314,6,0,403.79
5/4/2014, 14:22,41763.6,2014.339,6,0,403.98
5/20/2014, 14:27,41779.6,2014.382,6,0,402.42
6/5/2014, 15:06,41795.63,2014.426,6,0,400.82
6/10/2014, 15:07,41800.63,2014.44,6,0,401.8
6/23/2014, 16:27,41813.69,2014.476,6,0,398.76
7/8/2014, 17:03,41828.71,2014.517,6,0,397.06
7/11/2014, 17:33,41831.73,2014.525,6,0,396.8
7/22/2014, 14:45,41842.61,2014.555,6,0,394.09
8/4/2014, 16:18,41855.68,2014.591,6,0,392.01
8/18/2014, 14:19,41869.6,2014.629,6,0,393.51
9/2/2014, 16:41,41884.7,2014.67,6,0,392.11
9/18/2014, 15:16,41900.64,2014.714,6,0,394.7
10/9/2014, 11:45,41921.49,2014.771,6,5,400.09
10/15/2014, 15:19,41927.64,2014.788,6,0,395.86
11/2/2014, 14:18,41945.6,2014.837,6,0,401.26
11/14/2014, 14:28,41957.6,2014.87,6,0,399.85
12/13/2014, 15:43,41986.65,2014.95,6,0,402.16
12/17/2014, 17:25,41990.73,2014.961,6,0,401.74
