Well_ID,Lat,Lon,Depth,Drink,Si,P,S,Ca,Fe,Ba,Na,Mg,K,Mn,As,Sr,F,Cl,SO4,Br
2,23.78885,90.652767,50,N,,,,,,,,,,,,,,,,
14,23.78795,90.651417,60,N,30605.53,1.55612,4168.52,66756.16,12.7931,178.87,33.18036,25.1,4102.56,1.64,248.93,298.24,0.2361,64.4598,11.8111,0.0413
23,23.788917,90.651083,45,N,31319.48,1.16255,38.3,60905.16,22.41756,176.02,14.11491,21.7,3372.45,1.56,112.37,251.66,0.2567,35.4774,0.1471,0.0363
83,23.78515,90.645917,60,Y,31667.94,0.45249,4643.03,53034.03,3.67139,83.08,15.00418,21.9,3177.77,1.38,44.62,212.16,,,,
84,23.7844,90.645383,60,Y,25561.12,0.09057,13771.37,57630.63,1.49835,73.23,19.72336,33.74,3958.51,1.2,17.39,215.75,,,,
93,23.7834,90.601217,130,Y,44067.09,0.08826,780.43,24009.47,0.01063,24.5,58.63951,13.89,1616.86,0,0.12,188.27,0.4,44.9569,2.1947,0.1329
101,23.782117,90.6007,55,Y,25777.85,1.12134,12384,65864.86,16.53784,199.21,49.44986,24.37,5524.53,2.01,308.88,367.39,0.2568,81.816,35.8565,0.0895
107,23.78125,90.600283,45,Y,27427.54,0.66829,9255.33,41469.41,3.23187,85.54,62.48914,16.09,3962.79,0.98,244,199.9,0.2216,63.7562,26.701,0.0606
110,23.786817,90.604633,85,Y,21671.47,0.11859,5180.32,38201.12,6.16851,141.1,30.21258,15.5,11442.86,1.13,19.37,152.77,0.1041,35.8111,15.023,0.0415
112,23.787683,90.606,45,Y,25270.46,0.57758,17330.71,49069.75,14.03652,195.24,67.73957,29.85,4598.47,2.91,111.78,181.37,0.1317,76.9407,50.6488,0.0504
116,23.787067,90.605367,175,Y,39576.23,0.00821,553.48,9367.64,0.09201,60.68,51.28317,4.59,1226.1,0.72,2.42,82.26,0.5725,30.6349,1.6495,0.1071
130,23.78305,90.626567,40,Y,27751.6,0.09024,3329.08,16408.06,3.30719,52.23,9.16163,9.65,2679.17,1.03,26.98,76.67,0.0965,21.5095,9.8701,0.0134
153,23.784817,90.627883,47,Y,19142.28,0.0197,5103.23,16388.14,3.62523,72.59,35.10729,11.1,3459.38,0.5,1.17,69.85,0.1743,42.9746,14.7733,0.0199
156,23.7845,90.6277,47,Y,26424.56,0.08829,6212.73,22269.21,8.69919,89.21,16.83181,14.97,3424.88,0.51,19.46,85.75,0.1214,41.9085,18.5546,0.0201
166,23.783833,90.625933,42,Y,25269.88,0.66572,74.32,30535.93,28.49234,122.31,24.83728,14.28,7081.29,1.25,31.69,117.91,0.1934,39.3179,0.2404,0.0379
173,23.783683,90.625667,45,Y,24281.24,0.8379,1018.98,32088.39,15.55436,95.47,20.37708,17.59,3237.5,0.49,21.74,98.34,0.1403,39.348,2.7519,0.0263
176,23.783833,90.625517,46,Y,25559.94,0.76627,318.7,41034.07,12.65439,109.73,28.28591,24.83,3774.4,1.13,40.08,136.21,0.1547,51.226,0.7878,0.0327
205,23.780667,90.624617,35,Y,,,,,,,,,,,,,,,,
214,23.780917,90.623533,47,Y,34544.07,0.10865,3907.51,31361.18,4.48503,94.34,17.81905,19.23,5426.3,0.97,30.64,122.71,0.0678,57.0175,11.8518,0.0255
217,23.78165,90.6239,160,Y,32379.64,0.19738,3669.43,39790.24,0.3412,77.77,26.29928,13.33,1850.53,0.34,0.13,331.9,0.3976,57.0935,10.4236,0.0391
233,23.782317,90.622633,46,Y,30255.56,0.16904,3917.16,30007.06,1.53041,61.67,17.23064,15.44,3472.86,2.12,74.33,137.25,0.1378,29.6586,11.3151,0.0296
237,23.782217,90.622983,45,Y,32844.97,0.1519,3358.68,24053.47,1.54132,45.82,13.60989,12.82,3152.78,1.64,73.89,115.24,0.1124,21.3962,9.5808,0.0188
275,23.785583,90.625833,80,Y,28431.37,1.19912,106.89,44274.68,12.85203,108.48,16.84887,20.02,4188.62,1.43,101.43,211.51,0.1237,44.4454,0.223,0.025
279,23.786433,90.623633,60,Y,23315.98,1.09815,40.12,48835.65,7.18171,86.33,16.97853,13.27,3688.02,1.27,299.53,209.91,0.3201,29.7529,0.15,0.0331
280,23.786167,90.623133,55,Y,29465.39,1.8428,24.98,59808.12,5.79008,72.45,15.51265,16.07,3720.2,1,235.15,234.87,0.2645,45.6488,0.1255,0.0507
283,23.78575,90.623333,55,Y,29998.53,2.22376,15.18,51183.25,7.81931,89.26,15.08948,14.1,3637.11,1.36,256.61,233.19,0.296,36.6673,0.12,0.038
287,23.785917,90.622433,70,N,25419.35,1.21004,38.81,42059.82,10.1379,115.34,21.68214,15.93,3919.93,1.4,276.18,217.12,0.226,32.4911,0.2188,0.0452
290,23.785767,90.622067,47,N,,,,,,,,,,,,,,,,
292,23.786533,90.621717,55,Y,34424.33,1.1857,169.75,45278.86,2.58905,54.84,17.94518,14.12,3151.23,1.17,164.87,191.54,0.2216,28.2241,0.4709,0.0286
295,23.78555,90.62225,55,N,,,,,,,,,,,,,,,,
330,23.78125,90.623917,40,Y,31637.6,0.10166,6413.18,21791.61,2.77735,47.8,12.40743,16.39,2600.36,1.05,30.21,63.08,0.1115,23.4611,18.7277,0.0333
333,23.781133,90.620017,45,Y,20164.21,0.17027,2432.66,20816.51,4.01436,56.35,11.5489,10.47,2535.47,0.4,4.4,72,0.1636,8.5662,7.1586,0.0181
342,23.780717,90.619167,55,Y,29262.37,0.54815,2077.3,26168.47,5.76773,67.37,13.86345,15.69,3371.1,1.52,47.73,93.78,0.1062,14.864,5.7374,0.0087
356,23.7802,90.629,45,Y,,,,,,,,,,,,,,,,
374,23.776733,90.616617,55,Y,31750.3,0.2027,8232.58,48208.86,15.68836,191.98,41.50802,22.73,14977.94,3.95,156.97,283.7,0.1181,76.79,24.2759,0.0376
389,23.7748,90.6195,45,Y,,,,,,,,,,,,,,,,
397,23.774917,90.620233,60,Y,,,,,,,,,,,,,,,,
398,23.775083,90.6203,40,Y,31960.95,0.73078,1448.76,30424.96,4.78879,37.03,9.78691,10.94,4097.68,0.5,9.15,114.42,0.1326,8.4817,3.8923,0.0231
402,23.7744,90.619767,115,Y,,,,,,,,,,,,,,,,
403,23.774083,90.619317,75,Y,36020.56,0.45845,1026.66,34270.8,2.92633,53.8,10.00657,11.41,3435.7,0.54,54.65,143.59,0.202,7.2984,2.7071,0.01
410,23.772933,90.617517,70,Y,,,,,,,,,,,,,,,,
414,23.769567,90.619483,45,N,,,,,,,,,,,,,,,,
415,23.76975,90.620033,75,N,,,,,,,,,,,,,,,,
417,23.769867,90.620017,75,N,,,,,,,,,,,,,,,,
418,23.76885,90.620117,70,N,29048.1,0.70059,42.15,71272,4.599,93.66,14.08288,20.14,4100.63,1.4,184.95,279.43,0.1947,10.8679,0.1872,0.0285
420,23.770833,90.619383,45,Y,,,,,,,,,,,,,,,,
421,23.770083,90.619133,90,Y,,,,,,,,,,,,,,,,
434,23.765,90.617367,40,Y,36656.74,0.09179,8314.27,61320.18,0.51148,94.81,19.94917,27.12,3718.6,2.94,24.97,202.89,0.1008,53.987,23.6832,0.0747
475,23.765467,90.612217,50,Y,,,,,,,,,,,,,,,,
478,23.764133,90.6125,40,Y,28708.36,0.41474,1275.25,64305.47,2.59536,105.37,13.65818,18.76,3257.49,1.73,67.88,234.75,0.1058,11.0739,3.5113,0.0217
481,23.762817,90.611417,88,N,25638.59,0.62636,10528.69,66558.52,4.75818,105.89,33.0739,21.75,3999.45,1.26,305.72,342.12,0.2477,48.8676,30.7183,0.0335
487,23.763133,90.611567,45,Y,,,,,,,,,,,,,,,,
488,23.76315,90.61215,45,Y,27488.16,0.15686,2093.84,31117.32,3.17197,54.42,14.54756,9.92,3410.1,1.89,52.51,125.53,0.1056,26.3745,5.8698,0.017
493,23.7632,90.611033,60,Y,33980.91,0.22825,1221.08,31182.31,0.48159,36.16,9.43265,8.78,2277.45,0.54,64.66,118.83,0.1447,14.1104,3.3198,0.0163
500,23.7634,90.61085,45,Y,32860.82,1.09294,3319.23,52257.01,2.67407,78.05,9.838,14.54,2968.79,1.16,86.59,187.71,0.1172,24.6886,9.112,0.0266
510,23.76275,90.610033,75,Y,21362.49,0.04069,1323.24,10460.76,0.53846,18.83,17.23049,3.77,3526.51,1.14,33.75,43.77,0.2426,9.9889,3.7039,0.0141
512,23.7619,90.610433,60,Y,27763,0.54857,2013.47,34949.79,3.93131,65.67,13.80791,9.86,4035.05,1.47,95.64,145.76,0.0762,14.2557,5.6341,0.0203
521,23.762417,90.609383,45,Y,28628.95,0.3525,1034.05,21655.63,3.61573,74.04,13.57662,14.04,6789.65,1.82,41.4,62.33,0.1621,27.1381,2.6668,0.0464
522,23.76255,90.6125,40,Y,27710.24,0.36666,4386.41,45813.27,1.63252,64.24,13.46817,12.51,2981.15,0.65,44.69,168.25,0.1311,17.4342,12.5975,0.0152
540,23.76075,90.61205,40,Y,,,,,,,,,,,,,,,,
552,23.7939,90.60995,45,Y,,,,,,,,,,,,,,,,
565,23.794917,90.609983,115,Y,,,,,,,,,,,,,,,,
575,23.796617,90.609067,60,Y,32686.31,1.65754,21.57,56817.09,11.49545,163.4,22.35604,24.41,4026.69,0.17,117.82,253.12,0.2325,46.3899,0.1311,0.0773
577,23.796683,90.61075,85,Y,42002.1,0.06258,274.6,47521.02,0.31652,102.5,56.65002,27.25,2637.09,0.36,0.15,376.59,0.4015,49.1618,0.5253,0.0508
584,23.795583,90.6106,95,Y,,,,,,,,,,,,,,,,
591,23.794133,90.611767,120,Y,,,,,,,,,,,,,,,,
646,23.7888,90.598833,120,Y,,,,,,,,,,,,,,,,
662,23.7878,90.597083,120,Y,,,,,,,,,,,,,,,,
687,23.7892,90.600417,120,Y,,,,,,,,,,,,,,,,
701,23.789583,90.601217,120,Y,,,,,,,,,,,,,,,,
70100,23.789583,90.601217,120,Y,,,,,,,,,,,,,,,,
710,23.78965,90.6015,120,Y,45199.04,0.19151,593.83,12895.64,0.05879,18.91,38.64052,4.22,1185.19,0,0.18,119.91,0.3031,20.1713,1.6204,0.1072
719,23.7894,90.601983,105,Y,,,,,,,,,,,,,,,,
720,23.788933,90.602017,105,Y,48345.04,0.16813,655.61,14289.5,0.02231,21.52,31.85107,4.93,1184.74,0.03,0.76,127.07,0.2577,24.5444,1.9735,0.1053
72000,23.788933,90.602017,105,Y,,,,,,,,,,,,,,,,
751,23.788033,90.6012,120,Y,,,,,,,,,,,,,,,,
769,23.798017,90.61065,140,Y,,,,,,,,,,,,,,,,
779,23.79905,90.610883,120,Y,,,,,,,,,,,,,,,,
788,23.798933,90.609417,160,Y,,,,,,,,,,,,,,,,
793,23.800183,90.611,220,Y,46069.37,0.20053,412.51,19983.74,0.01742,26.42,43.21728,9.76,1500.89,0.11,0.58,173.68,,,,
796,23.800967,90.611517,225,Y,42249.3,0.14205,458.23,19939.32,0.00282,41.87,46.0273,8.34,1442.43,0.07,0.39,165.06,,,,
799,23.80145,90.612383,210,Y,36157.55,0.18287,487.49,19223.09,0.02888,84.52,44.19636,8.59,1693.66,0.06,0.65,169.57,,,,
806,23.78815,90.6448,30,Y,,,,,,,,,,,,,,,,
808,23.788717,90.64465,25,Y,,,,,,,,,,,,,,,,
817,23.786033,90.645233,25,Y,,,,,,,,,,,,,,,,
821,23.78545,90.64475,125,N,,,,,,,,,,,,,,,,
823,23.784917,90.645117,30,Y,,,,,,,,,,,,,,,,
834,23.782617,90.6379,45,Y,33048.42,0.3901,820.46,43741.67,0.35166,33.05,17.20038,15.27,4362.13,0.92,85.26,176.83,0.2216,21.2045,2.1131,0.0291
836,23.78285,90.637617,45,Y,39671.78,0.83596,2303.95,59683.83,1.30932,62.42,15.87443,17.39,4149.6,1.4,103.42,236.31,0.1843,32.0274,6.3088,0.0341
837,23.782833,90.637667,45,Y,35746.08,0.44297,1613.16,63611.18,1.21588,64.64,11.44108,20.16,3236.05,1.55,74.68,221.49,0.1667,28.6918,4.2582,0.022
838,23.78255,90.63785,45,N,,,,,,,,,,,,,,,,
839,23.782267,90.636767,45,Y,36246.1,2.07313,9984.13,115992.91,9.54706,168.51,32.83876,40.34,14744.39,1.83,192.69,569.88,0.1443,74.157,27.5541,0.0453
840,23.782583,90.636917,45,N,35375.32,0.76252,986.78,73584.25,4.26849,82.74,9.87122,22.93,5055.27,1.8,114.4,270.97,0.1608,21.6403,2.5051,0.0164
844,23.783133,90.636717,55,Y,35878.13,0.58115,1129.84,58336.77,1.19278,60.9,13.68125,18.36,3388.88,1.68,87.9,222.33,0.1749,27.3158,2.9318,0.0151
848,23.782317,90.636067,45,Y,40159.8,1.41636,7851.18,83591.39,14.98224,167.53,35.29772,33.74,8175.36,3.68,169.07,390.36,0.1567,78.0232,20.8696,0.0582
849,23.782767,90.636167,90,N,34576.7,1.62249,131.26,47688.11,9.00301,88.4,12.72893,15.05,2800.21,0.87,115.05,193,0.1564,21.8248,0.3452,0.019
852,23.7821,90.63535,45,N,,,,,,,,,,,,,,,,
854,23.782583,90.6353,85,N,30427.26,1.33891,28.02,49752.97,9.991,109.27,14.41265,16.24,3435.04,0.53,165.76,225.24,0.2028,17.6359,0.1544,0.0173
859,23.781867,90.635067,55,Y,28638.63,1.33369,33.04,49555.06,8.78409,136.14,12.83101,14.59,3937.28,1.01,248.26,214.91,0.2308,14.6235,0.1341,0.0163
866,23.7807,90.64195,60,N,,,,,,,,,,,,,,,,
868,23.78085,90.641967,60,N,24654.75,1.57674,13.76,59264.68,7.3724,107.02,9.39068,17.35,3342.33,0.7,358.14,260.26,0.2804,8.5155,0.1471,0.0221
869,23.780183,90.642483,80,Y,,,,,,,,,,,,,,,,
896,23.77935,90.6408,45,Y,30661.03,1.35626,2650.05,49034.21,15.53252,113.15,32.96297,19.26,3396.32,1.95,144.35,228.48,0.173,49.2251,6.8687,0.0282
901,23.7797,90.641167,45,N,,,,,,,,,,,,,,,,
917,23.779617,90.639383,45,N,,,,,,,,,,,,,,,,
922,23.780033,90.63995,45,N,,,,,,,,,,,,,,,,
943,23.78245,90.638917,45,Y,,,,,,,,,,,,,,,,
944,23.781817,90.638283,75,N,33576.24,0.73396,208.06,70891.39,4.55444,109.27,14.01608,24.86,4190.81,1.87,282,289.16,0.2025,17.3717,0.4885,0.0172
953,23.779933,90.63845,85,N,,,,,,,,,,,,,,,,
955,23.78005,90.63825,105,N,26387.23,1.35565,16.07,80298.82,11.8055,176.21,20.82832,30.02,4468.95,0.37,319.19,434.86,0.1741,37.7899,0.1348,0.0381
967,23.780917,90.636233,105,N,25596.92,0.59214,14.12,82766.64,9.77162,170.98,21.34872,27.33,4298,0.66,187.14,397.88,0.1723,69.5283,0.135,0.0568
979,23.780683,90.635083,45,N,26955.37,1.21706,1.91,50800.17,5.24593,83.87,11.41028,17.97,3599.2,0.55,220.03,227.2,0.3374,7.5598,0.138,0.0115
981,23.780317,90.636567,75,N,,,,,,,,,,,,,,,,
986,23.780017,90.635183,45,N,,,,,,,,,,,,,,,,
993,23.78095,90.633067,45,N,22767.86,1.2247,1.51,55969.84,8.53281,108.43,12.74893,19.83,3748.32,0.94,257.41,251.67,0.2616,15.4141,0.1411,0.0258
1005,23.7795,90.633067,50,Y,34710.34,0.83882,36.9,92146.28,2.70048,111.37,22.88525,28.43,4589.45,1.17,149,366.64,0.2099,55.4561,0.2503,0.0406
1007,23.779833,90.633683,45,Y,,,,,,,,,,,,,,,,
1008,23.784917,90.614367,45,Y,30947.78,0.15115,1254.29,19043.54,1.38112,45.29,43.56133,11.28,3333.86,0.76,38.03,82.65,0.1269,21.4893,3.2649,0.0223
1020,23.7853,90.615283,45,Y,30196.88,0.06601,2460.57,37718.67,0.56057,55.26,18.12541,15.76,3847.52,0.67,33.2,171.62,0.0823,23.3008,6.8884,0.0101
1023,23.784767,90.61565,40,Y,32901.8,0.0983,2164.46,36361.25,0.54023,52.88,15.80461,16.25,3719.86,1.5,33.45,166.85,0.1407,13.3262,6.1189,0.0199
1027,23.78435,90.615733,45,Y,31338.28,0.09988,2203.91,32846.5,0.53366,46.58,12.18374,14,3432.43,1.48,52.05,148.53,0.1035,12.8335,6.3116,0.0071
1032,23.783967,90.614517,32,Y,32213.9,0.58054,2154.36,38625.9,5.83749,74.24,24.43871,14.99,3417.26,2.86,92.35,194.11,0.1196,25.216,5.8694,0.0406
1044,23.782417,90.614583,60,N,,,,,,,,,,,,,,,,
1052,23.780483,90.614283,45,Y,,,,,,,,,,,,,,,,
1058,23.780867,90.616067,30,Y,,,,,,,,,,,,,,,,
1072,23.7817,90.617283,45,N,28339.55,1.41973,815.62,19572.39,3.45956,42.2,10.01108,6.82,2259.64,0.51,55.75,94.8,0.1637,15.5585,2.0479,0.0187
1073,23.781733,90.61775,45,N,28208.23,1.1318,337.21,21885.2,4.02137,35.71,9.89581,10.24,2411.16,1.24,57.84,96.58,0.1324,11.4497,0.8954,0.0341
1076,23.781317,90.618417,45,Y,20169.16,0.09009,4841.11,26936.51,2.86841,43.31,16.14687,18.53,3563.1,1.63,14.16,113.28,0.066,31.6589,14.0818,0.0146
1096,23.77795,90.618167,45,Y,34405.56,0.66422,3466.28,39300.28,3.56056,108,30.1538,27.59,8230.09,2.79,154.69,133.42,0.1807,38.4574,9.7063,0.0275
1097,23.777167,90.617467,45,Y,,,,,,,,,,,,,,,,
1106,23.7784,90.618783,45,Y,30481,0.16029,8594.38,44475.7,0.38659,122.51,23.77519,25.19,6976.06,2.28,27.23,182.64,0.108,37.4938,24.0051,0.018
1109,23.777133,90.618983,30,Y,29781.22,0.37935,16946.13,43156.4,1.79694,112.73,25.2536,29.81,10770.8,2.62,56.13,181.78,0.1069,39.0791,48.6519,0.0169
1110,23.77855,90.619333,45,Y,31951.18,0.11174,45035.46,108431.01,3.47797,274.79,99.73196,68.01,13377.26,3.93,26.96,439.84,0.0852,192.6102,125.317,0.0598
1115,23.777933,90.619683,45,Y,26235.24,0.417,4949.48,33818.25,1.57563,60.44,22.41454,23.6,3204.43,2.65,93.65,142.68,0.0706,29.0238,14.4862,0.0118
1118,23.778333,90.619217,60,N,28926.84,0.15331,984.55,37769.65,2.16083,78.73,14.42902,16,3351.07,1.79,86.07,152.43,0.1629,15.8943,2.7792,0.0082
1130,23.777317,90.614733,30,Y,45199.27,0.33083,12741.86,33612.29,0.22285,168.49,79.34597,36.31,44273.15,0.74,2.04,86.22,0.0984,108.7608,33.0297,0.0692
1133,23.7765,90.614067,30,Y,37457.48,0.12093,15861.84,34454.11,0.5834,163.71,57.89679,27.91,42938.09,0.77,1.08,99.55,0.0988,90.858,42.6469,0.0618
1143,23.77875,90.619117,45,Y,34257.65,0.27887,20592.27,23702.33,14.76675,126.74,60.0119,14.98,7509.29,2.37,42.49,105.39,0.0676,83.5588,54.9885,0.032
1145,23.778717,90.619467,45,N,,,,,,,,,,,,,,,,
1161,23.779383,90.616067,45,Y,30086.74,0.11495,3557.26,19039.57,2.75018,39,6.44054,13.93,2427.53,0.56,19.55,56.67,0.1948,5.5175,9.6101,0.0058
1165,23.77615,90.615833,45,Y,25736.75,0.02927,3404.51,30654.75,0.53288,121.86,21.6125,20.8,3794.85,3.58,0.15,144.56,0.0571,32.1557,8.8816,0.0236
1168,23.776467,90.61575,45,Y,25611.2,0.04273,9410.64,15194.39,0.30061,49.56,26.21305,9.38,3108.93,0.32,0.49,57.13,0.0744,21.5591,25.0938,0.0136
1231,23.77655,90.612067,45,Y,36347.96,0.06208,8975.35,30435.99,2.15089,79.37,31.7507,22.47,3601.28,1.44,8.57,113.19,0.0796,27.9196,22.2377,0.0164
1241,23.7762,90.612617,30,Y,,,,,,,,,,,,,,,,
1245,23.776283,90.612983,35,Y,36286.39,0.0638,8966.14,30310.8,2.17574,79.83,32.61717,23.3,3747.3,1.48,8.77,116.9,0.0531,97.9992,48.1224,0.0422
1277,23.775117,90.6095,30,Y,,,,,,,,,,,,,,,,
1280,23.775533,90.609733,30,N,,,,,,,,,,,,,,,,
1303,23.775367,90.6086,30,Y,,,,,,,,,,,,,,,,
1315,23.774333,90.608233,90,Y,,,,,,,,,,,,,,,,
1343,23.7726,90.604217,45,Y,33800.88,0.09438,8853.07,34823.61,0.62457,73.81,28.17536,24.7,4159.94,1.85,7.9,130.13,0.0779,37.0899,23.092,0.02
1347,23.77265,90.6037,45,Y,,,,,,,,,,,,,,,,
1356,23.772033,90.602867,45,Y,,,,,,,,,,,,,,,,
1367,23.771583,90.60355,45,Y,,,,,,,,,,,,,,,,
1378,23.771367,90.6032,60,Y,24295.41,0.05662,4858.96,29432.28,2.70967,71.17,17.99463,20.06,4355,2.47,21.93,125.27,0.0295,16.1935,12.5469,0.0203
1390,23.770233,90.60225,45,Y,40502.23,0.39746,7347,40166.83,2.6113,81.13,18.61489,21.07,3325,1.82,29.8,167.32,0.0737,11.2285,19.2442,0.0097
1393,23.769883,90.60235,50,Y,,,,,,,,,,,,,,,,
1394,23.7698,90.60255,60,Y,,,,,,,,,,,,,,,,
1400,23.777133,90.6121,45,Y,37791.41,0.02994,5312.5,44768.78,0.60956,139.17,40.85758,20.19,8843.19,1.87,0.61,162.83,0.1421,33.8284,13.2967,0.0153
140000,23.777133,90.6121,45,Y,,,,,,,,,,,,,,,,
1406,23.777383,90.61195,30,Y,25863.98,0.01916,7776.76,29525.06,2.66864,63.22,18.77224,16.22,2722.18,0.09,0.26,97.35,0.1162,34.2936,21.0141,0.0199
1407,23.777517,90.612,30,Y,,,,,,,,,,,,,,,,
1410,23.77765,90.612117,45,N,39049.01,0.35047,15549.39,42709.55,7.03329,111.31,28.3132,22.14,3374.04,3.62,83.43,187.85,0.0741,42.7836,41.2942,0.0193
1418,23.768867,90.6028,60,Y,26629.18,0.01908,3051.56,22141.77,0.27093,46.47,14.62759,13.36,3914.91,0.84,3.23,92.21,0.0518,7.7232,8.0195,0.0247
1422,23.76825,90.602667,60,Y,30684.2,0.36033,409,14581.94,5.58568,33.62,10.23554,5.93,2677.34,1.51,65.03,47.38,0.1625,7.4413,1.0063,0.0134
1429,23.76775,90.602817,40,Y,37784.24,0.14626,3834.2,30506.75,2.84494,58.47,11.63475,13.78,2781.45,2.41,44.02,139.41,0.0691,11.9826,9.9481,0.0156
1432,23.7669,90.603883,90,Y,27088.51,0.56477,1251.76,22376.97,11.14798,72.15,12.12217,10.62,2634.25,0.99,10.69,86.01,0.0836,9.4639,3.3444,0.0149
1434,23.766467,90.6038,45,Y,32569.74,0.72474,2783.64,35657.69,15.09729,114.54,12.94695,19.26,3307.6,1.95,6.23,142.67,0.0821,20.6412,6.7691,0.0186
1437,23.8057,90.637233,45,Y,,,,,,,,,,,,,,,,
1440,23.805533,90.63675,45,Y,,,,,,,,,,,,,,,,
1450,23.804883,90.637383,45,Y,40076.94,0.12545,7239.09,48292.14,1.57196,80.44,23.87492,21.79,3450.9,2.45,62.4,169.98,0.1421,42.6771,17.9146,0.0234
1465,23.804183,90.636283,45,Y,34449.24,0.13621,3042.35,27407.47,0.49001,59.26,19.0713,21.69,8261.75,0.59,4.45,82.56,0.1631,19.0059,7.7467,
1469,23.803767,90.635617,45,Y,,,,,,,,,,,,,,,,
1493,23.7995,90.6218,60,Y,62356,4.26204,1.67,27613.5,5.23493,39.37,48.82369,41.51,9693.89,0.07,39.87,280.73,0.2101,60.6482,,0.0814
1498,23.7994,90.62285,45,Y,,,,,,,,,,,,,,,,
1500,23.799383,90.622833,60,Y,,,,,,,,,,,,,,,,
1504,23.799617,90.6233,65,Y,62688.99,4.05799,-7.63,22637.16,4.66648,25.09,34.15923,37.6,7133.57,0.08,17.71,200.96,0.216,61.4258,,0.1251
1509,23.7992,90.623817,60,Y,,,,,,,,,,,,,,,,
1513,23.7982,90.62535,45,Y,56369.92,3.86195,2154.5,47757.57,9.12676,122.6,38.19358,76.97,9991.03,0.45,23.88,397.11,0.292,83.3378,4.9341,0.0737
1514,23.798417,90.625433,60,Y,,,,,,,,,,,,,,,,
1515,23.798583,90.625517,105,Y,,,,,,,,,,,,,,,,
1518,23.799883,90.624617,45,Y,,,,,,,,,,,,,,,,
1523,23.799067,90.62625,130,Y,,,,,,,,,,,,,,,,
1534,23.796817,90.62805,45,Y,,,,,,,,,,,,,,,,
1542,23.796083,90.6294,45,Y,38055.13,0.13266,17046.79,56934.98,4.88119,161.71,36.30583,36.39,8236.96,1.44,38.2,204.97,0.0948,96.7537,45.1097,0.0356
1546,23.796767,90.629967,30,Y,35539.23,1.68826,288.21,36920.9,7.48109,75.26,13.40451,18.88,2902.78,1,41.78,153.31,0.1577,15.1055,0.6996,0.0128
1551,23.796217,90.630017,30,Y,,,,,,,,,,,,,,,,
1563,23.7954,90.628867,30,Y,,,,,,,,,,,,,,,,
1583,23.782017,90.636833,45,N,48760.85,1.95207,39385.05,116040.62,8.90861,223.87,48.07584,43.89,5137.54,2.94,251.56,498.99,0.1938,115.5793,,0.035
1587,23.779933,90.63,45,Y,39978.99,1.45012,1039.19,26572.95,1.75785,35.19,9.96797,8.65,2247.48,0.26,122.32,114.15,0.1971,6.5818,2.5382,
1606,23.789033,90.633833,45,Y,41206.41,2.58407,-18.22,53456.49,6.19736,96.72,27.20776,16.45,3429.18,0.85,148.84,252.32,,,,
1639,23.7889,90.636033,210,Y,,,,,,,,,,,,,,,,
1646,23.789383,90.63635,75,Y,36938.92,1.30263,150.04,51634.46,11.78084,86.47,14.26337,20.23,3376.71,1.01,216.58,241.06,0.2116,17.3713,0.4071,0.0233
1651,23.788983,90.6374,60,Y,34710.98,0.92183,6845.59,38325.2,24.16738,184.46,38.09861,21.83,4184.29,1.44,33.52,161.94,0.0724,51.3535,17.4455,0.083
1657,23.788717,90.638233,110,Y,36807.93,1.40889,-23.72,65266.94,7.9109,77.54,15.17329,22.23,3485,0.43,181.16,273.49,0.157,16.8998,0.1428,0.0213
1671,23.785583,90.62765,60,Y,,,,,,,,,,,,,,,,
1672,23.785317,90.62765,75,Y,,,,,,,,,,,,,,,,
1688,23.786183,90.62735,114,Y,38943.68,0.55899,-28.5,43992.4,13.90031,102.22,14.35242,17.4,3323.32,1.62,339.3,225.76,0.2133,2.9106,0.134,0.0133
1691,23.784317,90.62925,45,N,,,,,,,,,,,,,,,,
1697,23.783833,90.629833,60,N,,,,,,,,,,,,,,,,
1698,23.78435,90.629883,45,N,,,,,,,,,,,,,,,,
1699,23.7838,90.629233,52,N,36134.14,1.14313,-30.7,46306.98,10.45244,119.41,20.59143,16.43,3880.9,0.61,184.94,233.88,0.206,25.3858,0.1874,0.0237
1704,23.78385,90.629067,45,Y,,,,,,,,,,,,,,,,
1709,23.783917,90.628917,45,Y,,,,,,,,,,,,,,,,
1716,23.783783,90.629717,95,Y,50755.27,0.12099,16573.72,59451.9,6.98845,108.04,36.45165,38.89,4049.22,1.07,14.97,188.09,0.1012,91.0385,44.2928,0.051
1731,23.782567,90.63035,55,Y,34181,0.0212,18089.07,57223.46,0.10606,234.44,44.85599,40.36,22363.17,0.26,0.37,213.07,0.2397,99.4572,47.5573,0.049
1735,23.782433,90.630383,60,Y,,,,,,,,,,,,,,,,
1741,23.78235,90.6305,45,Y,43091.96,0.06952,4585.76,33409.09,0.9994,66.35,16.31688,21.15,3010.77,1.83,14.09,119.46,0.1013,30.4146,11.9733,0.0272
1742,23.78155,90.630267,45,Y,,,,,,,,,,,,,,,,
1748,23.780983,90.630817,60,Y,,,,,,,,,,,,,,,,
1762,23.780383,90.631117,37,Y,48008.13,0.57658,6243.79,69951.05,1.87777,102.04,42.90256,31.65,3717.74,2.11,98.69,279.25,0.2114,82.7876,15.7474,0.036
1764,23.78195,90.631167,45,Y,39111.85,2.32224,-26.31,34453.31,4.3606,73.3,10.57001,13.08,7179.06,0.84,143.58,172.36,0.2504,10.8163,0.173,0.0233
1766,23.781867,90.631683,45,N,36151.7,1.87966,-24.92,36356.06,5.8656,66.75,15.39124,13.04,2941.22,0.56,209.25,157.57,0.2564,12.1388,0.1595,0.0153
1768,23.782817,90.632033,60,N,,,,,,,,,,,,,0.311,12.2352,0.1616,0.0165
1775,23.78195,90.631483,45,Y,36918.54,1.9071,289.62,58589.99,8.08448,123.61,26.89008,25.43,3978.44,0.94,241.98,237.6,0.2871,48.4149,0.6873,0.0334
1780,23.7814,90.632333,55,N,36415.34,1.37016,9.95,51427.39,6.77264,86,22.51727,20.86,3755.85,0.73,213.9,213.57,0.2647,46.9463,0.6627,0.027
1790,23.780833,90.631667,45,N,,,,,,,,,,,,,,,,
1794,23.779867,90.632783,60,Y,,,,,,,,,,,,,,,,
1795,23.779867,90.632417,45,Y,,,,,,,,,,,,,,,,
1800,23.7786,90.631067,60,Y,,,,,,,,,,,,,,,,
1806,23.77895,90.6347,135,N,40398.54,1.30054,-29.56,58860.33,9.58168,111.52,20.26992,18.25,3328.11,0.83,192.99,235.74,0.2199,17.1293,0.138,0.0368
1809,23.779283,90.63365,45,Y,43593.56,0.97463,1086.07,60649.89,1.87754,66.77,26.6829,17.77,3310.65,1.12,228.95,248.16,0.2688,24.946,2.5333,0.0279
1815,23.779033,90.631217,45,Y,,,,,,,,,,,,,,,,
1817,23.778933,90.63045,45,Y,,,,,,,,,,,,,,,,
1827,23.777183,90.631133,45,Y,,,,,,,,,,,,,,,,
1836,23.7771,90.632717,60,Y,37042.85,1.85692,-31.3,49722.78,8.57953,108.56,14.99651,16.71,3307.32,1.06,182.19,225.37,0.2454,18.0821,0.1502,0.011
1837,23.776567,90.632033,45,Y,40679.12,2.04783,-35.41,36971.77,7.45463,91.36,12.18399,14.18,3051.69,0.66,116.81,171.68,0.2397,9.9669,0.1393,0.0138
1856,23.774333,90.636433,60,N,,,,,,,,,,,,,,,,
1857,23.7747,90.6364,75,Y,39679.89,1.79618,-0.43,47937.9,10.71702,103.43,12.04734,17.52,3484.67,0.83,184.11,225.6,0.1737,11.6903,0.1314,0.0229
1868,23.7752,90.6308,75,Y,,,,,,,,,,,,,,,,
1872,23.77495,90.63175,85,N,36037.59,3.21622,24.09,68483.55,5.94375,102.01,16.26112,17.48,4539.03,1.19,473.34,300.24,0.3642,27.486,0.1777,0.0273
1901,23.772733,90.6342,45,Y,,,,,,,,,,,,,,,,
1912,23.77235,90.629767,90,N,46175.8,1.0358,5372.4,57760.15,7.00183,116,22.1058,21.15,3683.06,1.02,135.89,245.83,0.0881,50.8829,13.9104,0.0213
1915,23.771983,90.629833,30,Y,45432.57,0.2919,1679.38,75813.28,3.45364,87.43,34.09465,31.92,3977.11,1.27,90.02,318.21,0.1394,48.3568,3.8972,0.0356
1919,23.7717,90.629483,90,N,,,,,,,,,,,,,,,,
1921,23.771167,90.629617,45,Y,,,,,,,,,,,,,,,,
1934,23.770017,90.626333,45,Y,,,,,,,,,,,,,,,,
1937,23.77015,90.627333,45,Y,,,,,,,,,,,,,,,,
1991,23.769983,90.627667,45,N,41633.33,0.88389,10696.58,33790.14,16.30465,176.81,39.58121,22.14,11671.49,1.12,56.93,134.8,0.1307,50.99,27.7696,0.0348
1996,23.770317,90.62785,35,Y,,,,,,,,,,,,,0.1062,88.3542,36.2969,0.0378
2009,23.7683,90.62865,45,Y,,,,,,,,,,,,,0.0902,20.5654,5.2605,0.0125
2010,23.768167,90.629517,45,N,,,,,,,,,,,,,,,,
2011,23.768517,90.62925,185,Y,,,,,,,,,,,,,,,,
2026,23.765967,90.62765,45,Y,,,,,,,,,,,,,0.0991,31.9523,5.1872,0.0455
2027,23.766433,90.627217,40,Y,32439.3,0.70894,2438.11,29501.23,14.89784,120.52,22.51287,22.99,3394.08,0.56,12.23,94.24,0.1202,48.8773,6.3177,0.0216
2037,23.768517,90.627367,60,N,,,,,,,,,,,,,,,,
2038,23.76865,90.626567,45,N,39154.66,0.97009,-41.39,28240.31,8.53036,87.62,13.574,19.04,5148.59,1.28,32.72,117.95,0.1089,12.2568,0.1672,0.0092
2039,23.768933,90.626767,45,Y,,,,,,,,,,,,,,,,
2042,23.769067,90.626367,75,Y,40496.03,1.26098,-17.23,52187.02,5.70148,86.75,14.3448,23.57,3357.47,1.44,169.51,225.77,0.1768,31.481,0.1531,0.039
2049,23.77075,90.624033,60,N,,,,,,,,,,,,,,,,
2050,23.769833,90.623867,60,N,,,,,,,,,,,,,,,,
2055,23.769467,90.623833,60,Y,44897.13,0.26279,9.18,12840.62,0.19805,20.01,105.31806,5.6,1518.45,0.25,0.09,101.73,0.6712,59.6248,0.1858,0.2064
2062,23.76875,90.622267,30,Y,42670.87,0.15032,14878.43,43026.72,3.78072,81.09,38.31747,23.27,3439.35,1.49,29.6,160.11,0.1219,64.3745,39.1761,0.0335
2071,23.768333,90.6224,90,Y,,,,,,,,,,,,,,,,
2073,23.768217,90.62175,45,N,49230.01,0.45199,9833.16,52772.95,12.93109,95.43,23.74711,27.15,7848.76,2.45,87.29,207.81,0.0777,68.6489,25.5985,0.0538
2092,23.766483,90.622083,45,Y,35025.77,0.03966,11359.53,47895.92,1.25937,135.28,42.32197,30.87,33013.49,0.29,0.66,165.47,0.1345,69.1154,29.2687,0.0458
2104,23.7682,90.62095,60,Y,43307.78,0.50785,9956.67,43217.2,12.52296,87.52,21.66915,19.01,5046.03,2.01,107.17,200.04,0.1329,49.124,26.2995,0.0422
2108,23.769167,90.620267,45,Y,43054.76,0.50428,1378.33,43203.79,11.86787,56.83,14.86164,20.04,2940.5,2.4,172.07,168.68,0.1275,32.8755,3.4333,0.0254
2114,23.768733,90.619133,45,Y,,,,,,,,,,,,,,,,
2116,23.769,90.620033,45,Y,,,,,,,,,,,,,,,,
2134,23.771733,90.62435,60,Y,,,,,,,,,,,,,,,,
2137,23.772067,90.625017,60,Y,,,,,,,,,,,,,,,,
2141,23.773133,90.626283,60,Y,29686.67,1.03936,1800.15,36759.86,11.90248,108.86,17.5863,17.01,2546.22,1.45,12.37,133.1,0.0762,16.4093,4.4271,0.0158
2144,23.762217,90.616583,75,Y,,,,,,,,,,,,,,,,
2145,23.762183,90.61675,50,Y,,,,,,,,,,,,,,,,
2146,23.76035,90.616933,45,Y,,,,,,,,,,,,,,,,
2160,23.755483,90.614617,75,N,,,,,,,,,,,,,,,,
2163,23.756267,90.614517,45,Y,,,,,,,,,,,,,,,,
2164,23.756167,90.614467,60,N,36502.69,1.09748,184.26,37538.18,9.10754,118.86,12.85978,12.83,3796.98,1.31,104.85,174.88,0.1235,12.8452,0.4121,0.0128
2170,23.75575,90.6143,200,Y,50635.03,0.07731,188.66,41628.29,0.65309,38.89,67.09456,20.82,1743.55,1.95,0.23,304.66,0.6896,22.3031,0.5829,0.1442
2178,23.757033,90.613533,60,Y,31149.37,0.04314,6829.19,31663.48,4.2299,105.81,26.97147,18.13,14381.1,0.72,6.48,80.99,0.6375,21.0082,0.5719,0.1466
2179,23.756917,90.613633,60,Y,37859.38,0.52748,51.5,32635.53,12.68905,168.29,22.11487,16,12582.19,0.75,26.66,139,0.1435,30.7762,0.1924,0.0893
2186,23.757933,90.6137,45,Y,,,,,,,,,,,,,,,,
2188,23.758183,90.613267,65,Y,,,,,,,,,,,,,,,,
2190,23.758183,90.613333,70,Y,,,,,,,,,,,,,,,,
2198,23.75875,90.613117,60,Y,35647.47,1.14243,-37.62,43623.88,8.7691,104.44,19.82695,17.96,3090.81,1.21,42.71,191.76,0.1121,27.8696,0.1606,0.0301
2203,23.760267,90.612267,60,Y,,,,,,,,,,,,,,,,
2205,23.760317,90.612217,45,Y,33734.49,0.25971,8175.56,34495.29,4.9631,114.46,29.40998,18.24,11149.54,1.13,15.81,129.9,0.1293,41.4526,21.2345,0.023
2208,23.758717,90.613017,45,Y,,,,,,,,,,,,,,,,
2221,23.754933,90.612267,523,N,,,,,,,,,,,,,,,,
2223,23.75505,90.6123,60,N,,,,,,,,,,,,,,,,
2228,23.7558,90.611367,45,Y,,,,,,,,,,,,,,,,
2229,23.7559,90.61135,45,Y,32669.13,1.02185,-3.46,30681.43,11.23072,82.43,10.65388,13.73,2956.44,2.03,91.5,152.59,0.1446,11.8091,0.1621,0.0137
2237,23.756033,90.61295,75,Y,41488.64,1.13785,6390.21,36530.44,16.75463,223.91,18.77171,18.93,14923.63,1.55,33.88,123.64,0.1006,34.1632,16.6556,0.0276
2243,23.755833,90.61245,0,N,,,,,,,,,,,,,,,,
2247,23.756183,90.611967,60,N,,,,,,,,,,,,,,,,
2252,23.7567,90.612333,204,Y,,,,,,,,,,,,,,,,
2255,23.756833,90.612617,58,Y,,,,,,,,,,,,,,,,
2270,23.756767,90.610067,45,N,38169.72,1.04105,7551.03,53219.85,9.51466,136.87,26.1602,22.39,4912.06,2.08,61.42,220.37,0.162,37.0904,19.5317,0.0307
2277,23.756117,90.609733,45,Y,,,,,,,,,,,,,,,,
2280,23.75635,90.609867,45,N,,,,,,,,,,,,,,,,
2285,23.756183,90.610517,45,N,32558.67,0.78005,412.64,25485.99,11.92895,80.33,12.41228,11.25,3627.2,2.81,67.46,132.56,0.1789,24.2589,1.004,0.0243
2286,23.756233,90.61045,45,N,,,,,,,,,,,,,,,,
2287,23.756233,90.610633,45,N,,,,,,,,,,,,,,,,
2288,23.7561,90.61035,70,Y,,,,,,,,,,,,,,,,
2289,23.75585,90.6106,0,N,,,,,,,,,,,,,,,,
2290,23.755917,90.610633,0,N,,,,,,,,,,,,,,,,
2292,23.756333,90.6111,60,Y,,,,,,,,,,,,,,,,
2301,23.798683,90.634633,52,Y,43796.66,1.06514,2842.85,47457.35,2.39047,70.28,11.47883,18.22,3119.58,1.47,192.31,195.19,0.2695,31.1486,7.2703,0.0351
2303,23.798883,90.6349,45,Y,46628.42,0.15516,3259.72,33406.96,1.5159,34.85,8.36451,12.22,2370.92,1.1,41.14,113.08,0.1743,16.5247,8.48,0.0161
2309,23.7995,90.634567,45,Y,,,,,,,,,,,,,,,,
2310,23.79975,90.6347,37,Y,45907.64,0.68466,2893.7,59637.73,6.14524,82.17,24.6612,29.46,3549.67,2.22,91.82,206.86,0.2094,40.4686,7.1056,0.0312
2312,23.799967,90.6347,45,Y,43953.14,0.17161,197.93,55330.33,0.91844,56.5,12.50686,20.99,3006.5,0.79,32.33,179.71,0.2038,24.2086,0.499,0.0549
2313,23.800333,90.6349,45,Y,51564.06,0.22954,22.2,60427.64,2.73147,105.91,16.28811,22.02,3503.19,1.75,54.4,220.54,0.1466,29.7014,0.2219,0.0472
2320,23.800933,90.63515,45,Y,42407.07,0.29174,101.87,47139.21,8.67506,135.1,25.5398,20.76,3603.51,2.02,107.99,165.4,0.2241,21.9395,0.2554,0.0516
2323,23.8014,90.635133,75,Y,,,,,,,,,,,,,,,,
2338,23.80285,90.635383,30,Y,,,,,,,,,,,,,,,,
2340,23.803017,90.636083,30,N,,,,,,,,,,,,,,,,
2347,23.79745,90.63395,50,Y,41747.7,0.18209,1733.39,41035.61,4.39521,50.69,10.9806,14.24,3262.4,2.02,39.01,157.72,0.0791,25.3689,4.7923,0.0228
2351,23.797733,90.63415,45,Y,,,,,,,,,,,,,,,,
2353,23.798117,90.6342,45,Y,41496.02,0.2311,3228.51,31189.09,7.83753,61.68,12.77415,19.04,2722.83,1.11,31.86,98.47,0.1204,26.3218,8.938,0.0387
2354,23.798183,90.63405,45,Y,44188.22,0.24531,3462.4,31050.27,2.32823,43.88,13.51762,18.54,2877.77,1.07,36.03,98.2,0.1629,25.5997,9.6216,0.0261
2360,23.760783,90.62525,60,Y,,,,,,,,,,,,,,,,
2363,23.760933,90.625917,45,Y,,,,,,,,,,,,,,,,
2368,23.761817,90.625833,45,Y,31087.71,0.38326,4119.56,35128.41,12.31994,100.28,20.6956,23.27,3588.52,1.25,18.41,135.86,0.1266,35.1617,11.5673,0.0423
2369,23.7618,90.626283,45,Y,39367.72,0.1854,2981.7,37776.9,8.88502,107.96,23.62261,21.18,5337.18,1.75,29.91,135.77,0.0765,51.9371,8.1689,0.0256
2383,23.760617,90.62655,45,Y,45307.08,0.07367,63.77,38806.46,5.8313,12.05,23.14917,14.18,1402.51,0.08,0.56,285.47,0.5709,8.5359,0.2705,0.0235
2390,23.76075,90.626933,45,Y,41179.57,0.17927,7442.38,45956.8,9.728,182.73,40.55156,35.94,16563.94,1.44,13.3,131.17,0.1176,65.2921,21.081,0.0551
2397,23.761267,90.6275,60,Y,35904.84,0.05336,7506.55,58185.63,2.02822,233.94,46.32637,32.68,16657.25,0.6,7.1,182.54,0.0868,99.6083,21.0984,0.0667
2573,23.786833,90.621367,45,N,,,,,,,,,,,,,,,,
2574,23.786733,90.621617,45,Y,38728.51,0.74404,688.08,67110.28,5.16339,80.49,14.89942,16.79,3839.09,2.68,439.69,283.41,0.2622,41.2904,1.6194,0.0362
2593,23.78725,90.626783,75,N,,,,,,,,,,,,,,,,
2595,23.7873,90.62635,90,N,,,,,,,,,,,,,,,,
2617,23.787933,90.62695,60,N,41068.18,0.86825,1540.92,54884.66,30.19223,175.21,27.27908,28.7,3451.59,1.8,95.05,259.15,0.1258,60.3397,3.7335,0.0365
2628,23.78865,90.6268,45,N,,,,,,,,,,,,,,,,
2635,23.78875,90.627617,30,,,,,,,,,,,,,,,,,
2653,23.79065,90.625333,45,Y,43278.69,0.28053,3687.04,54291.51,2.29089,85.52,41.43421,24.38,3886.22,2.33,79.28,191.96,0.1009,69.5697,10.1952,0.0408
2664,23.790817,90.626483,45,N,,,,,,,,,,,,,,,,
2671,23.790933,90.625917,45,N,44231.93,1.81985,37.03,43570.53,18.8936,157.74,12.57548,12.69,4874.63,1.83,156.57,193.76,0.2656,16.8169,0.1336,0.0221
2675,23.789917,90.626883,60,Y,,,,,,,,,,,,,,,,
2676,23.790617,90.627433,0,Y,,,,,,,,,,,,,,,,
2677,23.779633,90.624817,0,Y,,,,,,,,,,,,,,,,
2723,23.7743,90.622133,45,Y,,,,,,,,,,,,,,,,
2733,23.780333,90.6441,70,N,35299.04,1.82694,20.43,72903.44,9.83964,159.67,17.10308,20.2,4902.46,0.33,395.93,333.27,0.2005,26.4195,0.1287,0.0235
2739,23.7796,90.644483,70,N,,,,,,,,,,,,,,,,
2752,23.78475,90.61785,37,Y,,,,,,,,,,,,,,,,
2754,23.784267,90.61805,42,Y,42450.23,0.24568,4274.99,37310.81,1.38394,57.28,19.25118,16.59,3477.15,1.63,98.93,168.55,0.0991,21.4871,12.1005,0.0132
2755,23.784333,90.618383,0,Y,,,,,,,,,,,,,,,,
2756,23.78395,90.617833,60,Y,36131.18,0.09897,2895.29,36216.72,1.68901,51.58,18.11706,13.91,2750.43,1.72,29.07,116.1,0.1371,20.4566,8.0272,0.0165
2763,23.785033,90.618933,45,Y,43726.53,0.40494,164.88,45396.98,1.08067,53.57,16.94859,13.46,3322.25,1.27,137.77,179.1,0.1967,26.7951,0.4273,0.0281
2771,23.785867,90.620133,45,N,42938.73,1.07329,2630.88,41630.3,0.54079,50.03,15.90617,15.46,3199.52,1.75,164.23,169.78,0.2142,26.9133,7.2875,0.0228
2833,23.7578,90.616767,45,Y,,,,,,,,,,,,,,,,
2845,23.758167,90.6167,45,Y,44495.45,0.05372,6421.14,40049.52,0.54773,62.87,25.77513,17.07,4272.31,2.64,16.01,152.79,0.1216,54.0945,18.4434,0.0742
2846,23.758183,90.61585,60,N,,,,,,,,,,,,,,,,
2875,23.760083,90.61565,0,Y,,,,,,,,,,,,,,,,
2880,23.76085,90.615133,0,N,,,,,,,,,,,,,,,,
2888,23.761183,90.614517,57,Y,,,,,,,,,,,,,,,,
2899,23.761667,90.614567,75,Y,,,,,,,,,,,,,,,,
2900,23.761767,90.613917,45,Y,,,,,,,,,,,,,,,,
2917,23.78975,90.603883,120,Y,61740.85,0.21088,600.38,10258.07,12.17791,6.79,44.17081,5.66,1682.57,0.25,1.21,83.28,0.2965,26.4859,1.5414,0.1226
2927,23.7907,90.6057,150,Y,62394.59,0.05528,561.73,11022.71,-0.00034,17.87,46.28375,5.3,1266.8,0.35,0.11,89.86,,,,
2941,23.791467,90.606183,130,Y,,,,,,,,,,,,,,,,
2946,23.791683,90.60565,120,Y,,,,,,,,,,,,,,,,
2954,23.7917,90.605117,150,Y,,,,,,,,,,,,,,,,
3034,23.796267,90.602983,150,Y,,,,,,,,,,,,,,,,
3046,23.79365,90.602533,120,Y,,,,,,,,,,,,,,,,
3081,23.796017,90.602033,135,Y,,,,,,,,,,,,,,,,
3084,23.79675,90.601767,165,Y,40632.88,0.04797,1018.53,66621.68,-0.00368,197.77,18.99851,19.52,6939.09,0.37,0.03,586.98,0.3712,25.253,2.5302,0.0398
3091,23.797833,90.601133,125,Y,,,,,,,,,,,,,,,,
3105,23.8007,90.606183,0,Y,,,,,,,,,,,,,,,,
3144,23.797883,90.607383,0,Y,,,,,,,,,,,,,,,,
3146,23.797783,90.607533,60,Y,52189.57,2.08709,5920.89,70914.5,15.61251,232.08,30.44968,26.96,4156.94,0.48,43.54,338.33,0.1988,58.2378,16.0607,0.0903
3148,23.797517,90.607517,70,Y,41304.39,1.77807,1583.49,62827.16,11.08897,226.3,24.68696,22.99,3827.11,0.31,91.2,259.23,0.2564,45.196,3.9004,0.0382
3172,23.801067,90.606717,90,Y,47162.21,0.01596,420.94,16498.6,3.40901,53.11,47.40246,8.44,2064.1,0.57,0.1,133.63,0.3403,108.3354,1.1172,0.3961
3173,23.801,90.60595,120,Y,,,,,,,,,,,,,,,,
3178,23.801633,90.605667,105,Y,68725.59,0.09423,660.64,13416.59,5.59692,19.67,47.65829,7.94,1784.01,0.59,1.45,108.01,0.5333,59.669,1.7862,0.1736
3180,23.801817,90.607067,160,Y,,,,,,,,,,,,,,,,
3181,23.802233,90.606267,140,Y,,,,,,,,,,,,,,,,
3195,23.804133,90.605583,135,Y,58981.9,0.11864,558.8,11440.28,0.68808,9.06,33.95402,5.5,1711.96,0.19,0.74,85.07,0.425,14.1704,1.524,0.0366
3212,23.788867,90.61075,0,Y,,,,,,,,,,,,,,,,
3237,23.788883,90.6096,30,Y,31050.5,0.05244,3175.03,14217.53,3.48172,46.27,11.14431,8.24,13465.2,0.19,1.08,62.12,0.1875,17.8875,9.247,0.011
3292,23.789217,90.611183,30,Y,40739.31,0.29907,12173.75,56501.48,0.02184,293.44,47.46521,25.79,29687.54,0.42,1.42,235,0.0738,114.1565,34.2124,0.0669
3293,23.787917,90.6113,30,Y,,,,,,,,,,,,,,,,
3294,23.788083,90.611433,30,Y,38821.02,0.02798,20988.19,38553.37,1.16313,188.27,44.25255,24.73,33642.74,0.18,0.4,119.37,0.1586,82.5624,59.1832,0.0711
3303,23.788967,90.612383,30,Y,36352.79,0.02033,11643.95,31991.03,0.27466,233.51,38.0344,15.93,31151.51,3.22,0.46,188.95,0.0567,44.5639,33.2595,0.0326
3309,23.7892,90.612383,50,Y,,,,,,,,,,,,,,,,
3310,23.788483,90.61245,30,Y,,,,,,,,,,,,,,,,
3327,23.791033,90.611483,55,Y,,,,,,,,,,,,,,,,
3391,23.789917,90.615967,30,Y,,,,,,,,,,,,,,,,
3400,23.79075,90.614483,165,Y,44382.84,0.31899,478.88,19084.08,9.69038,42.91,47.28749,13.98,1441.18,1.06,1.55,187.23,0.4719,38.389,1.1783,0.0681
3401,23.790583,90.6148,165,Y,48009.18,0.09451,6904.55,31325.86,4.66096,47.9,35.57117,16.32,842.73,1.28,0.92,229.86,0.3452,25.0664,20.2864,0.0175
3407,23.792,90.614883,80,Y,,,,,,,,,,,,,,,,
3409,23.791967,90.6151,150,Y,,,,,,,,,,,,,,,,
3415,23.791217,90.615417,240,Y,,,,,,,,,,,,,,,,
3430,23.791717,90.61645,180,Y,42371.47,0.18786,1.48,14691.52,1.22343,20.05,43.0738,6.08,1197.31,0.5,0.29,111.44,0.925,35.339,0.1266,0.0627
3432,23.79185,90.6161,30,Y,,,,,,,,,,,,,,,,
3433,23.791733,90.61625,30,Y,,,,,,,,,,,,,,,,
3437,23.792467,90.616517,180,Y,23141.3,0.52121,-7.9,15933.7,2.27999,35.42,52.28908,7.75,2488.38,0.14,12.12,157.73,1.4921,109.2983,0.1358,0.6205
3443,23.792117,90.616317,45,Y,,,,,,,,,,,,,,,,
3470,23.782617,90.61345,30,Y,,,,,,,,,,,,,,,,
3500,23.781417,90.610617,45,N,44913.42,1.26189,93.92,50782.57,7.6755,108.25,25.09641,22.22,7493.6,3.1,283.26,238.69,0.1966,54.5785,0.226,0.0271
3501,23.781183,90.6101,55,N,,,,,,,,,,,,,,,,
3506,23.778017,90.601117,145,Y,40878.29,0.84422,12.99,5037.08,4.23254,29.97,61.29756,3.14,890.91,0.1,34.11,41.1,0.7024,38.5816,0.2059,0.0529
3508,23.778233,90.600383,160,Y,51771.54,0.13816,27.13,10356.08,0.03203,17.1,43.13136,4.77,951.01,0.01,0.16,82.5,0.4013,25.3753,0.1459,0.0411
3511,23.779283,90.60025,175,Y,44805.87,0.11757,8.49,20826.52,0.43022,41.5,42.73904,11.18,1039.04,1.74,14.73,163.09,0.5271,39.5021,0.1246,0.0822
3514,23.778583,90.599233,185,Y,,,,,,,,,,,,,,,,
3517,23.778017,90.599333,130,Y,,,,,,,,,,,,,,,,
3520,23.777633,90.600183,185,Y,42071.32,0.02436,41.79,8376.27,2.57144,44.89,47.02506,4.38,947.59,1.02,0.16,70.71,0.6078,11.0159,0.2894,0.022
3525,23.777317,90.600467,55,N,,,,,,,,,,,,,,,,
3531,23.77775,90.60065,120,Y,,,,,,,,,,,,,,,,
3533,23.778117,90.600717,105,Y,,,,,,,,,,,,,,,,
3536,23.778067,90.600617,200,Y,49457.82,0.13737,149.23,10420.48,6.29909,5.63,48.12147,5.18,1301.84,0.43,11.87,70.11,0.6644,18.7123,0.3705,0.027
3543,23.7776,90.599217,45,N,27328.83,1.27155,4296.98,24954.77,5.55724,96.93,50.49349,9.32,4886.8,0.68,307.35,144.99,0.4984,51.415,11.4623,0.0628
3544,23.777183,90.597933,35,Y,,,,,,,,,,,,,,,,
3547,23.778667,90.5984,60,N,36313.47,1.70507,13200.04,25286.98,7.9557,135.33,72.87067,16.85,5893.97,0.43,143.95,212.61,0.2886,106.6496,33.7418,0.1089
3558,23.77715,90.598,140,Y,48439.9,0.40186,25.06,7711.72,2.58312,13.56,46.13495,4.9,993.05,0.08,6.03,67.24,0.5378,24.0559,0.1534,0.0485
3564,23.776883,90.598183,150,Y,42821.04,1.12165,-6.15,3640.86,1.5271,7.79,45.05057,2.49,646.29,0.02,8.39,36.71,0.3395,12.2915,0.1306,0.0209
3565,23.777233,90.597767,35,N,,,,,,,,,,,,,,,,
3569,23.7766,90.59885,60,Y,,,,,,,,,,,,,,,,
3582,23.777133,90.597617,130,Y,,,,,,,,,,,,,,,,
3583,23.776933,90.59725,105,Y,,,,,,,,,,,,,,,,
3584,23.776783,90.59695,135,Y,28547.42,1.36685,-1.9,4319.94,1.85441,12.35,46.04787,3.39,997.59,0.05,8.05,58.64,0.5079,21.3625,0.1293,0.0706
3585,23.776967,90.597267,175,Y,,,,,,,,,,,,,,,,
3591,23.776467,90.597117,135,Y,,,,,,,,,,,,,,,,
3607,23.774483,90.592983,50,Y,43255.81,0.43714,257.27,56885.2,2.47236,72.98,20.59146,17.57,3754.91,1.5,422.07,246.21,0.356,19.7589,0.14,0.0469
3608,23.77415,90.593067,45,Y,41430.7,0.33889,27.17,52743.17,4.12528,73.48,21.13392,18.53,3659.05,1.7,304.69,240.61,0.3238,23.6358,0.1587,0.0467
3610,23.773817,90.594117,60,N,47832.61,1.28081,2514.72,59863.96,3.31555,94.41,35.10167,26.16,3858.73,1.66,334.51,255.63,0.252,41.5804,6.6107,0.0307
3613,23.774233,90.593783,65,Y,42187.72,1.5108,877.11,32656.78,8.17765,82.91,15.33129,16.16,3088.03,0.69,54.25,114.8,0.1416,,2.2354,0.0193
3624,23.774033,90.594217,60,Y,40920.05,0.50741,516.32,52661.22,1.71768,78.98,15.1302,20,3196.16,1.85,368.9,226.78,0.2829,9.3598,1.2673,0.0158
3633,23.773033,90.592433,75,Y,41473.39,0.43842,364.13,50699.43,4.67593,79.1,16.82115,15.22,3357.51,2.33,309.92,205.5,0.3205,14.3618,0.394,0.0225
3642,23.771783,90.591833,96,Y,,,,,,,,,,,,,,,,
3646,23.773167,90.59085,70,N,30520.74,1.29952,14113.2,56910.44,14.60408,270.25,49.56872,35.27,31596.37,1.4,420.61,419.29,0.2433,90.1466,38.0392,0.1306
3652,23.773567,90.590467,45,N,28384.25,1.50584,3321.24,49767.94,9.94565,258.47,48.3059,30.48,20802.82,1.25,269.63,236.17,0.4489,77.8141,8.0878,0.1127
3661,23.7727,90.593717,45,N,38473.78,1.36702,4.03,37149.54,10.80291,100.92,19.18529,17.54,2882.39,0.44,71.34,136.39,0.2085,22.18,0.1498,0.0211
3666,23.772617,90.593017,55,N,36297.76,0.83079,51.49,47801.49,24.74602,129.08,36.58383,22.68,3622.24,1.32,150.25,183.24,0.2235,43.3985,0.1325,0.0486
3671,23.7712,90.59185,85,N,,,,,,,,,,,,,,,,
3679,23.771733,90.590733,60,N,,,,,,,,,,,,,,,,
3680,23.771433,90.591767,60,N,33257.55,1.48625,204.14,41969.8,9.16442,126.5,24.32272,26.46,9444.62,2.23,202.48,232.22,0.3037,24.5569,0.587,0.044
3684,23.771617,90.590867,60,N,36339.13,0.8565,6.63,43071.59,12.27226,94.22,25.00635,20.57,9228.99,1.6,127.31,312.9,0.0959,15.3042,0.1272,0.0508
3700,23.771,90.58965,45,N,37348.78,1.16158,2659.91,32462.66,23.14466,121.65,18.74916,19.69,4447.87,1.75,45.63,165.15,0.1,19.3034,7.1935,0.0454
3706,23.77105,90.590667,130,Y,,,,,,,,,,,,,,,,
3709,23.77145,90.5909,75,Y,,,,,,,,,,,,,0.1177,49.5265,0.6321,0.0724
3711,23.7705,90.58765,150,N,12712.91,0.69601,190.12,15380.08,1.68832,14.13,47.30402,33.05,15522.74,0.04,13.97,213.62,0.2072,47.5497,0.2297,0.0496
3724,23.768367,90.593867,75,Y,43792.16,0.30764,2531.9,33705.25,4.19605,61.51,22.16908,15.79,3990.59,1.92,128.71,143.01,0.1147,15.8713,6.9333,0.0337
3726,23.76785,90.59385,75,Y,49639.19,0.19958,874.82,37827.09,1.34763,57.68,13.87433,15.93,3980.27,1.93,119.51,124.61,0.1947,15.1368,2.2482,0.0222
3732,23.768617,90.593767,70,Y,,,,,,,,,,,,,,,,
3735,23.768517,90.59495,45,Y,42694.03,0.47706,3781.95,39277.07,3.8345,65.17,27.6006,14.51,3467.03,1.6,85.38,162.14,0.1293,17.9615,10.2291,0.0325
3743,23.76945,90.593967,60,Y,45978.66,0.22612,5037.21,45983.29,2.41923,59.81,27.93422,16.58,3551.13,2.12,61.06,177.79,0.1361,17.2928,14.0048,0.0262
3744,23.769133,90.595083,60,Y,,,,,,,,,,,,,,,,
3747,23.765167,90.595367,50,Y,,,,,,,,,,,,,,,,
3748,23.76515,90.596667,60,Y,40634.78,0.53431,488.93,61454.19,2.85465,83.35,44.24241,22.53,4588.21,1.75,136.46,236,0.2359,48.7604,1.1234,0.1375
3753,23.765517,90.596917,60,Y,,,,,,,,,,,,,,,,
3757,23.765533,90.597783,60,Y,41842.9,0.53415,11078.76,76365.46,6.27815,139.34,38.12431,32.41,6858.41,3.04,88.13,244.36,0.1293,80.2335,30.2966,0.0593
3763,23.7659,90.597733,60,Y,,,,,,,,,,,,,,,,
3765,23.765983,90.5973,60,Y,40604.25,0.67986,380.62,40651.68,6.5375,98.77,31.37913,19.62,4321.99,2.09,144.16,188.55,0.1183,48.4548,0.871,0.0444
3766,23.765733,90.5973,60,Y,43059.21,0.60727,1747.55,59670.2,6.8641,81.95,26.46456,27.4,4115.36,2.32,85.81,234.2,0.1423,68.4782,4.4067,0.047
3781,23.765783,90.5988,45,Y,,,,,,,,,,,,,,,,
3783,23.765717,90.5989,60,Y,38387.09,0.12629,3521.29,39807.8,2.68597,67.52,26.84628,18.18,4496.49,0.79,43.99,129.07,0.1236,25.2744,9.4541,0.0255
3785,23.7652,90.599067,60,Y,40021.49,0.30256,3127.99,49800.08,3.62331,77.14,22.02968,22.07,4371.98,1.82,53.83,188.27,0.1711,43.628,7.7368,0.0405
3790,23.765367,90.59965,65,Y,41631.89,0.29325,405.04,45447.72,2.99361,69.34,15.29331,19.52,3835.96,1.98,86.47,173.98,0.1906,,0.1583,0.0206
3793,23.765467,90.599583,65,Y,41472.92,0.26757,66.93,45130.78,2.09749,65.83,18.73764,18.09,4313.12,1.95,87.1,175.36,0.1884,21.1716,0.1888,0.0237
3795,23.764633,90.600933,120,Y,23995.58,1.33584,25.65,3577.16,1.73495,24.99,74.4066,3.39,2183.08,0.06,76.68,34.47,1.5958,54.8291,,0.1922
3797,23.76485,90.6011,111,Y,,,,,,,,,,,,,,,,
3798,23.764533,90.60125,0,N,,,,,,,,,,,,,,,,
3804,23.764233,90.601983,45,Y,31096.91,0.32085,7689.44,59743.39,0.90479,101.58,41.24647,25.77,5221.17,2.68,21.26,211.72,1.542,54.4183,0.137,0.1751
3823,23.7909,90.631733,75,Y,,,,,,,,,,,,,,,,
3830,23.791067,90.632617,45,Y,,,,,,,,,,,,,,,,
3832,23.791333,90.633,45,Y,38849.06,0.19385,-3.7,44474.63,2.24846,41.57,10.33316,13.66,3360.21,0.78,39.09,166.1,0.212,10.2626,0.1649,0.0138
3835,23.79065,90.633833,45,Y,37898.31,0.24931,-7.07,45749.91,0.81584,47.82,11.87943,13.91,2782.76,0.62,22.56,161.13,0.2253,9.3517,0.1581,0.0101
3836,23.790933,90.6336,45,Y,37909.14,0.47131,50.77,47150.7,1.71257,58.7,14.766,14.97,3029.44,1.02,144.58,180.95,0.2192,13.0815,0.2256,0.0212
3839,23.790617,90.633217,45,Y,46709.42,0.26956,427.05,57740.01,0.16068,55.66,31.14446,16,3407.34,0.92,61.27,224.2,0.2393,19.5972,0.9378,0.0282
3846,23.790733,90.634467,45,Y,41012.87,0.50908,154.87,54838.69,0.44238,57.57,17.50458,16.89,3062.08,1.08,216.65,213.66,0.1749,20.1974,0.4137,0.026
3851,23.789833,90.633817,45,Y,46679.14,0.64741,4580.31,70579.66,1.15621,75.33,29.06649,24.88,3792.16,1.23,172.68,259.27,0.2332,49.1249,12.37,0.0211
3852,23.789933,90.633983,45,Y,42163.46,0.3918,583.78,61908.96,8.20801,81.48,15.3766,17.36,3482.8,1.6,186.7,271.05,0.2381,20.4052,1.3647,0.022
3853,23.789483,90.634017,60,Y,40050.33,1.70756,1929.55,41795.07,2.73966,55.55,12.16506,10.19,3044.56,0.84,700.89,202.66,0.3267,26.3925,4.9983,0.0124
3854,23.789367,90.634267,45,Y,,,,,,,,,,,,,,,,
3870,23.790333,90.635267,60,Y,,,,,,,,,,,,,,,,
3880,23.790233,90.636267,60,Y,34603.07034,1.283920324,14.79250998,39225.24301,3.860276278,84.29073532,13.70700841,11.27312369,2714.441943,0.778161649,249.6717431,153.2938042,0.2282,8.3137,,0.0142
3883,23.790533,90.636667,180,Y,18835.61623,2.370113879,41.16900583,4132.920979,1.764941892,69.6689498,64.43376007,10.1740508,11971.71439,0.015565034,25.52971304,91.58897256,0.7233,104.8595,,0.4493
3896,23.7898,90.636017,60,Y,57500.05439,0.771405351,16316.84091,110683.8083,5.441941752,168.6761442,53.32722875,47.70939192,5210.459739,2.47741785,150.0650083,418.4791321,0.1476,160.6511,46.0183,0.1535
3899,23.789983,90.6359,60,N,,,,,,,,,,,,,,,,
3906,23.787817,90.600333,115,Y,,,,,,,,,,,,,,,,
3909,23.78765,90.600583,115,Y,58164.49682,0.262105606,964.1122424,14922.82372,-0.00333656,20.7682884,48.32549332,3.831307107,1326.750928,0.008250309,0,129.5356206,0.3315,18.8565,2.583,0.0525
3916,23.7991,90.6273,190,Y,54924.4967,0.107188683,1806.652483,41644.33729,7.997981716,113.9747718,31.23890318,23.85311945,2547.143787,0.497614391,8.764589658,310.3410165,0.1556,49.6615,4.3459,0.0278
3918,23.798633,90.62775,70,Y,,,,,,,,,,,,,,,,
3923,23.800833,90.629983,55,Y,65252.07066,3.779362215,49.88336931,30718.5539,4.780013319,25.13874137,26.2233347,39.85157999,6031.182724,0.179150266,8.461114304,256.2395789,0.1925,14.4251,0.1654,0.0453
3924,23.80115,90.630167,108,Y,50051.79256,1.588233345,81.73940091,23676.15648,9.828950176,24.9135826,39.0352837,17.99995596,4198.812394,0.336199404,11.47965227,248.3835097,0.1982,24.5488,0.6066,0.0786
3926,23.801283,90.630317,115,Y,,,,,,,,,,,,,,,,
3928,23.801517,90.630633,120,Y,,,,,,,,,,,,,,,,
3933,23.802283,90.6307,25,Y,56584.81989,4.437516447,942.7257936,35829.29115,2.756472401,32.20834018,44.36943101,51.9392593,8834.419035,0.112942209,4.697274901,307.4904807,0.1998,33.2257,2.127,0.0607
3935,23.803117,90.630717,25,Y,61565.86903,3.439777801,24.10532662,22374.08414,3.521732185,18.65637135,23.16606933,32.41609935,10337.66101,0.085102279,10.41177313,189.7789201,0.2287,6.0127,0.1365,0.0193
3938,23.8022,90.630567,35,Y,56920.46601,4.779198357,126.6311789,36840.09506,3.03270589,31.8783027,47.90596188,54.35877913,10717.73954,0.092907925,4.915419809,313.9486638,0.2003,29.6037,0.3058,0.0683
3939,23.802517,90.631167,0,Y,,,,,,,,,,,,,,,,
3942,23.803067,90.632517,30,Y,61360.98091,3.850727861,104.2998254,22462.21802,4.040225308,17.95851958,32.54052214,34.37538293,7103.369971,0.110789134,13.15284252,202.376692,0.2282,11.4516,0.2512,0.0423
3943,23.80315,90.632633,30,Y,59783.02662,3.751217153,1451.654148,27056.03791,3.435475746,20.35034574,37.88926086,41.89315901,7157.005043,0.076031008,10.51064235,243.839713,0.2174,25.0207,3.6598,
3947,23.803817,90.63425,30,Y,,,,,,,,,,,,,,,,
3954,23.804617,90.63335,50,Y,,,,,,,,,,,,,,,,
3960,23.804383,90.632033,45,Y,59049.94731,2.856156807,2352.811426,26092.32095,3.68683661,12.7871277,32.17398843,32.29849132,4160.705591,0.109098194,5.018213316,170.0102787,0.2895,41.2589,6.2993,0.9948
3964,23.805583,90.632983,45,Y,,,,,,,,,,,,,,,,
3966,23.805167,90.633583,45,Y,,,,,,,,,,,,,,,,
3968,23.80595,90.63445,160,Y,63758.49573,3.257855895,67.52975678,42134.21266,10.62131947,21.93435031,39.37396713,43.10294348,6722.419907,0.185380772,11.84026262,302.0370806,0.2202,65.9724,0.1708,0.1099
3976,23.805867,90.633333,50,Y,63283.00328,2.738313708,29.25027844,43003.52304,6.112845693,17.43027116,36.24524145,34.1387627,4219.27287,0.142276836,2.031052105,210.3710275,0.2652,42.9202,0.2117,0.09
3981,23.806883,90.6331,30,Y,60353.00969,3.101897581,109.6715905,55031.18246,8.374566006,31.52568168,45.34269686,74.27760848,10564.16295,0.057832682,22.45111279,492.7467529,0.1172,62.4589,0.1606,0.0936
3984,23.806783,90.633583,50,Y,59285.66886,3.534795388,6134.567393,94920.31039,6.498652149,47.61731846,54.34789896,104.5456698,9614.327078,0.098099241,1.056267638,681.2879063,,,,
3986,23.80665,90.633733,50,Y,,,,,,,,,,,,,,,,
3989,23.806567,90.6353,130,Y,,,,,,,,,,,,,0.1844,217.525,15.7114,0.1368
3998,23.807517,90.633283,55,Y,62139.42113,3.459759676,134.0728558,37998.54826,7.047239803,20.94281546,51.37458331,49.4339465,8516.863173,0.123619083,10.83549552,319.5018904,0.158,46.9502,0.1587,0.0994
3999,23.807417,90.633133,45,Y,,,,,,,,,,,,,,,,
4000,23.806833,90.63545,135,Y,28930.69472,0.826785064,1710.058857,16707.31569,5.31545799,76.16582583,78.27197359,21.30706385,3531.972262,0.130136294,10.57176272,208.2748304,0.8631,170.0232,4.3377,0.5398
4009,23.78615,90.601617,85,Y,61058.91365,0.086490075,665.1799801,13764.56512,0.652546079,18.17611779,52.25970686,5.794002158,1483.388068,0.030015994,0,113.3321067,0.3874,36.9722,1.7709,0.1288
4010,23.786067,90.600917,120,Y,61463.45239,0.092795826,638.2573753,13397.915,1.176493646,16.34412105,50.55303302,5.323261428,1316.392907,0.03177949,0.078230565,111.1321061,0.3932,31.8887,1.7,0.1225
4015,23.786667,90.60195,110,Y,,,,,,,,,,,,,,,,
4016,23.786683,90.60105,120,Y,63875.42884,0.269942923,582.162622,12030.3448,0.548241744,21.22497226,50.44314198,6.00643105,1247.347974,0.020146312,0.003727539,113.5560376,0.359,35.8921,1.5325,0.1312
4018,23.786767,90.601833,135,Y,63439.17423,0.384896912,645.8211782,10863.7747,0.606379775,25.46520852,50.02499189,6.225736393,1216.354023,0.080080575,0,101.8492299,0.3974,23.0594,1.6911,0.1063
4021,23.786967,90.600633,120,Y,60532.72955,0.199286023,652.9698265,13593.39436,1.481847347,25.31546896,48.2826252,7.887453156,1590.23844,0.042144035,0.237838032,108.2814017,0.4025,24.4353,1.7922,0.1005
4040,23.784567,90.60135,135,Y,,,,,,,,,,,,,,,,
4043,23.784783,90.60095,135,Y,,,,,,,,,,,,,,,,
4062,23.785333,90.602967,30,Y,,,,,,,,,,,,,,,,
4083,23.786717,90.604667,30,Y,39032.75069,0.404606053,2133.514,34572.24532,10.41052862,105.2416706,17.90944791,16.44392907,3647.368362,3.182039721,125.2476215,130.5152221,0.111,37.5369,5.6422,0.0345
4093,23.783667,90.6017,45,Y,,,,,,,,,,,,,,,,
4095,23.78415,90.602833,45,Y,36058.53634,0.911867036,1499.667635,37444.35255,12.25988685,92.07914565,24.47094449,16.1060825,5127.197698,4.363444963,255.6206349,203.2241547,0.1767,39.7304,3.8504,0.0343
4108,23.784183,90.601933,45,Y,,,,,,,,,,,,,,,,
4120,23.7872,90.60345,135,Y,67174.04615,0.124815413,1431.776061,8845.390026,0.117320277,8.824473538,56.10910545,4.551922659,1060.677925,0.060389684,0.359136271,72.38607063,-0.0102,0.2261,,0.0118
4124,23.785417,90.6028,120,Y,64370.09023,0.152013923,840.9725903,11605.67802,0.597977249,15.54075647,51.01445858,5.409139712,1175.03973,0.045678977,0.381830171,93.32548565,0.3982,33.4566,2.2318,0.1038
4135,23.784917,90.60355,135,Y,,,,,,,,,,,,,,,,
4139,23.78575,90.603667,45,Y,41270.14973,0.305834035,5638.193775,60967.12168,0.64869264,131.2707378,35.96051074,23.3445414,6696.140796,6.271782288,84.84114042,317.8994135,0.1971,47.7089,15.4054,0.0488
4159,23.78515,90.6056,45,N,,,,,,,,,,,,,,,,
4163,23.78545,90.604833,45,Y,,,,,,,,,,,,,,,,
4168,23.786817,90.606217,30,Y,68330.00404,0.11884967,508.3011948,16185.13916,3.707614767,10.2059174,41.48360626,5.732064096,1246.541356,0.338213451,0.150496197,129.4766351,0.5169,23.0372,1.3675,0.0678
4181,23.788067,90.607833,120,Y,64670.57787,0.14439674,421.4377643,12424.74321,1.139322372,38.86419433,46.50415187,7.146121832,1432.580232,1.381266841,1.736573315,100.7506593,0.5041,25.5129,1.1427,0.0825
4252,23.781017,90.60925,75,N,,,,,,,,,,,,,,,,
4263,23.780333,90.610367,45,N,34226.62605,1.131266034,266.8031349,46716.08854,12.50135679,137.8762119,16.05293787,14.97306925,5933.895729,1.90455512,182.0820712,247.2134745,0.2637,14.8565,0.5671,0.0184
4273,23.77935,90.60935,60,Y,,,,,,,,,,,,,,,,
4330,23.778217,90.606167,45,N,43916.06347,1.915561312,5289.690324,59906.4055,15.24859461,181.4755727,56.38549229,34.69810704,5073.306649,0.800846326,30.65119321,268.4007662,0.1679,97.0292,14.0472,0.0414
4341,23.7784,90.6052,160,Y,,,,,,,,,,,,,,,,
4342,23.779,90.605017,130,Y,,,,,,,,,,,,,,,,
4347,23.778067,90.60395,160,N,,,,,,,,,,,,,,,,
4352,23.777583,90.602767,165,Y,41712.6968,0.578928919,14.31434935,22764.58204,15.34386297,81.19219739,43.66920343,17.71882004,3343.91299,0.86230315,121.6145922,220.5665637,0.3447,33.153,0.1787,0.0479
4354,23.779383,90.603433,150,Y,48378.03629,0.495930507,184.7755731,6235.066232,2.328716222,22.43623642,50.88654479,3.592368243,1476.027037,0.212296499,21.40869987,50.75274685,0.5997,26.7331,0.4701,0.044
4412,23.773633,90.5902,90,Y,28488.05137,1.129506298,11215.35533,54075.58696,10.32519248,288.2030252,52.00277751,27.25208154,24547.90655,0.967338464,506.7507985,455.6494029,0.137,86.6578,30.3947,0.0785
4418,23.769867,90.587217,60,Y,,,,,,,,,,,,,,,,
4422,23.76985,90.5875,105,Y,12605.5767,0.812546558,104.4833299,15122.27977,2.012216604,12.63788671,36.18305348,37.09227476,9656.196184,0.022021184,95.99516628,209.8612806,0.0787,32.2331,0.2616,0.049
4437,23.768917,90.585183,60,N,50905.48797,0.258969628,2492.65408,59938.07489,0.491467718,57.69320572,22.7451587,27.07028277,4373.491585,1.002070262,60.30785232,235.7072043,0.1687,38.8114,6.5803,0.0505
4448,23.76865,90.586333,60,Y,47182.01575,0.109079665,6491.284344,83813.70143,1.593829256,157.330154,53.88394572,32.73024137,9612.948098,4.280855479,17.15443333,334.1869027,0.1507,124.6903,17.6957,0.0851
4450,23.769217,90.586217,60,Y,49255.56053,0.742631297,235.4245271,44393.76229,7.380609081,78.34775879,17.49684714,16.91280616,3419.81801,2.235140445,285.9718839,229.9948607,0.1595,34.8343,,0.0688
4452,23.76865,90.58595,60,Y,48569.1437,0.565034634,90.93492431,44103.73527,2.649888363,68.59218362,18.73313566,16.50516606,3243.585914,1.875936416,234.8244961,221.8008899,0.1224,28.0304,0.2479,0.1185
4454,23.767383,90.585483,60,Y,52770.30514,0.495688926,215.6980617,63955.15608,1.640140638,69.2114545,20.4674403,19.60195922,3953.632567,1.86139014,157.8944007,276.8029314,0.2275,47.803,0.5095,0.099
4458,23.768117,90.585367,45,N,52553.84376,0.449840537,44.03657108,76036.64918,1.701042917,85.8955562,27.68572603,19.81954808,4279.543395,1.705368057,108.3137984,300.4789782,0.1779,120.3241,0.2088,0.2991
4468,23.76855,90.58515,60,Y,,,,,,,,,,,,,,,,
4480,23.767533,90.58455,45,Y,,,,,,,,,,,,,,,,
4487,23.766783,90.5845,45,Y,41675.33898,0.26472871,938.8129635,39462.34049,1.740342076,79.51475466,34.06743646,23.45024516,3881.088926,1.176051472,63.15980554,155.5893108,0.1478,27.5894,2.3043,0.0705
4500,23.76615,90.583917,45,Y,39030.31086,0.823484419,589.9580062,21896.30258,1.864469139,37.44407478,52.20310665,12.37788504,2808.464141,1.087102585,100.3877406,81.07828886,0.2082,46.7337,1.4801,0.1018
4527,23.762117,90.585767,45,Y,41325.25352,1.695788579,14.48772465,34501.88293,10.63998285,84.41331888,11.46487707,16.33352964,3781.646528,0.729801514,115.8340403,161.5956167,0.2084,6.3352,0.136,0.02
4530,23.762517,90.586167,60,Y,,,,,,,,,,,,,,,,
4534,23.763017,90.586533,75,N,38582.28234,2.025014021,16.70981055,46774.09817,10.76174304,121.5924218,21.74952894,22.27158703,5205.536157,0.349898943,141.1809199,222.2203151,0.2673,26.2487,0.1408,0.039
4536,23.762617,90.586833,60,Y,34178.23598,1.365838976,39.10218341,44405.8195,9.783654331,109.029727,16.34718681,19.39662049,5678.172969,1.101121275,218.004379,208.2828745,0.2732,17.1762,0.1566,0.0345
4546,23.763833,90.588983,60,Y,42225.72754,1.02675013,1092.285773,41605.38573,4.666044298,79.45703322,40.87823755,20.76602144,3313.020983,1.492075253,106.9491316,159.3168576,0.1914,55.8183,2.8147,0.1489
4558,23.764817,90.5919,60,Y,,,,,,,,,,,,,,,,
4564,23.7655,90.592017,75,Y,,,,,,,,,,,,,,,,
4579,23.764933,90.593283,105,N,40749.74242,0.900268378,927.9926344,43521.64193,17.23292773,113.9531885,40.44976064,17.16963616,4491.109397,1.756386327,257.8023291,248.8301357,,,,
4591,23.765167,90.5939,70,Y,,,,,,,,,,,,,,,,
4592,23.765083,90.594033,60,N,41312.75409,0.699240083,2912.664332,43685.82766,7.676628724,82.05282824,32.63275681,14.89153931,3283.486231,2.129927156,182.075367,223.4353215,0.2476,46.8569,8.0507,0.0712
4596,23.767,90.605917,45,Y,47570.71026,0.557862622,284.7143211,21464.86797,4.643573746,44.63040215,9.215961306,8.07355738,3283.389626,2.340785876,66.55272598,100.1196888,,,,
4599,23.766833,90.606517,75,Y,,,,,,,,,,,,,,,,
4610,23.791933,90.6306,30,Y,35493.786,0.121965202,5852.823914,60152.36456,5.41375311,131.5260528,50.86985876,38.27535129,3904.857211,1.242472374,12.65754425,200.3260439,0.0928,119.2035,16.2104,0.2083
4614,23.792867,90.63115,60,Y,,,,,,,,,,,,,,,,
4619,23.7901,90.631667,35,N,48694.33095,1.698357632,652.7433041,72279.13573,11.88123365,147.3273297,28.17044357,32.19855959,3295.245618,1.788682069,195.7258164,259.7809637,0.2493,70.1371,1.5333,0.0345
4754,23.8082,90.638633,120,Y,27435.86322,1.576006225,1145.792947,12259.22604,2.24446531,18.32765217,22.43908256,28.36478594,7601.285432,0.040983703,110.4370086,195.2402699,0.2284,23.0094,2.9942,0.02
4757,23.807833,90.638717,30,Y,25651.01451,0.031057585,14601.41436,66558.34102,2.361704634,230.9600475,56.23588168,53.32593974,7692.500604,1.772557978,1.432340524,253.5429932,0.0956,127.3628,,0.107
4762,23.808583,90.639683,30,Y,,,,,,,,,,,,,,,,
4767,23.808683,90.639617,30,Y,,,,,,,,,,,,,,,,
4782,23.80165,90.612117,55,Y,61385.36742,5.477615847,5997.166676,32564.15036,3.530908478,35.87811554,55.64818455,46.07655816,10780.85096,0.119394006,29.03671233,294.1778584,0.2755,87.4173,15.8083,0.2444
4787,23.794533,90.6267,45,Y,,,,,,,,,,,,,,,,
4794,23.794983,90.626567,30,Y,31821.06414,0.01002364,16809.92133,50251.91927,0.781612814,133.210532,56.11503884,29.47324202,5952.727129,0.350396169,0.109664547,197.5111779,0.1342,99.1877,48.3355,0.0349
4800,23.796233,90.625583,30,Y,33533.1895,0.03794853,4717.98639,30718.75753,4.569173022,81.5919332,21.60275376,18.14799232,3351.030743,2.672305085,0.711949412,128.3055444,0.0632,31.3096,13.3786,0.0087
4801,23.761417,90.626933,45,Y,37812.88816,0.043042999,2094.81512,25545.84937,2.16161095,79.6427504,23.0699196,17.62216227,5807.859802,1.26045421,0.902322914,84.86788998,0.0995,33.0875,5.7288,0.0207
4824,23.7624,90.628767,45,Y,,,,,,,,,,,,,,,,
4845,23.763683,90.625667,45,N,,,,,,,,,,,,,,,,
4846,23.763833,90.625783,75,Y,,,,,,,,,,,,,,,,
4854,23.763283,90.6265,45,Y,35831.54921,0.586058038,46.32882877,18885.23807,4.277109987,41.806154,7.689500791,10.90006189,2567.041824,0.938655747,70.84642374,67.61485928,0.1822,12.2721,,0.0117
4859,23.764867,90.626367,42,Y,,,,,,,,,,,,,,,,
4863,23.764867,90.627917,45,Y,41066.03218,0.038187436,9562.221647,39573.65779,5.312366876,135.4995689,49.51377632,28.29719189,5067.66203,5.827595559,10.64892967,113.4018359,0.0505,88.067,27.1032,0.0402
4866,23.764417,90.62795,60,N,37488.28089,1.301418692,86.84017195,19812.06772,4.004498464,34.07390952,7.015124029,6.533036628,3388.456975,0.76809941,246.6403443,104.5661627,0.294,7.747,0.2448,0.006
4881,23.766667,90.629383,55,N,46370.31961,2.171704124,327.9192341,44985.37717,8.768729198,96.78687483,24.21880906,23.42996069,3100.4749,0.861528107,70.80111867,174.6175416,0.2082,37.9634,0.7241,0.0252
4887,23.76605,90.62775,45,Y,32006.54008,0.081144959,6460.126735,17256.67488,11.53750693,70.9702704,8.981773045,13.83020664,2801.121913,0.474437679,5.76450997,60.52502417,0.0618,15.9902,19.2881,0.0134
4888,23.76595,90.627467,30,Y,32928.26116,0.020128567,7156.86406,37671.3922,0.884637326,63.12077456,29.13715565,21.8881836,4468.083113,0.134418502,0.279806926,143.9066321,0.1657,55.0958,20.8049,0.0327
4891,23.765567,90.627683,45,Y,31761.37111,0.1073165,2509.207694,16000.38377,10.42599636,52.4641224,10.83101055,10.38957691,2794.491331,0.465650928,2.01104372,72.51124023,0.1364,16.9236,7.3811,0.0135
4898,23.765083,90.6271,35,Y,,,,,,,,,,,,,,,,
4907,23.806567,90.636083,166,Y,24667.02457,1.465142356,728.0042621,9222.317546,2.076843507,64.68490402,61.37925654,15.68522089,4280.756662,0.027390022,37.76263463,144.4528996,1.247,69.3696,1.7138,0.1989
4913,23.8073,90.6364,135,Y,33143.0718,0.050602034,987.2118954,12639.2158,0.35729121,16.40994387,74.14097361,7.486417636,1211.419026,0.025968276,0.266173466,123.0560553,1.0591,107.3198,2.5364,0.3421
4914,23.8072,90.6363,140,Y,31239.0209,0.14881189,1220.877945,16824.58287,0.817839227,38.48511834,78.54800479,15.32353215,2129.561269,0.143169291,0.327796221,188.5461137,,,,
4916,23.8077,90.6363,135,Y,24507.73171,2.070361975,23.35149158,8078.331772,1.613610519,76.0190916,78.14334875,16.16339866,6125.241287,0.072758532,102.7438502,136.7668168,0.9274,99.2067,0.1389,0.3433
4917,23.807533,90.636483,110,Y,23998.5852,2.15325173,30.25566315,8560.696194,1.877413079,75.68822417,76.61780561,15.24323736,6027.434991,0.030731333,90.32121626,153.6296865,0.8181,114.0378,0.2037,0.4059
4926,23.80795,90.637433,150,N,31906.72895,4.662144628,118.8390736,5328.549284,1.809127546,10.66482929,62.57938827,12.49877375,7747.709326,0.020796707,142.4099676,102.8718353,0.6483,88.4305,0.2375,0.2874
4944,23.808633,90.6374,135,Y,,,,,,,,,,,,,,,,
4946,23.80855,90.637533,135,Y,22141.79631,1.467851927,52.35593557,9340.695203,2.244778252,15.10557323,32.29879098,18.56449114,8277.584197,0.047534305,84.21501483,150.0383332,0.3741,18.7185,0.202,0.0225
4950,23.801133,90.610617,200,Y,58480.56548,0.18994685,515.4977231,25051.1371,-0.000233408,38.95953731,56.20842479,9.999489561,1490.421777,0.022088375,0.632894708,202.8309636,0.6102,41.0424,1.3886,0.1468
4958,23.766183,90.630517,30,N,,,,,,,,,,,,,,,,
4960,23.766,90.631033,60,N,44078.69082,1.989554372,14.25300629,34886.3401,12.19131949,84.99228225,16.80825593,15.26663899,3107.926765,0.764864317,54.39070989,153.581282,0.2001,20.2764,0.1372,0.0162
4969,23.76175,90.6281,45,Y,,,,,,,,,,,,,,,,
7001,23.790117,90.631183,65,N,31189.49213,1.052956919,749.8227335,44191.59295,12.77550009,126.9336308,9.89850872,15.32114911,3076.179134,1.683094336,386.8279539,235.091469,0.2987,14.0469,1.8671,0.0132
7010,23.79015,90.6388,55,Y,38173.48953,1.238197273,3624.439872,90453.41926,8.74624298,156.009654,30.54131442,31.10237437,6294.908008,2.474557631,270.7859739,331.3305706,0.2048,65.4833,9.5707,0.0383
7011,23.79005,90.63895,55,N,37857.68012,1.887188441,6227.746489,100231.6038,10.70368511,207.8114829,56.50097625,34.72267297,11073.9297,3.905678696,258.6621348,352.0302335,0.198,116.7014,16.5443,0.0551
7013,23.789733,90.6384,60,Y,37199.96208,0.949836887,13.69497823,51862.73844,10.06195031,119.5698752,11.64191782,19.90450648,7806.94907,1.376403252,154.6764134,230.8238149,0.2422,12.7629,0.1512,0.0201
7015,23.789667,90.637983,60,Y,41799.70465,1.010025622,16.15063688,59507.03398,1.786301224,53.27795117,12.98486007,16.30040724,3270.804545,1.754866753,351.2063166,236.9892259,0.2969,14.7922,0.1522,0.0135
7019,23.79075,90.638683,70,Y,,,,,,,,,,,,,,,,
7021,23.790833,90.638867,50,Y,34574.66227,1.452277107,33.92445504,64075.54309,5.225334992,91.11372306,15.94022421,20.03939895,3935.144559,1.984731995,227.78906,270.39468,0.2034,16.0853,0.1744,0.0147
7026,23.790933,90.639233,35,N,,,,,,,,,,,,,,,,
7029,23.79125,90.6402,35,Y,41826.2577,0.454125009,12415.75343,66013.86381,10.98926953,202.2472735,32.87776767,32.31668218,12111.70929,1.657279668,45.07661637,224.7745755,0.0841,73.8822,35.6519,0.0408
7030,23.791133,90.64045,45,N,,,,,,,,,,,,,,,,
7040,23.7911,90.642017,35,Y,52241.39889,0.191313244,3282.768905,24113.13977,4.200536991,54.20475424,13.06601547,12.23959733,3890.184632,2.231313462,54.95845814,101.8923858,0.0441,21.9904,9.3853,0.0156
7050,23.79075,90.642283,30,Y,44810.72004,0.199884273,11621.34969,39656.08569,8.885906454,149.9274819,42.60355256,28.55076809,2064.431229,0.801354625,17.7555442,144.2373978,0.0741,74.3765,35.0749,0.0421
7058,23.790933,90.642783,35,Y,41755.90466,0.098072336,3640.658364,31373.64891,2.417769207,63.72276226,16.79298726,16.43286841,1875.616018,3.004647842,43.50835411,169.1471872,0.0399,22.052,11.0434,0.0165
7060,23.791333,90.643017,40,Y,39994.49376,0.066998322,2587.353674,24930.51589,1.380652112,66.76080601,12.61220788,17.03940155,1748.672955,2.137227993,6.831314614,94.59347588,0.1348,15.4072,7.7685,0.0162
7061,23.791517,90.64305,40,Y,38426.32883,0.106795184,3676.49959,28947.86756,2.560066398,68.28005207,14.56480666,18.06585594,1774.217851,1.678491595,8.042300516,118.5418739,0.1609,22.0161,10.9956,0.0205
7062,23.79135,90.643133,46,Y,,,,,,,,,,,,,,,,
7063,23.791167,90.643367,27,Y,,,,,,,,,,,,,,,,
7065,23.790133,90.643267,55,Y,54650.03113,0.094538417,364.7153371,40615.61351,1.167561809,60.07517117,11.66130639,13.90611962,1600.18504,2.288057667,41.58887811,199.4337275,0.0923,15.5095,0.9107,0.0136
7066,23.790067,90.643017,35,Y,48138.90594,0.088422237,3556.02535,30807.75766,1.79050823,88.16342731,17.11817827,18.29656212,1429.619181,2.13687417,7.918357507,144.6677433,0.0562,30.7166,10.5616,0.0245
7067,23.7901,90.643383,45,Y,53059.88708,0.076472503,12279.05342,63774.09111,1.607349089,106.6021766,18.46908202,26.88711788,1593.646739,3.90213674,18.36559575,313.2934444,0.0603,66.2486,37.48,0.0411
7092,23.790583,90.64615,30,Y,,,,,,,,,,,,,,,,
7094,23.79075,90.646333,35,Y,42622.19874,0.168689224,20790.21056,68071.65372,5.829855723,140.7484872,64.05360433,35.95197864,1151.672673,2.325144967,53.09782887,222.72586,0.1004,129.1747,61.2508,0.0378
7096,23.789567,90.646017,52,Y,39488.45221,0.218682264,19767.18942,69978.85893,3.207759445,138.8658403,47.40396522,46.76806913,1269.845918,2.184810148,59.28500296,240.62413,0.2339,118.5357,58.2209,0.041
7097,23.807783,90.63805,130,N,28065.21086,3.872713852,103.7832301,8774.290876,1.31509069,15.93214974,76.0527045,15.19219818,1165.718481,0.051240184,115.792905,140.356429,0.7376,128.3843,0.221,0.4719
7098,23.80785,90.638,145,Y,,,,,,,,,,,,,,,,
7101,23.80795,90.6384,145,Y,,,,,,,,,,,,,,,,
7111,23.791933,90.6464,40,Y,,,,,,,,,,,,,,,,
7119,23.792683,90.645633,35,Y,,,,,,,,,,,,,,,,
7123,23.7927,90.645217,30,Y,46529.02552,0.115845076,742.058879,32596.62813,4.216852564,66.61555086,15.88862248,22.00653836,799.2545162,2.396539263,45.40610141,98.7499879,0.1529,26.3656,2.1089,0.0068
7124,23.792883,90.64515,30,Y,47138.86611,0.139053982,1252.924978,29433.54983,3.617685884,58.3551132,21.37199694,20.29342303,778.75418,1.139615496,46.22422821,91.12967667,0.1471,29.537,3.459,0.0087
7126,23.793533,90.64605,30,Y,42623.7746,0.154722592,2682.25009,32231.71661,4.468846094,69.97790821,18.91437731,19.8173082,554.8949871,0.89209901,21.69268388,107.9187437,0.1547,24.4074,7.9314,0.0085
7129,23.7937,90.6463,80,Y,40568.63891,1.445790174,907.3436335,39690.02593,6.515917156,64.54976754,13.45736583,13.10845783,538.5204857,0.844334234,267.5535238,175.6620521,0.1532,10.4533,2.4205,0.0084
7131,23.7945,90.646283,40,Y,40382.42571,0.105914961,1520.568032,27164.25335,3.659546934,60.73021792,16.280611,17.32007887,427.3828301,2.280064568,36.37569718,121.4641905,0.113,18.3875,4.3684,0.0146
7136,23.79345,90.645483,100,Y,38640.00895,1.274613761,1038.554746,41822.88604,3.174687649,73.12800304,13.42499835,12.57792079,287.8801932,0.695451064,282.519542,186.8974662,0.1794,11.8995,2.8867,0.0165
7148,23.794667,90.640917,40,Y,40688.42458,0.173378169,1288.890432,20722.70185,4.532367907,45.70144437,6.056137488,14.6555297,396.8431598,1.345935873,48.57148913,98.98928224,0.1371,9.9978,3.7928,0.0087
7154,23.7962,90.643983,30,Y,42146.08364,0.138465508,387.5931313,21417.5379,1.299422618,28.91756118,4.428420525,10.65298554,112.6987661,1.215064311,20.24847325,89.71454382,0.1991,1.6666,1.153,0.0059
7156,23.796833,90.644033,45,Y,41214.21269,0.797769033,1130.176472,31720.72649,3.989835577,55.42303396,15.17021586,11.77532118,18.85585373,1.565737378,100.6516492,135.8686711,0.1502,15.4835,1.6546,
7157,23.7967,90.644083,31,Y,42746.22725,0.237000101,950.5222432,14915.42893,1.622332574,25.9072717,5.595570393,8.328783165,,0.948612422,32.3551581,58.22388372,0.3197,6.2945,2.8894,
7158,23.796883,90.64405,45,Y,53943.89165,0.229936347,1360.202323,24730.85586,1.159287061,38.31565715,13.69225666,13.91459691,,1.235467372,56.88325695,99.679699,0.0945,13.2254,4.0121,0.0172
7161,23.797417,90.644433,35,Y,42732.48244,0.279169497,1374.935785,19179.27259,0.946844943,28.60119049,8.360003995,8.250871017,,1.056138467,47.35908656,79.60178637,0.1345,8.5521,4.171,0.0074
7164,23.798517,90.644,25,Y,42972.25235,0.214771425,5277.007219,33784.02327,4.082060322,73.4766063,22.8541501,19.88069582,,2.442008679,62.21464135,134.323251,0.0777,20.0835,15.3631,0.0119
7166,23.79765,90.643833,30,Y,44549.61801,0.569890954,658.9700562,30164.81621,3.424944768,57.2408811,9.039082785,10.46450066,,2.065296272,196.2310728,128.9016957,0.0876,3.9478,1.8724,
7175,23.79555,90.645983,35,Y,43473.15948,0.6664113,2059.672767,34561.70595,7.082351751,79.674488,13.16568264,17.48245273,,2.102079835,128.7577221,159.4880465,0.0774,21.7384,5.9462,0.0097
7178,23.795767,90.646133,30,Y,43210.00362,0.98667536,470.3271264,15477.61078,3.824605979,41.86642037,6.021628146,8.982848213,,1.075687285,147.6387886,64.90109789,0.1255,3.7169,1.3301,0.0605
7179,23.79605,90.646333,30,Y,41607.74526,0.750670834,953.8451774,17835.89948,12.49345368,62.18286453,8.584653122,12.25513293,,1.431431907,87.76462035,89.80654818,0.0739,9.0412,2.847,0.0105
7180,23.79625,90.646267,36,Y,44431.72899,0.751827731,1505.376995,22472.57021,8.206233594,89.53088962,11.35168552,14.64701185,,1.678952894,100.8598165,102.3449329,0.0906,8.1829,4.5299,0.0069
7186,23.7953,90.64665,43,Y,,,,,,,,,,,,,,,,
7187,23.79725,90.646217,46,Y,,,,,,,,,,,,,,,,
7198,23.7997,90.642933,43,Y,49331.00895,0.220944708,12604.18369,84979.97189,5.748613905,122.4093968,28.63203238,32.26902992,,3.339770739,81.85956787,336.7673954,0.0784,93.4222,,0.0146
7205,23.792717,90.65255,45,Y,33494.69003,0.018996143,2633.532071,38750.07338,1.259303475,110.6295024,23.39428718,25.48805349,,0.94885346,0.177276483,120.0059537,0.1755,45.8383,7.4458,0.0288
7213,23.79155,90.652683,60,Y,,,,,,,,,,,,,,,,
7221,23.791533,90.653417,45,Y,,,,,,,,,,,,,,,,
7225,23.79105,90.6535,45,Y,,,,,,,,,,,,,,,,
7227,23.7911,90.653183,45,Y,50611.30503,0.097691756,8090.220344,38351.01776,3.061140604,76.14259528,23.91188052,16.70207479,,1.818353973,21.44300944,128.172215,0.0958,47.2317,24.821,0.0298
7239,23.790867,90.65285,30,Y,,,,,,,,,,,,,,,,
7247,23.790783,90.65315,45,Y,,,,,,,,,,,,,,,,
7249,23.7911,90.653483,45,Y,,,,,,,,,,,,,,,,
7257,23.789983,90.652617,45,Y,,,,,,,,,,,,,,,,
7260,23.790883,90.654033,45,Y,41513.82677,1.697027212,14.93361817,47308.53575,14.96144885,133.8531703,22.60691365,17.73065833,,0.913209748,130.1089059,182.3780722,0.1951,22.9864,0.2077,0.0278
7288,23.791183,90.65,60,Y,,,,,,,,,,,,,,,,
7296,23.7925,90.650217,45,Y,49162.3077,0.343975726,2910.615555,40413.40766,2.146536986,72.08595937,21.29250559,21.03064558,,1.560197576,61.06588177,150.4047515,0.0827,25.0334,8.3055,0.0065
7299,23.792433,90.65095,45,Y,,,,,,,,,,,,,,,,
7307,23.793667,90.6515,45,Y,49486.04857,0.122758183,10355.43174,55082.57902,1.347130675,100.3533034,49.18246025,34.85619033,,2.786047145,48.30611931,182.1271402,0.1004,77.0646,30.2623,0.0395
7309,23.794017,90.651733,45,Y,41423.17063,1.192842638,879.9150023,22610.35546,15.49088162,91.44346589,25.21044981,15.41506429,,1.155266432,36.31123884,81.27021788,0.1182,23.8775,2.5774,0.0104
7313,23.794567,90.651033,45,Y,,,,,,,,,,,,,,,,
7318,23.7918,90.651367,60,Y,,,,,,,,,,,,,,,,
7325,23.792333,90.6523,60,N,39711.04494,1.202474526,1713.619468,27794.01714,16.44449596,165.0072629,35.21382576,15.77094732,,0.748341028,79.79847875,113.0831382,,,,
7330,23.79315,90.652,60,N,,,,,,,,,,,,,,,,
7336,23.79385,90.65255,45,Y,,,,,,,,,,,,,,,,
7341,23.7942,90.652667,45,Y,40523.43773,0.091675748,2848.048146,40703.88184,1.869485926,69.65771604,29.68487502,21.33323043,,2.291618897,39.24981692,173.4030945,0.0716,35.8091,8.4836,0.0207
7345,23.794083,90.651983,45,Y,47461.55414,0.590470419,7309.036583,86920.95356,6.579808699,191.9360296,49.79837204,43.79032452,,3.322078282,167.1221582,336.5525047,0.1244,94.5886,21.4988,0.0427
7347,23.794733,90.651917,45,N,,,,,,,,,,,,,,,,
7349,23.794933,90.652033,45,Y,,,,,,,,,,,,,,,,
7356,23.795167,90.651583,45,Y,55002.74552,0.284185709,4965.740828,41990.01785,1.804582908,72.38585995,30.16829582,24.85206125,,2.45159335,64.36637118,130.4092521,0.1206,49.8641,14.7149,0.0286
7364,23.796617,90.650667,45,Y,,,,,,,,,,,,,,,,
7369,23.796433,90.649633,45,Y,36000.95414,0.022212992,1025.890012,33814.41549,0.122545988,68.83176594,22.86522846,25.03908084,,0.515129496,10.23320419,106.1539925,0.1062,35.2777,2.8111,0.0196
7370,23.79625,90.64985,45,Y,34882.78866,0.348148129,1398.901221,47268.93374,26.86945288,176.7917075,51.44023259,23.69069022,,2.604976039,53.37529843,169.9824898,0.1542,95.1489,3.5746,0.0302
7379,23.79715,90.649467,45,Y,,,,,,,,,,,,,,,,
7380,23.797267,90.64905,45,Y,46737.44049,0.840787232,157.8768533,18730.17937,6.535541374,30.65093687,9.128754354,9.100268467,,1.32511421,104.7746879,58.38973261,0.123,6.6177,0.4328,0.0059
7392,23.799117,90.648233,60,Y,,,,,,,,,,,,,,,,
7396,23.79925,90.64875,45,Y,,,,,,,,,,,,,,,,
7406,23.79115,90.657883,0,Y,,,,,,,,,,,,,,,,
7408,23.791883,90.657883,50,N,,,,,,,,,,,,,,,,
7417,23.791117,90.658383,43,Y,,,,,,,,,,,,,,,,
7419,23.791683,90.659,45,Y,38147.5172,1.529759568,846.873066,49556.55419,5.262778213,88.15193422,12.07702742,17.86625281,,0.532076368,75.78516026,186.3080658,0.2094,20.7507,2.3144,0.013
7422,23.791367,90.659117,45,Y,,,,,,,,,,,,,,,,
7427,23.791567,90.660717,60,N,,,,,,,,,,,,,,,,
7431,23.79185,90.6604,45,Y,,,,,,,,,,,,,,,,
7438,23.792367,90.6595,75,N,,,,,,,,,,,,,,,,
7456,23.788733,90.6574,37,Y,39097.92468,0.053272769,7896.412666,62628.13531,0.305083663,80.64539787,61.87407068,28.63374569,,0.876629494,4.347971226,174.1913119,0.2069,77.5613,22.7895,0.0384
7457,23.78865,90.6575,32,Y,,,,,,,,,,,,,,,,
7459,23.789933,90.659283,60,Y,40117.42596,1.347130913,3547.378656,69633.27039,3.197173197,134.7330149,26.64797432,31.25375885,,1.458129183,87.10249203,278.3945452,0.1398,58.3758,9.9452,0.0409
7463,23.792967,90.660067,45,Y,,,,,,,,,,,,,,,,
7466,23.792783,90.66115,45,N,,,,,,,,,,,,,,,,
7467,23.79305,90.66155,105,Y,,,,,,,,,,,,,,,,
7481,23.789167,90.659667,60,Y,46948.24145,1.849811118,35853.23293,67781.81342,1.656259943,77.21636584,60.49296956,35.24723223,,0.612787341,15.42701021,106.7330683,0.0836,170.2099,104.2403,0.1979
7492,23.789433,90.65875,45,Y,40442.94647,0.654952244,6353.586645,47118.98574,1.352667359,111.0976015,59.06539803,35.82473004,,0.839817971,1.997152132,93.99271826,0.0669,88.9704,,0.0854
7493,23.789633,90.65945,60,N,43323.95941,1.273044201,1544.046377,55658.10001,4.667776801,120.4567239,22.97473282,20.94989607,,1.186226986,53.42207156,258.0982225,0.2095,44.6406,4.2277,0.0312
7494,23.789733,90.659483,60,N,44023.88418,1.172085574,1023.167741,80183.25742,6.349396171,159.1716361,32.82276103,27.92693425,,1.671611651,77.00686527,359.6820752,0.1746,78.9229,2.6963,0.0487
7504,23.793667,90.65815,45,Y,50770.79362,0.143909404,171.5466674,49995.75431,3.00083976,88.57507196,18.45382999,21.28931639,,2.865018743,208.4476799,221.4248585,0.1645,43.9539,0.4492,0.0392
7508,23.794383,90.6575,45,Y,47417.95635,1.095644391,113.1809154,46848.09017,11.74044452,131.5829736,23.58598575,20.50116163,,2.091604842,96.8856738,161.5373327,0.1106,38.2706,0.3645,0.0403
7510,23.794617,90.65775,60,Y,44267.67981,0.968410255,6.744872933,24390.45013,5.863345015,62.61233107,19.49883973,10.95136977,,1.343303515,61.53928896,77.30494581,0.1313,12.1593,,0.0169
7514,23.79395,90.65745,60,N,48375.82211,0.979052747,1420.255478,52694.25919,13.02035241,129.2533869,23.80432312,20.63861379,,3.111450701,131.2489449,232.3408471,0.1152,40.7122,3.8367,0.0397
7515,23.793517,90.65695,50,N,51100.09851,0.742471742,184.9549846,42345.98736,6.467072748,66.3356649,13.20587735,17.46929001,,1.918722171,172.3587642,182.8291806,0.1389,17.0319,0.4954,0.028
7519,23.793567,90.658433,45,Y,51076.56003,0.247523604,1718.216661,43347.03788,4.966609225,115.5389351,16.01832015,21.28253751,,1.929835335,116.7823669,221.3946613,0.1528,31.5506,4.7414,0.0303
7520,23.793867,90.658483,45,Y,38684.63197,0.550190717,3121.915693,24771.15091,4.766179141,75.39603963,17.12575194,11.63775028,,1.18313566,79.60452798,88.84329212,0.1536,19.5993,9.5627,0.012
7525,23.79425,90.65925,45,Y,35471.26926,0.417607206,3687.519023,50668.04826,8.003337586,162.8861907,42.3966682,23.18427844,,3.900915268,104.4525738,207.4992939,0.0826,99.35,10.763,0.0425
7528,23.7947,90.6592,60,Y,50964.17391,0.562377383,7.273143171,24463.97643,3.369394605,42.24228201,10.52722592,9.710963866,,1.905156392,120.4144819,89.66679223,0.1329,9.9047,0.1908,0.014
7536,23.795483,90.659483,45,Y,66522.76969,0.162417181,717.4912961,38119.27141,3.719083266,78.13767717,12.7797977,14.42662579,,2.451619235,65.94582422,137.2730891,0.1723,18.2424,1.1383,0.0187
7553,23.797067,90.66235,60,Y,48357.52801,0.110521906,10978.01682,80912.06156,1.735056475,149.6567323,65.54033075,42.46208581,,3.140170168,31.81514061,282.0873065,0.046,172.7598,32.9045,0.2166
7559,23.797783,90.662433,55,Y,,,,,,,,,,,,,,,,
7568,23.797867,90.662683,45,Y,38252.97007,0.112451044,1239.802778,45294.9244,0.757706921,79.87192389,66.45846954,26.3173547,,1.129614605,34.51449729,126.2241868,0.0733,102.5346,3.3339,0.2433
7569,23.798,90.662517,60,Y,37269.18296,0.080158087,1195.60625,40742.42043,0.370163164,73.05015795,69.53456212,23.06085286,,1.005429729,36.49539795,106.9348529,0.0553,121.9379,3.2063,0.2779
7573,23.7979,90.662967,45,Y,47302.38264,0.078119511,606.0344949,58785.30287,4.39097914,118.4643553,68.03489081,34.91951074,,2.4190428,14.08369802,183.6695447,0.0412,113.5228,1.4942,0.2348
7602,23.780967,90.64525,45,Y,36596.47547,2.180663545,10.74119906,57403.58586,9.4307913,120.5715442,15.18963812,19.95275137,,1.086919407,157.358085,262.7140415,0.2949,27.2036,,0.0192
7603,23.7809,90.64535,60,Y,37289.99489,2.44864783,13.33539741,65129.07627,8.923465295,134.4352309,15.87262181,24.25973075,,0.528848863,80.62721432,271.2104083,0.2701,29.801,,
7605,23.78145,90.64555,70,Y,34038.52545,1.651612822,25.94914601,55158.08016,7.675337425,112.8685121,19.92278245,15.31457165,,0.644508232,271.7523069,257.0723114,-0.0005,0.4877,,0.0096
7616,23.78185,90.64735,45,Y,,,,,,,,,,,,,,,,
7647,23.783217,90.64875,90,N,,,,,,,,,,,,,,,,
7649,23.783267,90.648683,60,Y,,,,,,,,,,,,,,,,
7661,23.78335,90.649133,105,Y,,,,,,,,,,,,,,,,
7662,23.783333,90.6493,75,N,,,,,,,,,,,,,,,,
7671,23.783783,90.648867,60,N,,,,,,,,,,,,,,,,
7679,23.78395,90.64995,60,Y,,,,,,,,,,,,,,,,
7704,23.785333,90.65085,75,Y,44099.51062,0.462643626,11.23275724,42020.45348,2.83437547,70.457489,12.65768612,20.27355399,,0.936945649,63.93517425,117.844948,,,,
7709,23.78555,90.651017,70,Y,,,,,,,,,,,,,,,,
7710,23.785167,90.6509,50,Y,49762.73012,0.214347317,11277.40617,55739.99074,5.312974218,114.9941566,57.64390727,36.54930781,,2.512453308,27.72950309,211.3842688,0.1637,12.6249,0.1619,0.0274
7717,23.783917,90.650817,50,Y,48708.03265,0.945844197,6997.71988,87903.34456,3.705982553,112.9504966,27.38631773,35.65238083,,1.253039388,52.42743437,340.6681139,0.1341,103.4596,20.1312,0.0406
7720,23.78365,90.651017,105,N,38199.05676,1.802466384,13.96691699,55365.44232,8.547324527,139.0021231,40.11594756,26.18707731,,0.321189687,318.9363385,274.2085243,0.2015,51.7302,0.178,0.0743
7722,23.783483,90.650567,67,N,45844.86449,0.404160614,1211.845136,40789.25894,19.04519914,108.3755795,16.44342025,27.3556995,,1.634002079,56.04017221,118.8938003,0.0832,31.2981,3.0619,0.0368
7725,23.783283,90.651283,60,Y,45481.91578,0.858934297,5519.793468,52918.88657,12.61488265,113.4698977,30.68974243,36.62097492,,1.55481774,33.53459761,191.9002896,0.0769,42.9854,16.3501,0.032
7729,23.7826,90.651267,60,N,70304.05795,0.112310636,1395.390508,27434.20897,0.509604152,84.67183477,34.87020407,16.13250096,,0.470986053,1.368709053,217.1082627,0.112,72.964,4.2523,0.2128
7735,23.7845,90.6519,50,Y,,,,,,,,,,,,,,,,
7740,23.784617,90.652367,150,Y,,,,,,,,,,,,,,,,
7748,23.784667,90.65235,60,Y,,,,,,,,,,,,,,,,
7751,23.7848,90.653167,50,Y,,,,,,,,,,,,,,,,
7755,23.784967,90.653367,90,Y,,,,,,,,,,,,,,,,
7756,23.7843,90.65265,60,Y,52006.98386,1.038610578,10906.99584,102525.0868,6.097139834,228.0971041,50.37510578,51.35110308,,2.1337134,68.55654806,398.0632332,0.1246,170.4603,32.0809,0.1053
7759,23.784283,90.65305,75,Y,47267.59708,0.180851271,9904.331086,67240.54313,3.170372502,154.8869683,71.35937908,43.49969472,,2.741101426,26.40045518,216.1490346,0.1376,149.8091,29.1066,0.0979
7770,23.784333,90.65395,50,Y,48084.33842,0.936357892,2085.570979,54666.48199,1.26003112,96.15958734,76.20744929,26.10482495,,1.019154062,78.97747021,253.5286744,0.1669,83.0137,5.6188,0.1512
7775,23.785117,90.65395,60,Y,34311.71514,0.117533833,2618.717799,42646.99574,1.843155815,58.66619104,28.28103042,22.578377,,1.192692064,28.07094878,123.0430178,0.1994,38.1123,7.518,0.0552
7787,23.799383,90.6494,50,Y,49267.24875,0.806298031,8698.531446,51704.70908,18.84223579,190.4999458,24.64032571,25.0760982,,4.257433484,150.2327011,266.0342706,0.075,68.9953,26.2332,0.0334
7792,23.79975,90.65015,50,Y,50096.92496,0.128778624,7798.342818,49747.45636,2.032886169,93.49878011,27.48232775,31.56854975,,2.27790316,4.798312647,161.4432175,0.0903,69.3873,23.2275,0.0251
7808,23.772617,90.63745,75,Y,40810.84088,1.959318323,1090.916257,39335.42587,7.124560115,182.1660551,12.13637436,18.24858989,,0.47681133,43.55369204,158.3684141,0.2024,21.1753,2.8913,0.015
7814,23.7725,90.637217,60,Y,41875.77515,1.56518869,11900.4646,56444.11382,10.07056703,284.4461422,40.31349709,28.70382974,,0.809359015,15.52715276,202.8528198,0.1072,71.5019,35.6737,0.0716
7817,23.77215,90.637267,45,Y,36782.46642,0.780302526,1127.151796,31498.57307,3.270264278,98.15373737,10.31888345,19.2659694,,0.366182873,5.364618679,69.81451079,0.1372,21.501,3.1596,0.0213
7832,23.773033,90.6361,75,N,45793.66876,1.721056536,90.43272951,47577.5242,11.50292729,107.4902337,18.65891231,13.56556003,,1.193614782,139.6963927,245.4186909,0.2349,27.2639,0.2653,0.025
7835,23.77265,90.6361,50,Y,,,,,,,,,,,,,0.1724,22.4342,0.2273,0.0151
7840,23.771717,90.63585,60,Y,,,,,,,,,,,,,,,,
7851,23.771683,90.634583,200,Y,,,,,,,,,,,,,,,,
7867,23.773483,90.640433,60,Y,,,,,,,,,,,,,0.2877,23.0541,0.1981,0.0281
7868,23.773583,90.640483,60,Y,,,,,,,,,,,,,0.2025,27.314,0.1964,0.0394
7871,23.773833,90.6405,60,Y,,,,,,,,,,,,,,,,
7880,23.77325,90.64265,60,Y,,,,,,,,,,,,,,,,
7886,23.77305,90.64375,60,Y,,,,,,,,,,,,,0.2318,40.7127,14.1781,0.0415
7888,23.773983,90.641017,60,Y,,,,,,,,,,,,,,,,
7949,23.76305,90.630083,45,N,,,,,,,,,,,,,0.0739,48.8797,27.1446,0.0304
7953,23.76355,90.6305,185,Y,,,,,,,,,,,,,0.5604,7.8197,0.5005,0.0138
7954,23.763567,90.6305,160,Y,,,,,,,,,,,,,0.4539,23.211,0.4629,0.0565
7959,23.763917,90.630933,180,Y,,,,,,,,,,,,,,,,
7960,23.763283,90.6308,60,Y,,,,,,,,,,,,,0.0907,40.4725,14.6687,0.0277
7968,23.763983,90.6305,75,Y,,,,,,,,,,,,,0.1269,51.688,0.2817,0.0513
7973,23.767017,90.630567,45,Y,,,,,,,,,,,,,0.0733,38.9047,8.0634,0.0143
7974,23.766817,90.630783,60,Y,,,,,,,,,,,,,,,,
7979,23.798917,90.645233,45,Y,,,,,,,,,,,,,0.0954,20.5994,6.967,
7984,23.799367,90.6455,45,Y,,,,,,,,,,,,,,,,
7993,23.797817,90.647567,45,Y,,,,,,,,,,,,,,,,
7996,23.79755,90.64685,60,Y,,,,,,,,,,,,,0.1166,110.248,34.2441,0.0313
7997,23.7978,90.64735,45,Y,,,,,,,,,,,,,,,,
7998,23.797967,90.647083,45,Y,,,,,,,,,,,,,0.09,26.193,12.0475,0.0112
