100,99,98,97,96,95,94,93,92,91,90,89,88,87,86,85,84,83,82,81,80,79,78,77,76,75,74,73,72,71,70,69,68,67,66,65,64,63,62,61,60,59,58,57,56,55,54,53,52,51,50,49,48,47,46,45,44,43,42,41,40,39,38,37,36,35,34,33,32,31,30,29,28,27,26,25,24,23,22,21,20,19,18,17,16,15,14,13,12,11,10,9,8,7,6,5,4,3,2,1,0
99,98.99,98.9799,98.969699,98.95939599,98.94898995,98.93847985,98.92786465,98.91714329,98.90631473,98.89537787,98.88433165,98.87317497,98.86190672,98.85052579,98.83903104,98.82742136,98.81569557,98.80385252,98.79189105,98.77980996,98.76760806,98.75528414,98.74283698,98.73026535,98.717568,98.70474369,98.69179112,98.67870903,98.66549612,98.65215108,98.6386726,98.62505932,98.61130991,98.59742301,98.58339724,98.56923122,98.55492353,98.54047276,98.52587749,98.51113627,98.49624763,98.48121011,98.46602221,98.45068243,98.43518925,98.41954115,98.40373656,98.38777392,98.37165166,98.35536818,98.33892186,98.32231108,98.30553419,98.28858953,98.27147543,98.25419018,98.23673208,98.2190994,98.2012904,98.1833033,98.16513633,98.1467877,98.12825557,98.10953813,98.09063351,98.07153985,98.05225525,98.0327778,98.01310558,97.99323663,97.973169,97.95290069,97.93242969,97.91175399,97.89087153,97.86978025,97.84847805,97.82696283,97.80523246,97.78328478,97.76111763,97.73872881,97.7161161,97.69327726,97.67021003,97.64691213,97.62338125,97.59961506,97.57561121,97.55136733,97.526881,97.50214981,97.47717131,97.45194302,97.42646245,97.40072707,97.37473435,97.34848169,97.32196651,
98,97.98,97.9598,97.939398,97.91879198,97.8979799,97.8769597,97.8557293,97.83428659,97.81262945,97.79075575,97.76866331,97.74634994,97.72381344,97.70105157,97.67806209,97.65484271,97.63139114,97.60770505,97.5837821,97.55961992,97.53521612,97.51056828,97.48567396,97.4605307,97.43513601,97.40948737,97.38358224,97.35741807,97.33099225,97.30430217,97.27734519,97.25011864,97.22261983,97.19484603,97.16679449,97.13846243,97.10984706,97.08094553,97.05175498,97.02227253,96.99249526,96.96242021,96.93204441,96.90136486,96.87037851,96.83908229,96.80747311,96.77554784,96.74330332,96.71073636,96.67784372,96.64462216,96.61106838,96.57717906,96.54295085,96.50838036,96.47346417,96.43819881,96.40258079,96.3666066,96.33027267,96.2935754,96.25651115,96.21907626,96.18126702,96.14307969,96.10451049,96.0655556,96.02621115,95.98647326,95.946338,95.90580138,95.86485939,95.82350798,95.78174306,95.73956049,95.6969561,95.65392566,95.61046492,95.56656957,95.52223526,95.47745761,95.43223219,95.38655451,95.34042006,95.29382426,95.2467625,95.19923013,95.15122243,95.10273465,95.053762,95.00429962,94.95434261,94.90388604,94.8529249,94.80145415,94.74946869,94.69696338,94.64393301,
97,96.97,96.9397,96.909097,96.87818797,96.84696985,96.81543955,96.78359394,96.75142988,96.71894418,96.68613362,96.65299496,96.61952491,96.58572016,96.55157736,96.51709313,96.48226407,96.44708671,96.41155757,96.37567315,96.33942988,96.30282418,96.26585242,96.22851094,96.19079605,96.15270401,96.11423106,96.07537337,96.0361271,95.99648837,95.95645325,95.91601779,95.87517796,95.83392974,95.79226904,95.75019173,95.70769365,95.66477059,95.62141829,95.57763247,95.5334088,95.48874289,95.44363032,95.39806662,95.35204729,95.30556776,95.25862344,95.21120967,95.16332177,95.11495498,95.06610453,95.01676558,94.96693324,94.91660257,94.86576859,94.81442628,94.76257054,94.71019625,94.65729821,94.60387119,94.5499099,94.495409,94.44036309,94.38476672,94.32861439,94.27190054,94.21461954,94.15676574,94.09833339,94.03931673,93.97970989,93.91950699,93.85870206,93.79728908,93.73526198,93.67261459,93.60934074,93.54543415,93.48088849,93.41569737,93.34985435,93.28335289,93.21618642,93.14834829,93.07983177,93.01063009,92.94073639,92.87014375,92.79884519,92.72683364,92.65410198,92.580643,92.50644943,92.43151392,92.35582906,92.27938735,92.20218122,92.12420304,92.04544507,91.96589952,
96,95.96,95.9196,95.878796,95.83758396,95.7959598,95.7539194,95.71145859,95.66857318,95.62525891,95.5815115,95.53732661,95.49269988,95.44762688,95.40210315,95.35612418,95.30968542,95.26278227,95.2154101,95.1675642,95.11923984,95.07043224,95.02113656,94.97134793,94.92106141,94.87027202,94.81897474,94.76716449,94.71483613,94.66198449,94.60860434,94.55469038,94.50023729,94.44523966,94.38969206,94.33358898,94.27692487,94.21969411,94.16189106,94.10350997,94.04454507,93.98499052,93.92484042,93.86408883,93.80272971,93.74075701,93.67816458,93.61494623,93.55109569,93.48660665,93.42147271,93.35568744,93.28924431,93.22213676,93.15435812,93.08590171,93.01676072,92.94692833,92.87639761,92.80516159,92.73321321,92.66054534,92.58715079,92.5130223,92.43815252,92.36253405,92.28615939,92.20902098,92.13111119,92.0524223,91.97294653,91.89267599,91.81160275,91.72971878,91.64701597,91.56348613,91.47912099,91.3939122,91.30785132,91.22092983,91.13313913,91.04447052,90.95491523,90.86446438,90.77310902,90.68084011,90.58764852,90.493525,90.39846025,90.30244485,90.2054693,90.10752399,90.00859923,89.90868523,89.80777208,89.7058498,89.6029083,89.49893738,89.39392675,89.28786602,
95,94.95,94.8995,94.848495,94.79697995,94.74494975,94.69239925,94.63932324,94.58571647,94.53157364,94.47688937,94.42165827,94.36587485,94.3095336,94.25262893,94.19515522,94.13710678,94.07847784,94.01926262,93.95945525,93.8990498,93.8380403,93.7764207,93.71418491,93.65132676,93.58784002,93.52371843,93.45895561,93.39354517,93.32748062,93.26075542,93.19336298,93.12529661,93.05654957,92.98711507,92.91698622,92.84615608,92.77461764,92.70236382,92.62938746,92.55568133,92.48123815,92.40605053,92.33011103,92.25341214,92.17594626,92.09770573,92.01868278,91.93886961,91.85825831,91.77684089,91.6946093,91.61155539,91.52767095,91.44294766,91.35737713,91.2709509,91.18366041,91.09549702,91.00645199,90.91651651,90.82568167,90.73393849,90.64127787,90.54769065,90.45316756,90.35769923,90.26127623,90.16388899,90.06552788,89.96618316,89.86584499,89.76450344,89.66214847,89.55876996,89.45435766,89.34890123,89.24239025,89.13481415,89.02616229,88.91642391,88.80558815,88.69364403,88.58058048,88.46638628,88.35105014,88.23456064,88.11690625,87.99807531,87.87805607,87.75683663,87.63440499,87.51074904,87.38585653,87.2597151,87.13231225,87.00363537,86.87367173,86.74240844,86.60983253,
94,93.94,93.8794,93.818194,93.75637594,93.6939397,93.6308791,93.56718789,93.50285977,93.43788836,93.37226725,93.30598992,93.23904982,93.17144032,93.10315472,93.03418627,92.96452813,92.89417341,92.82311515,92.7513463,92.67885976,92.60564836,92.53170484,92.45702189,92.38159211,92.30540803,92.22846211,92.15074673,92.0722542,91.99297674,91.91290651,91.83203557,91.75035593,91.66785949,91.58453808,91.50038346,91.4153873,91.32954117,91.24283658,91.15526495,91.0668176,90.97748577,90.88726063,90.79613324,90.70409457,90.61113552,90.51724687,90.42241934,90.32664353,90.22990997,90.13220907,90.03353116,89.93386647,89.83320514,89.73153719,89.62885256,89.52514108,89.4203925,89.31459642,89.20774238,89.09981981,88.99081801,88.88072619,88.76953345,88.65722878,88.54380107,88.42923908,88.31353147,88.19666679,88.07863346,87.95941979,87.83901399,87.71740413,87.59457817,87.47052395,87.34522919,87.21868148,87.0908683,86.96177698,86.83139475,86.6997087,86.56670578,86.43237284,86.29669657,86.15966354,86.02126017,85.88147277,85.7402875,85.59769038,85.45366728,85.30820395,85.16128599,85.01289885,84.86302784,84.71165812,84.5587747,84.40436245,84.24840607,84.09089013,83.93179903,
93,92.93,92.8593,92.787893,92.71577193,92.64292965,92.56935895,92.49505254,92.42000306,92.34420309,92.26764512,92.19032157,92.11222479,92.03334704,91.95368051,91.87321731,91.79194949,91.70986898,91.62696767,91.54323735,91.45866972,91.37325642,91.28698898,91.19985887,91.11185746,91.02297603,90.9332058,90.84253785,90.75096323,90.65847286,90.56505759,90.47070817,90.37541525,90.2791694,90.1819611,90.08378071,89.98461851,89.8844647,89.78330935,89.68114244,89.57795386,89.4737334,89.36847074,89.26215544,89.154777,89.04632477,88.93678802,88.8261559,88.71441746,88.60156163,88.48757725,88.37245302,88.25617755,88.13873933,88.02012672,87.90032799,87.77933127,87.65712458,87.53369582,87.40903278,87.28312311,87.15595434,87.02751388,86.89778902,86.76676691,86.63443458,86.50077893,86.36578672,86.22944459,86.09173903,85.95265642,85.81218299,85.67030482,85.52700786,85.38227794,85.23610072,85.08846173,84.93934635,84.78873981,84.63662721,84.48299348,84.32782341,84.17110165,84.01281267,83.85294079,83.6914702,83.5283849,83.36366875,83.19730544,83.02927849,82.85957128,82.68816699,82.51504866,82.34019915,82.16360114,81.98523715,81.80508952,81.62314042,81.43937182,81.25376554,
92,91.92,91.8392,91.757592,91.67516792,91.5919196,91.5078388,91.42291718,91.33714635,91.25051782,91.163023,91.07465323,90.98539976,90.89525376,90.80420629,90.71224836,90.61937084,90.52556455,90.43082019,90.3351284,90.23847968,90.14086448,90.04227312,89.94269585,89.84212281,89.74054404,89.63794948,89.53432898,89.42967226,89.32396899,89.21720868,89.10938076,89.00047457,88.89047932,88.77938411,88.66717795,88.55384973,88.43938823,88.32378211,88.20701993,88.08909013,87.96998103,87.84968084,87.72817765,87.60545943,87.48151402,87.35632916,87.22989245,87.10219138,86.97321329,86.84294543,86.71137488,86.57848863,86.44427351,86.30871625,86.17180341,86.03352145,85.89385666,85.75279523,85.61032318,85.46642641,85.32109068,85.17430158,85.0260446,84.87630504,84.72506809,84.57231878,84.41804196,84.26222238,84.10484461,83.94589305,83.78535198,83.6232055,83.45943756,83.29403193,83.12697225,82.95824198,82.7878244,82.61570264,82.44185967,82.26627826,82.08894105,81.90983046,81.72892876,81.54621805,81.36168023,81.17529703,80.98705,80.7969205,80.60488971,80.4109386,80.21504799,80.01719847,79.81737045,79.61554416,79.4116996,79.2058166,78.99787476,78.78785351,78.57573204,
91,90.91,90.8191,90.727291,90.63456391,90.54090955,90.44631864,90.35078183,90.25428965,90.15683255,90.05840087,89.95898488,89.85857473,89.75716048,89.65473208,89.5512794,89.4467922,89.34126012,89.23467272,89.12701945,89.01828964,88.90847254,88.79755726,88.68553283,88.57238816,88.45811204,88.34269317,88.2261201,88.1083813,87.98946511,87.86935976,87.74805336,87.62553389,87.50178923,87.37680712,87.2505752,87.12308095,86.99431176,86.86425487,86.73289742,86.6002264,86.46622866,86.33089095,86.19419986,86.05614186,85.91670327,85.77587031,85.63362901,85.4899653,85.34486495,85.1983136,85.05029674,84.90079971,84.7498077,84.59730578,84.44327884,84.28771163,84.13058874,83.97189463,83.81161358,83.64972971,83.48622701,83.32108928,83.15430017,82.98584317,82.81570161,82.64385862,82.47029721,82.29500018,82.11795018,81.93912968,81.75852098,81.57610619,81.39186725,81.20578593,81.01784378,80.82802222,80.63630244,80.44266547,80.24709212,80.04956305,79.85005868,79.64855926,79.44504486,79.2394953,79.03189026,78.82220916,78.61043125,78.39653556,78.18050092,77.96230593,77.74192899,77.51934828,77.29454176,77.06748718,76.83816205,76.60654367,76.37260911,76.1363352,75.89769855,
90,89.9,89.799,89.69699,89.5939599,89.4898995,89.38479849,89.27864648,89.17143294,89.06314727,88.95377875,88.84331653,88.7317497,88.6190672,88.50525787,88.39031045,88.27421355,88.15695569,88.03852524,87.9189105,87.7980996,87.6760806,87.5528414,87.42836982,87.30265351,87.17568005,87.04743685,86.91791122,86.78709033,86.65496123,86.52151085,86.38672596,86.25059321,86.11309915,85.97423014,85.83397244,85.69231216,85.54923529,85.40472764,85.25877491,85.11136266,84.96247629,84.81210105,84.66022206,84.50682428,84.35189253,84.19541145,84.03736557,83.87773922,83.71651662,83.55368178,83.3892186,83.22311079,83.05534189,82.88589531,82.71475427,82.54190181,82.36732083,82.19099403,82.01290397,81.83303301,81.65136334,81.46787698,81.28255575,81.09538131,80.90633512,80.71539847,80.52255245,80.32777798,80.13105576,79.93236632,79.73168998,79.52900688,79.32429695,79.11753992,78.90871532,78.69780247,78.48478049,78.2696283,78.05232458,77.83284783,77.61117631,77.38728807,77.16116095,76.93277256,76.70210029,76.46912129,76.2338125,75.99615063,75.75611213,75.51367325,75.26880999,75.02149809,74.77171307,74.5194302,74.2646245,74.00727074,73.74734345,73.48481689,73.21966506,
89,88.89,88.7789,88.666689,88.55335589,88.43888945,88.32327834,88.20651113,88.08857624,87.969462,87.84915662,87.72764819,87.60492467,87.48097392,87.35578365,87.22934149,87.10163491,86.97265125,86.84237777,86.71080155,86.57790956,86.44368866,86.30812554,86.1712068,86.03291887,85.89324805,85.75218054,85.60970234,85.46579936,85.32045736,85.17366193,85.02539855,84.87565254,84.72440906,84.57165315,84.41736968,84.26154338,84.10415881,83.9452004,83.78465241,83.62249893,83.45872392,83.29331116,83.12624427,82.95750671,82.78708178,82.6149526,82.44110212,82.26551315,82.08816828,81.90904996,81.72814046,81.54542186,81.36087608,81.17448484,80.98622969,80.79609199,80.60405291,80.41009344,80.21419437,80.01633632,79.81649968,79.61466468,79.41081132,79.20491944,78.99696863,78.78693832,78.5748077,78.36055578,78.14416133,77.92560295,77.70485898,77.48190757,77.25672664,77.02929391,76.79958685,76.56758272,76.33325854,76.09659113,75.85755704,75.61613261,75.37229394,75.12601688,74.87727705,74.62604982,74.37231031,74.11603342,73.85719375,73.59576569,73.33172335,73.06504058,72.79569098,72.52364789,72.24888437,71.97137322,71.69108695,71.40799782,71.1220778,70.83329858,70.54163156,
88,87.88,87.7588,87.636388,87.51275188,87.3878794,87.26175819,87.13437577,87.00571953,86.87577673,86.7445345,86.61197984,86.47809964,86.34288063,86.20630944,86.06837254,85.92905626,85.78834682,85.64623029,85.50269259,85.35771952,85.21129672,85.06340968,84.91404378,84.76318422,84.61081606,84.45692422,84.30149346,84.1445084,83.98595348,83.82581302,83.66407115,83.50071186,83.33571898,83.16907617,83.00076693,82.8307746,82.65908234,82.48567317,82.3105299,82.1336352,81.95497155,81.77452126,81.59226648,81.40818914,81.22227103,81.03449374,80.84483868,80.65328707,80.45981994,80.26441814,80.06706232,79.86773294,79.66641027,79.46307437,79.25770512,79.05028217,78.84078499,78.62919284,78.41548477,78.19963962,77.98163601,77.76145237,77.5390669,77.31445757,77.08760214,76.85847816,76.62706294,76.39333357,76.15726691,75.91883958,75.67802798,75.43480825,75.18915634,74.9410479,74.69045838,74.43736296,74.18173659,73.92355396,73.6627895,73.39941739,73.13341157,72.86474568,72.59339314,72.31932707,72.04252034,71.76294555,71.480575,71.19538075,70.90733456,70.6164079,70.32257198,70.0257977,69.72605568,69.42331624,69.1175494,68.80872489,68.49681214,68.18178026,67.86359807,
87,86.87,86.7387,86.606087,86.47214787,86.33686935,86.20023804,86.06224042,85.92286283,85.78209146,85.63991237,85.49631149,85.35127461,85.20478735,85.05683523,84.90740358,84.75647762,84.60404239,84.45008282,84.29458364,84.13752948,83.97890478,83.81869382,83.65688076,83.49344957,83.32838406,83.16166791,82.99328458,82.82321743,82.6514496,82.4779641,82.30274374,82.12577118,81.94702889,81.76649918,81.58416417,81.40000581,81.21400587,81.02614593,80.83640739,80.64477146,80.45121918,80.25573137,80.05828868,79.85887157,79.65746029,79.45403489,79.24857524,79.04106099,78.8314716,78.61978632,78.40598418,78.19004402,77.97194446,77.75166391,77.52918054,77.30447235,77.07751707,76.84829224,76.61677517,76.38294292,76.14677235,75.90824007,75.66732247,75.4239957,75.17823565,74.93001801,74.67931819,74.42611137,74.17037249,73.91207621,73.65119697,73.38770894,73.12158603,72.85280189,72.58132991,72.30714321,72.03021464,71.75051679,71.46802196,71.18270218,70.8945292,70.60347449,70.30950924,70.01260433,69.71273037,69.40985767,69.10395625,68.79499581,68.48294577,68.16777523,67.84945298,67.52794751,67.20322699,66.87525926,66.54401185,66.20945197,65.87154649,65.53026195,65.18556457,
86,85.86,85.7186,85.575786,85.43154386,85.2858593,85.13871789,84.99010507,84.84000612,84.68840618,84.53529024,84.38064315,84.22444958,84.06669407,83.90736101,83.74643462,83.58389897,83.41973796,83.25393534,83.08647469,82.91733944,82.74651284,82.57397796,82.39971774,82.22371492,82.04595207,81.86641159,81.68507571,81.50192646,81.31694573,81.13011519,80.94141634,80.7508305,80.55833881,80.36392219,80.16756142,79.96923703,79.7689294,79.56661869,79.36228488,79.15590773,78.94746681,78.73694148,78.52431089,78.309554,78.09264954,77.87357603,77.65231179,77.42883491,77.20312326,76.97515449,76.74490604,76.5123551,76.27747865,76.04025344,75.80065597,75.55866253,75.31424916,75.06739165,74.81806556,74.56624622,74.31190868,74.05502777,73.79557805,73.53353383,73.26886917,73.00155786,72.73157344,72.45888917,72.18347806,71.90531284,71.62436597,71.34060963,71.05401573,70.76455588,70.47220144,70.17692346,69.87869269,69.57747962,69.27325442,68.96598696,68.65564683,68.3422033,68.02562533,67.70588158,67.3829404,67.0567698,66.7273375,66.39461088,66.05855699,65.71914255,65.37633398,65.03009732,64.68039829,64.32720228,63.9704743,63.61017904,63.24628083,62.87874364,62.50753108,
85,84.85,84.6985,84.545485,84.39093985,84.23484925,84.07719774,83.91796972,83.75714942,83.59472091,83.43066812,83.2649748,83.09762455,82.92860079,82.7578868,82.58546567,82.41132033,82.23543353,82.05778786,81.87836574,81.6971494,81.51412089,81.3292621,81.14255472,80.95398027,80.76352007,80.57115528,80.37686683,80.1806355,79.98244185,79.78226627,79.58008893,79.37588982,79.16964872,78.96134521,78.75095866,78.53846825,78.32385293,78.10709146,77.88816237,77.667044,77.44371444,77.21815158,76.9903331,76.76023643,76.52783879,76.29311718,76.05604835,75.81660883,75.57477492,75.33052267,75.0838279,74.83466618,74.58301284,74.32884297,74.0721314,73.81285271,73.55098124,73.28649105,73.01935596,72.74954952,72.47704502,72.20181547,71.92383362,71.64307196,71.35950268,71.0730977,70.78382868,70.49166697,70.19658364,69.89854947,69.59753497,69.29351032,68.98644542,68.67630988,68.36307297,68.0467037,67.72717074,67.40444245,67.07848687,66.74927174,66.41676446,66.0809321,65.74174143,65.39915884,65.05315043,64.70368193,64.35071875,63.99422594,63.6341682,63.27050988,62.90321498,62.53224713,62.1575696,61.7791453,61.39693675,61.01090612,60.62101518,60.22722533,59.82949758,
84,83.84,83.6784,83.515184,83.35033584,83.1838392,83.01567759,82.84583437,82.67429271,82.50103564,82.32604599,82.14930645,81.97079952,81.79050751,81.60841259,81.42449671,81.23874168,81.0511291,80.86164039,80.67025679,80.47695936,80.28172895,80.08454624,79.88539171,79.68424562,79.48108808,79.27589896,79.06865795,78.85934453,78.64793797,78.43441735,78.21876153,78.00094914,77.78095863,77.55876822,77.3343559,77.10769946,76.87877646,76.64756422,76.41403986,76.17818026,75.93996207,75.69936169,75.4563553,75.21091886,74.96302804,74.71265832,74.45978491,74.20438276,73.94642658,73.68589085,73.42274976,73.15697726,72.88854703,72.6174325,72.34360682,72.06704289,71.78771332,71.50559045,71.22064636,70.93285282,70.64218135,70.34860316,70.0520892,69.75261009,69.45013619,69.14463755,68.83608393,68.52444477,68.20968921,67.89178611,67.57070397,67.24641101,66.91887512,66.58806387,66.25394451,65.91648395,65.57564879,65.23140528,64.88371933,64.53255652,64.17788209,63.81966091,63.45785752,63.0924361,62.72336046,62.35059406,61.9741,61.593841,61.20977941,60.82187721,60.43009598,60.03439694,59.63474091,59.23108832,58.8233992,58.41163319,57.99574952,57.57570702,57.15146409,
83,82.83,82.6583,82.484883,82.30973183,82.13282915,81.95415744,81.77369901,81.591436,81.40735036,81.22142387,81.03363811,80.84397449,80.65241423,80.45893837,80.26352776,80.06616304,79.86682467,79.66549291,79.46214784,79.25676932,79.04933701,78.83983038,78.62822869,78.41451097,78.19865608,77.98064265,77.76044907,77.53805356,77.3134341,77.08656844,76.85743412,76.62600846,76.39226855,76.15619124,75.91775315,75.67693068,75.43369999,75.18803699,74.93991736,74.68931653,74.43620969,74.18057179,73.92237751,73.66160128,73.3982173,73.13219947,72.86352146,72.59215668,72.31807825,72.04125903,71.76167162,71.47928834,71.19408122,70.90602203,70.61508225,70.32123307,70.0244454,69.72468986,69.42193676,69.11615612,68.80731769,68.49539086,68.18034477,67.86214822,67.5407697,67.2161774,66.88833917,66.55722256,66.22279479,65.88502274,65.54387296,65.19931169,64.85130481,64.49981786,64.14481604,63.7862642,63.42412684,63.05836811,62.68895179,62.31584131,61.93899972,61.55838972,61.17397362,60.78571335,60.39357048,59.99750619,59.59748125,59.19345606,58.78539062,58.37324453,57.95697698,57.53654675,57.11191221,56.68303134,56.24986165,55.81236027,55.37048387,54.92418871,54.47343059,
82,81.82,81.6382,81.454582,81.26912782,81.0818191,80.89263729,80.70156366,80.5085793,80.31366509,80.11680174,79.91796976,79.71714946,79.51432095,79.30946416,79.1025588,78.89358439,78.68252024,78.46934544,78.25403889,78.03657928,77.81694507,77.59511452,77.37106567,77.14477633,76.91622409,76.68538633,76.45224019,76.2167626,75.97893022,75.73871952,75.49610672,75.25106779,75.00357846,74.75361425,74.50115039,74.2461619,73.98862351,73.72850975,73.46579485,73.2004528,72.93245732,72.6617819,72.38839972,72.11228371,71.83340655,71.55174062,71.26725802,70.9799306,70.68972991,70.39662721,70.10059348,69.80159941,69.49961541,69.19461156,68.88655768,68.57542325,68.26117749,67.94378926,67.62322715,67.29945943,66.97245402,66.64217856,66.30860035,65.97168635,65.63140321,65.28771724,64.94059442,64.59000036,64.23590037,63.87825937,63.51704196,63.15221238,62.78373451,62.41157185,62.03568757,61.65604445,61.27260489,60.88533094,60.49418425,60.09912609,59.70011735,59.29711852,58.89008971,58.47899061,58.06378051,57.64441832,57.2208625,56.79307113,56.36100184,55.92461186,55.48385797,55.03869655,54.58908352,54.13497436,53.6763241,53.21308734,52.74521821,52.2726704,51.7953971,
81,80.81,80.6181,80.424281,80.22852381,80.03080905,79.83111714,79.62942831,79.42572259,79.21997982,79.01217962,78.80230141,78.59032443,78.37622767,78.15998995,77.94158985,77.72100575,77.4982158,77.27319796,77.04592994,76.81638924,76.58455313,76.35039866,76.11390265,75.87504168,75.63379209,75.39013002,75.14403132,74.89547163,74.64442635,74.39087061,74.13477931,73.87612711,73.61488838,73.35103726,73.08454764,72.81539311,72.54354704,72.26898251,71.99167234,71.71158906,71.42870495,71.142992,70.85442192,70.56296614,70.2685958,69.97128176,69.67099458,69.36770452,69.06138157,68.75199538,68.43951534,68.12391049,67.8051496,67.48320109,67.1580331,66.82961344,66.49790957,66.16288867,65.82451755,65.48276273,65.13759035,64.78896626,64.43685592,64.08122448,63.72203672,63.35925709,62.99284966,62.62277816,62.24900594,61.871496,61.49021096,61.10511307,60.7161642,60.32332584,59.9265591,59.52582469,59.12108294,58.71229377,58.29941671,57.88241087,57.46123498,57.03584733,56.60620581,56.17226786,55.73399054,55.29133045,54.84424375,54.39268619,53.93661305,53.47597918,53.01073897,52.54084636,52.06625483,51.58691738,51.10278655,50.61381441,50.11995256,49.62115208,49.1173636,
80,79.8,79.598,79.39398,79.1879198,78.979799,78.76959699,78.55729296,78.34286589,78.12629455,77.90755749,77.68663307,77.4634994,77.23813439,77.01051574,76.78062089,76.5484271,76.31391137,76.07705049,75.83782099,75.5961992,75.35216119,75.1056828,74.85673963,74.60530703,74.3513601,74.0948737,73.83582244,73.57418066,73.30992247,73.04302169,72.77345191,72.50118643,72.22619829,71.94846028,71.66794488,71.38462433,71.09847057,70.80945528,70.51754983,70.22272533,69.92495258,69.62420211,69.32044413,69.01364857,68.70378506,68.39082291,68.07473114,67.75547845,67.43303323,67.10736356,66.7784372,66.44622157,66.11068379,65.77179062,65.42950853,65.08380362,64.73464165,64.38198807,64.02580795,63.66606603,63.30272669,62.93575396,62.5651115,62.19076261,61.81267024,61.43079694,61.04510491,60.65555596,60.26211152,59.86473263,59.46337996,59.05801376,58.6485939,58.23507983,57.81743063,57.39560494,56.96956099,56.5392566,56.10464916,55.66569566,55.22235261,54.77457614,54.3223219,53.86554512,53.40420057,52.93824258,52.467625,51.99230125,51.51222426,51.02734651,50.53761997,50.04299617,49.54342613,49.03886039,48.529249,48.01454149,47.4946869,46.96963377,46.43933011,
79,78.79,78.5779,78.363679,78.14731579,77.92878895,77.70807684,77.48515761,77.26000918,77.03260927,76.80293537,76.57096472,76.33667437,76.10004111,75.86104152,75.61965194,75.37584846,75.12960694,74.88090301,74.62971204,74.37600916,74.11976925,73.86096695,73.59957661,73.33557238,73.0689281,72.79961739,72.52761356,72.2528897,71.97541859,71.69517278,71.41212451,71.12624575,70.83750821,70.54588329,70.25134212,69.95385554,69.6533941,69.34992804,69.04342732,68.73386159,68.42120021,68.10541221,67.78646633,67.464331,67.13897431,66.81036405,66.47846769,66.14325237,65.80468489,65.46273174,65.11735906,64.76853265,64.41621798,64.06038016,63.70098396,63.3379938,62.97137373,62.60108747,62.22709835,61.84936933,61.46786302,61.08254165,60.69336707,60.30030074,59.90330375,59.50233679,59.09736015,58.68833376,58.27521709,57.85796926,57.43654896,57.01091445,56.58102359,56.14683383,55.70830216,55.26538519,54.81803904,54.36621943,53.90988162,53.44898044,52.98347024,52.51330495,52.038438,51.55882238,51.0744106,50.5851547,50.09100625,49.59191631,49.08783548,48.57871383,48.06450097,47.54514598,47.02059744,46.49080341,45.95571145,45.41526856,44.86942125,44.31811546,43.76129662,
78,77.78,77.5578,77.333378,77.10671178,76.8777789,76.64655669,76.41302225,76.17715248,75.938924,75.69831324,75.45529637,75.20984934,74.96194783,74.71156731,74.45868298,74.20326981,73.94530251,73.68475553,73.42160309,73.15581912,72.88737731,72.61625109,72.3424136,72.06583773,71.78649611,71.50436107,71.21940468,70.93159873,70.64091472,70.34732386,70.0507971,69.75130507,69.44881812,69.1433063,68.83473937,68.52308676,68.20831763,67.8904008,67.56930481,67.24499786,66.91744784,66.58662232,66.25248854,65.91501343,65.57416356,65.2299052,64.88220425,64.53102629,64.17633655,63.81809992,63.45628092,63.09084373,62.72175217,62.34896969,61.97245938,61.59218398,61.20810582,60.82018688,60.42838874,60.03267263,59.63299936,59.22932935,58.82162264,58.40983887,57.99393726,57.57387663,57.1496154,56.72111155,56.28832267,55.8512059,55.40971795,54.96381513,54.51345329,54.05858782,53.5991737,53.13516543,52.66651709,52.19318226,51.71511408,51.23226522,50.74458787,50.25203375,49.75455409,49.25209963,48.74462063,48.23206683,47.7143875,47.19153138,46.66344669,46.13008116,45.59138197,45.04729579,44.49776875,43.94274643,43.3821739,42.81599564,42.24415559,41.66659715,41.08326312,
77,76.77,76.5377,76.303077,76.06610777,75.82676885,75.58503654,75.3408869,75.09429577,74.84523873,74.59369112,74.33962803,74.08302431,73.82385455,73.5620931,73.29771403,73.03069117,72.76099808,72.48860806,72.21349414,71.93562908,71.65498537,71.37153523,71.08525058,70.79610308,70.50406411,70.20910476,69.9111958,69.61030776,69.30641084,68.99947495,68.6894697,68.37636439,68.06012804,67.74072932,67.41813661,67.09231798,66.76324116,66.43087357,66.0951823,65.75613413,65.41369547,65.06783242,64.71851075,64.36569586,64.00935281,63.64944634,63.28594081,62.91880021,62.54798822,62.1734681,61.79520278,61.41315481,61.02728635,60.63755922,60.24393481,59.84637416,59.4448379,59.03928628,58.62967914,58.21597593,57.79813569,57.37611705,56.94987822,56.519377,56.08457077,55.64541648,55.20187064,54.75388935,54.30142824,53.84444253,53.38288695,52.91671582,52.44588298,51.97034181,51.49004523,51.00494568,50.51499514,50.02014509,49.52034654,49.01555,48.5057055,47.99076256,47.47067019,46.94537689,46.41483066,45.87897896,45.33776875,44.79114644,44.2390579,43.68144848,43.11826297,42.5494456,41.97494005,41.39468945,40.80863635,40.21672271,39.61888994,39.01507884,38.40522963,
76,75.76,75.5176,75.272776,75.02550376,74.7757588,74.52351639,74.26875155,74.01143906,73.75155346,73.48906899,73.22395968,72.95619928,72.68576127,72.41261888,72.13674507,71.85811252,71.57669365,71.29246058,71.00538519,70.71543904,70.42259343,70.12681937,69.82808756,69.52636844,69.22163212,68.91384844,68.60298693,68.28901679,67.97190696,67.65162603,67.32814229,67.00142372,66.67143795,66.33815233,66.00153386,65.66154919,65.31816469,64.97134633,64.6210598,64.26727039,63.9099431,63.54904253,63.18453295,62.81637828,62.44454207,62.06898749,61.68967736,61.30657414,60.91963988,60.52883628,60.13412464,59.73546588,59.33282054,58.92614875,58.51541024,58.10056434,57.68156998,57.25838568,56.83096954,56.39927923,55.96327203,55.52290475,55.07813379,54.62891513,54.17520428,53.71695633,53.25412589,52.78666715,52.31453382,51.83767916,51.35605595,50.86961651,50.37831267,49.8820958,49.38091676,48.87472593,48.36347319,47.84710792,47.325579,46.79883479,46.26682314,45.72949137,45.18678628,44.63865414,44.08504068,43.52589109,42.96115,42.3907615,41.81466912,41.23281581,40.64514397,40.05159541,39.45211136,38.84663247,38.2350988,37.61744979,36.99362428,36.36356053,35.72719613,
75,74.75,74.4975,74.242475,73.98489975,73.72474875,73.46199623,73.1966162,72.92858236,72.65786818,72.38444686,72.10829133,71.82937425,71.54766799,71.26314467,70.97577612,70.68553388,70.39238922,70.09631311,69.79727624,69.495249,69.19020149,68.88210351,68.57092454,68.25663379,67.93920012,67.61859213,67.29477805,66.96772583,66.63740309,66.30377712,65.96681489,65.62648304,65.28274787,64.93557535,64.5849311,64.23078041,63.87308821,63.5118191,63.14693729,62.77840666,62.40619073,62.03025263,61.65055516,61.26706071,60.87973132,60.48852863,60.09341392,59.69434806,59.29129154,58.88420445,58.4730465,58.05777696,57.63835473,57.21473828,56.78688566,56.35475452,55.91830207,55.47748509,55.03225994,54.58258254,54.12840836,53.66969244,53.20638937,52.73845326,52.2658378,51.78849617,51.30638114,50.81944495,50.3276394,49.83091579,49.32922495,48.8225172,48.31074237,47.79384979,47.27178829,46.74450617,46.21195124,45.67407075,45.13081146,44.58211957,44.02794077,43.46822017,42.90290238,42.3319314,41.75525071,41.17280322,40.58453125,39.99037656,39.39028033,38.78418313,38.17202497,37.55374521,36.92928267,36.29857549,35.66156125,35.01817686,34.36835863,33.71204222,33.04916264,
74,73.74,73.4774,73.212174,72.94429574,72.6737387,72.40047608,72.12448085,71.84572565,71.56418291,71.27982474,70.99262299,70.70254922,70.40957471,70.11367046,69.81480716,69.51295523,69.20808478,68.90016563,68.58916729,68.27505896,67.95780955,67.63738765,67.31376152,66.98689914,66.65676813,66.32333581,65.98656917,65.64643486,65.30289921,64.9559282,64.60548748,64.25154236,63.89405778,63.53299836,63.16832834,62.80001163,62.42801174,62.05229186,61.67281478,61.28954293,60.90243836,60.51146274,60.11657737,59.71774314,59.31492057,58.90806978,58.49715048,58.08212198,57.6629432,57.23957263,56.81196836,56.38008804,55.94388892,55.50332781,55.05836109,54.6089447,54.15503415,53.69658449,53.23355033,52.76588584,52.2935447,51.81648014,51.33464494,50.84799139,50.35647131,49.86003602,49.35863638,48.85222274,48.34074497,47.82415242,47.30239395,46.77541789,46.24317206,45.70560378,45.16265982,44.61428642,44.06042929,43.50103358,42.93604391,42.36540435,41.7890584,41.20694898,40.61901847,40.02520865,39.42546074,38.81971535,38.2079125,37.58999163,36.96589154,36.33555046,35.69890596,35.05589502,34.40645397,33.75051851,33.0880237,32.41890394,31.74309297,31.0605239,30.37112914,
73,72.73,72.4573,72.181873,71.90369173,71.62272865,71.33895593,71.05234549,70.76286895,70.47049764,70.17520261,69.87695464,69.57572419,69.27148143,68.96419624,68.65383821,68.34037659,68.02378035,67.70401816,67.38105834,67.05486892,66.72541761,66.39267179,66.0565985,65.71716449,65.37433613,65.0280795,64.67836029,64.32514389,63.96839533,63.60807929,63.24416008,62.87660168,62.5053677,62.13042137,61.75172559,61.36924284,60.98293527,60.59276462,60.19869227,59.80067919,59.39868599,58.99267284,58.58259957,58.16842557,57.75010982,57.32761092,56.90088703,56.4698959,56.03459486,55.59494081,55.15089022,54.70239912,54.24942311,53.79191734,53.32983652,52.86313488,52.39176623,51.91568389,51.43484073,50.94918914,50.45868103,49.96326784,49.46290052,48.95752952,48.44710482,47.93157587,47.41089163,46.88500054,46.35385055,45.81738905,45.27556294,44.72831857,44.17560176,43.61735778,43.05353135,42.48406667,41.90890733,41.32799641,40.74127637,40.14868914,39.55017603,38.94567779,38.33513457,37.71848591,37.09567077,36.46662748,35.83129375,35.18960669,34.54150276,33.88691778,33.22578696,32.55804483,31.88362528,31.20246153,30.51448615,29.81963101,29.11782732,28.40900559,27.69309565,
72,71.72,71.4372,71.151572,70.86308772,70.5717186,70.27743578,69.98021014,69.68001224,69.37681236,69.07058049,68.76128629,68.44889916,68.13338815,67.81472203,67.49286925,67.16779794,66.83947592,66.50787068,66.17294939,65.83467888,65.49302567,65.14795593,64.79943549,64.44742984,64.09190414,63.73282318,63.37015141,63.00385293,62.63389146,62.26023037,61.88283267,61.501661,61.11667761,60.72784439,60.33512283,59.93847406,59.5378588,59.13323739,58.72456976,58.31181546,57.89493361,57.47388295,57.04862178,56.619108,56.18529908,55.74715207,55.30462359,54.85766982,54.40624652,53.95030899,53.48981208,53.0247102,52.5549573,52.08050687,51.60131194,51.11732506,50.62849831,50.1347833,49.63613113,49.13249244,48.62381736,48.11005554,47.59115609,47.06706765,46.53773833,46.00311571,45.46314687,44.91777834,44.36695612,43.81062568,43.24873194,42.68121926,42.10803145,41.52911177,40.94440289,40.35384691,39.75738538,39.15495924,38.54650883,37.93197392,37.31129366,36.68440659,36.05125066,35.41176317,34.7658808,34.11353961,33.454675,32.78922175,32.11711397,31.43828511,30.75266796,30.06019464,29.36079659,28.65440455,27.9409486,27.22035808,26.49256167,25.75748728,25.01506215,
71,70.71,70.4171,70.121271,69.82248371,69.52070855,69.21591563,68.90807479,68.59715554,68.28312709,67.96595836,67.64561795,67.32207413,66.99529487,66.66524782,66.33190029,65.9952193,65.65517149,65.31172321,64.96484044,64.61448884,64.26063373,63.90324007,63.54227247,63.17769519,62.80947214,62.43756687,62.06194253,61.68256196,61.29938758,60.91238146,60.52150527,60.12672032,59.72798753,59.3252674,58.91852008,58.50770528,58.09278233,57.67371015,57.25044725,56.82295173,56.39118124,55.95509306,55.51464399,55.06979043,54.62048833,54.16669321,53.70836015,53.24544375,52.77789818,52.30567717,51.82873394,51.34702128,50.86049149,50.36909641,49.87278737,49.37151524,48.8652304,48.3538827,47.83742153,47.31579574,46.7889537,46.25684324,45.71941167,45.17660579,44.62837184,44.07465556,43.51540212,42.95055614,42.3800617,41.80386232,41.22190094,40.63411995,40.04046115,39.44086576,38.83527442,38.22362716,37.60586343,36.98192207,36.35174129,35.7152587,35.07241129,34.4231354,33.76736676,33.10504042,32.43609083,31.76045174,31.07805625,30.38883682,29.69272518,28.98965244,28.27954896,27.56234445,26.83796789,26.10634757,25.36741105,24.62108516,23.86729601,23.10596897,22.33702866,
70,69.7,69.397,69.09097,68.7818797,68.4696985,68.15439548,67.83593944,67.51429883,67.18944182,66.86133624,66.5299496,66.1952491,65.85720159,65.5157736,65.17093134,64.82264065,64.47086706,64.11557573,63.75673149,63.3942988,63.02824179,62.65852421,62.28510945,61.90796054,61.52704015,61.14231055,60.75373366,60.36127099,59.9648837,59.56453254,59.16017787,58.75177964,58.33929744,57.92269041,57.50191732,57.07693649,56.64770586,56.21418292,55.77632474,55.33408799,54.88742887,54.43630316,53.98066619,53.52047285,53.05567758,52.58623436,52.1120967,51.63321767,51.14954985,50.66104534,50.1676558,49.66933236,49.16602568,48.65768594,48.1442628,47.62570542,47.10196248,46.5729821,46.03871192,45.49909904,44.95409003,44.40363093,43.84766724,43.28614392,42.71900535,42.14619541,41.56765736,40.98333394,40.39316728,39.79709895,39.19506994,38.58702064,37.97289084,37.35261975,36.72614595,36.09340741,35.45434148,34.8088849,34.15697375,33.49854348,32.83352892,32.16186421,31.48348285,30.79831768,30.10630086,29.40736386,28.7014375,27.98845188,27.2683364,26.54101976,25.80642996,25.06449426,24.3151392,23.55829059,22.7938735,22.02181223,21.24203036,20.45445066,19.65899517,
69,68.69,68.3769,68.060669,67.74127569,67.41868845,67.09287533,66.76380408,66.43144213,66.09575655,65.75671411,65.41428125,65.06842407,64.71910831,64.36629939,64.00996238,63.65006201,63.28656263,62.91942825,62.54862254,62.17410876,61.79584985,61.41380835,61.02794643,60.6382259,60.24460815,59.84705424,59.44552478,59.03998003,58.63037983,58.21668362,57.79885046,57.37683897,56.95060736,56.52011343,56.08531456,55.64616771,55.20262939,54.75465568,54.30220224,53.84522426,53.3836765,52.91751327,52.4466884,51.97115528,51.49086684,51.0057755,50.51583326,50.02099159,49.52120151,49.01641352,48.50657766,47.99164343,47.47155987,46.94627547,46.41573822,45.8798956,45.33869456,44.79208151,44.24000232,43.68240234,43.11922637,42.55041863,41.97592282,41.39568205,40.80963887,40.21773526,39.61991261,39.01611173,38.40627285,37.79033558,37.16823894,36.53992132,35.90532054,35.26437374,34.61701748,33.96318766,33.30281953,32.63584773,31.9622062,31.28182827,30.59464655,29.90059302,29.19959895,28.49159493,27.77651088,27.05427599,26.32481875,25.58806694,24.84394761,24.09238709,23.33331096,22.56664407,21.79231051,21.01023361,20.22033595,19.42253931,18.6167647,17.80293235,16.98096167,
68,67.68,67.3568,67.030368,66.70067168,66.3676784,66.03135518,65.69166873,65.34858542,65.00207127,64.65209199,64.29861291,63.94159904,63.58101503,63.21682518,62.84899343,62.47748336,62.1022582,61.72328078,61.34051359,60.95391872,60.56345791,60.16909249,59.77078341,59.36849125,58.96217616,58.55179792,58.1373159,57.71868906,57.29587595,56.86883471,56.43752306,56.00189829,55.56191727,55.11753644,54.66871181,54.21539893,53.75755291,53.29512844,52.82807973,52.35636053,51.87992413,51.39872337,50.91271061,50.42183771,49.92605609,49.42531665,48.91956982,48.40876551,47.89285317,47.3717817,46.84549952,46.31395451,45.77709406,45.234865,44.68721365,44.13408579,43.57542664,43.01118091,42.44129272,41.86570565,41.2843627,40.69720633,40.10417839,39.50522018,38.90027238,38.2892751,37.67216785,37.04888953,36.41937843,35.78357221,35.14140793,34.49282201,33.83775023,33.17612774,32.50788901,31.8329679,31.15129758,30.46281056,29.76743866,29.06511305,28.35576418,27.63932182,26.91571504,26.18487219,25.44672091,24.70118812,23.9482,23.187682,22.41955882,21.64375441,20.86019196,20.06879387,19.26948181,18.46217663,17.6467984,16.82326638,15.99149905,15.15141404,14.30292818,
67,66.67,66.3367,66.000067,65.66006767,65.31666835,64.96983503,64.61953338,64.26572871,63.908386,63.54746986,63.18294456,62.81477401,62.44292175,62.06735096,61.68802447,61.30490472,60.91795376,60.5271333,60.13240464,59.73372868,59.33106597,58.92437663,58.51362039,58.0987566,57.67974416,57.25654161,56.82910702,56.39739809,55.96137207,55.52098579,55.07619565,54.62695761,54.17322718,53.71495946,53.25210905,52.78463014,52.31247644,51.83560121,51.35395722,50.86749679,50.37617176,49.87993348,49.37873281,48.87252014,48.36124534,47.84485779,47.32330637,46.79653944,46.26450483,45.72714988,45.18442138,44.63626559,44.08262825,43.52345453,42.95868908,42.38827597,41.81215873,41.23028031,40.64258312,40.04900895,39.44949904,38.84399403,38.23243397,37.61475831,36.99090589,36.36081495,35.7244231,35.08166733,34.432484,33.77680884,33.11457693,32.4457227,31.77017993,31.08788173,30.39876054,29.70274815,28.99977563,28.28977339,27.57267112,26.84839783,26.11688181,25.37805063,24.63183114,23.87814945,23.11693094,22.34810025,21.57158125,20.78729707,19.99517004,19.19512174,18.38707295,17.57094368,16.74665312,15.91411965,15.07326085,14.22399346,13.36623339,12.49989573,11.62489468,
66,65.66,65.3166,64.969766,64.61946366,64.2656583,63.90831488,63.54739803,63.18287201,62.81470073,62.44284774,62.06727621,61.68794898,61.30482847,60.91787675,60.52705552,60.13232607,59.73364933,59.33098583,58.92429568,58.51353864,58.09867403,57.67966077,57.25645738,56.82902195,56.39731217,55.96128529,55.52089814,55.07610713,54.6268682,54.17313688,53.71486825,53.25201693,52.7845371,52.31238247,51.83550629,51.35386136,50.86739997,50.37607397,49.87983471,49.37863306,48.87241939,48.36114358,47.84475502,47.32320257,46.79643459,46.26439894,45.72704293,45.18431336,44.63615649,44.08251806,43.52334324,42.95857667,42.38816244,41.81204406,41.2301645,40.64246615,40.04889081,39.44937972,38.84387351,38.23231225,37.61463537,36.99078173,36.36068954,35.72429644,35.0815394,34.4323548,33.77667834,33.11444513,32.44558958,31.77004547,31.08774593,30.39862339,29.70260962,28.99963572,28.28963208,27.5725284,26.84825368,26.11673622,25.37790358,24.63168262,23.87799944,23.11677944,22.34794723,21.5714267,20.78714097,19.99501238,19.1949625,18.38691213,17.57078125,16.74648906,15.91395395,15.07309349,14.22382443,13.36606267,12.4997233,11.62472053,10.74096774,9.848377414,8.946861188,
65,64.65,64.2965,63.939465,63.57885965,63.21464825,62.84679473,62.47526268,62.1000153,61.72101546,61.33822561,60.95160787,60.56112395,60.16673518,59.76840254,59.36608656,58.95974743,58.5493449,58.13483835,57.71618673,57.2933486,56.86628209,56.43494491,55.99929436,55.5592873,55.11488017,54.66602898,54.21268927,53.75481616,53.29236432,52.82528796,52.35354084,51.87707625,51.39584701,50.90980548,50.41890354,49.92309257,49.4223235,48.91654674,48.4057122,47.88976932,47.36866702,46.84235369,46.31077722,45.773885,45.23162385,44.68394009,44.13077949,43.57208728,43.00780815,42.43788624,41.8622651,41.28088775,40.69369663,40.10063359,39.50163993,38.89665633,38.28562289,37.66847912,37.04516391,36.41561555,35.77977171,35.13756942,34.48894512,33.83383457,33.17217291,32.50389464,31.82893359,31.14722293,30.45869515,29.76328211,29.06091493,28.35152408,27.63503932,26.91138971,26.18050361,25.44230864,24.69673173,23.94369905,23.18313604,22.4149674,21.63911707,20.85550824,20.06406333,19.26470396,18.457351,17.64192451,16.81834375,15.98652719,15.14639246,14.29785639,13.44083495,12.5752433,11.70099573,10.81800569,9.926185748,9.025447605,8.115702081,7.196859102,6.268827693,
64,63.64,63.2764,62.909164,62.53825564,62.1636382,61.78527458,61.40312732,61.0171586,60.62733018,60.23360349,59.83593952,59.43429892,59.0286419,58.61892832,58.20511761,57.78716878,57.36504047,56.93869088,56.50807778,56.07315856,55.63389015,55.19022905,54.74213134,54.28955265,53.83244818,53.37077266,52.90448039,52.43352519,51.95786044,51.47743905,50.99221344,50.50213557,50.00715693,49.5072285,49.00230078,48.49232379,47.97724703,47.4570195,46.93158969,46.40090559,45.86491465,45.32356379,44.77679943,44.22456743,43.6668131,43.10348123,42.53451604,41.9598612,41.37945982,40.79325441,40.20118696,39.60319883,38.99923082,38.38922312,37.77311536,37.15084651,36.52235497,35.88757852,35.24645431,34.59891885,33.94490804,33.28435712,32.61720069,31.9433727,31.26280643,30.57543449,29.88118883,29.18000072,28.47180073,27.75651874,27.03408393,26.30442476,25.56746901,24.8231437,24.07137514,23.31208889,22.54520978,21.77066188,20.9883685,20.19825218,19.4002347,18.59423705,17.78017942,16.95798121,16.12756103,15.28883664,14.441725,13.58614225,12.72200368,11.84922371,10.96771595,10.07739311,9.17816704,8.269948711,7.352648198,6.42617468,5.490436427,4.545340791,3.590794199,
63,62.63,62.2563,61.878863,61.49765163,61.11262815,60.72375443,60.33099197,59.93430189,59.53364491,59.12898136,58.72027117,58.30747389,57.89054862,57.46945411,57.04414865,56.61459014,56.18073604,55.7425434,55.29996883,54.85296852,54.40149821,53.94551319,53.48496832,53.019818,52.55001618,52.07551635,51.59627151,51.11223422,50.62335657,50.12959013,49.63088603,49.12719489,48.61846684,48.10465151,47.58569803,47.06155501,46.53217056,45.99749226,45.45746719,44.91204186,44.36116228,43.8047739,43.24282164,42.67524985,42.10200235,41.52302238,40.9382526,40.34763513,39.75111148,39.14862259,38.54010882,37.92550991,37.304765,36.67781265,36.04459078,35.40503669,34.75908706,34.10667793,33.44774471,32.78222215,32.11004437,31.43114482,30.74545627,30.05291083,29.35343994,28.64697434,27.93344408,27.21277852,26.48490631,25.74975537,25.00725292,24.25732545,23.49989871,22.73489769,21.96224667,21.18186914,20.39368783,19.59762471,18.79360095,17.98153696,17.16135233,16.33296586,15.49629552,14.65125847,13.79777106,12.93574877,12.06510625,11.18575732,10.29761489,9.400591038,8.494596948,7.579542918,6.655338347,5.721891731,4.779110648,3.826901754,2.865170772,1.89382248,0.912760704,
62,61.62,61.2362,60.848562,60.45704762,60.0616181,59.66223428,59.25885662,58.85144519,58.43995964,58.02435923,57.60460283,57.18064885,56.75245534,56.3199799,55.8831797,55.44201149,54.99643161,54.54639592,54.09185988,53.63277848,53.16910627,52.70079733,52.2278053,51.75008336,51.26758419,50.78026003,50.28806263,49.79094326,49.28885269,48.78174122,48.26955863,47.75225422,47.22977676,46.70207453,46.16909527,45.63078622,45.08709409,44.53796503,43.98334468,43.42317812,42.8574099,42.285984,41.70884384,41.12593228,40.53719161,39.94256352,39.34198916,38.73540905,38.12276314,37.50399077,36.87903068,36.24782098,35.61029919,34.96640219,34.31606621,33.65922687,32.99581914,32.32577733,31.6490351,30.96552545,30.27518071,29.57793252,28.87371184,28.16244896,27.44407345,26.71851418,25.98569933,25.24555632,24.49801188,23.742992,22.98042192,22.21022614,21.4323284,20.64665169,19.8531182,19.05164938,18.24216588,17.42458754,16.59883341,15.76482175,14.92246996,14.07169466,13.21241161,12.34453573,11.46798108,10.58266089,9.688487504,8.785372379,7.873226102,6.951958363,6.021477947,5.081692726,4.132509654,3.17383475,2.205573098,1.227628829,0.239905117,0,0,
61,60.61,60.2161,59.818261,59.41644361,59.01060805,58.60071413,58.18672127,57.76858848,57.34627437,56.91973711,56.48893448,56.05382382,55.61436206,55.17050568,54.72221074,54.26943285,53.81212718,53.35024845,52.88375093,52.41258844,51.93671433,51.45608147,50.97064228,50.48034871,49.98515219,49.48500372,48.97985375,48.46965229,47.95434881,47.4338923,46.90823123,46.37731354,45.84108667,45.29949754,44.75249251,44.20001744,43.64201761,43.07843779,42.50922217,41.93431439,41.35365753,40.76719411,40.17486605,39.57661471,38.97238086,38.36210467,37.74572571,37.12318297,36.4944148,35.85935895,35.21795254,34.57013206,33.91583338,33.25499172,32.58754163,31.91341705,31.23255122,30.54487673,29.8503255,29.14882876,28.44031704,27.72472021,27.00196742,26.27198709,25.53470696,24.79005403,24.03795457,23.27833412,22.51111746,21.73622863,20.95359092,20.16312683,19.3647581,18.55840568,17.74398973,16.92142963,16.09064393,15.25155037,14.40406587,13.54810653,12.68358759,11.81042347,10.92852771,10.03781298,9.138191112,8.229573023,7.311868754,6.384987441,5.448837316,4.503325689,3.548358946,2.583842535,1.60968096,0.62577777,0,0,0,0,0,
60,59.6,59.196,58.78796,58.3758396,57.959598,57.53919398,57.11458592,56.68573177,56.25258909,55.81511498,55.37326613,54.92699879,54.47626878,54.02103147,53.56124179,53.0968542,52.62782275,52.15410097,51.67564198,51.1923984,50.70432239,50.21136561,49.71347927,49.21061406,48.7027202,48.1897474,47.67164488,47.14836132,46.61984494,46.08604339,45.54690382,45.00237286,44.45239659,43.89692055,43.33588976,42.76924866,42.19694114,41.61891055,41.03509966,40.44545066,39.84990516,39.24840421,38.64088826,38.02729714,37.40757011,36.78164581,36.14946227,35.51095689,34.86606646,34.21472713,33.5568744,32.89244314,32.22136757,31.54358125,30.85901706,30.16760723,29.4692833,28.76397614,28.0516159,27.33213206,26.60545338,25.87150791,25.13022299,24.38152522,23.62534047,22.86159388,22.09020982,21.31111191,20.52422303,19.72946526,18.92675992,18.11602752,17.29718779,16.47015967,15.63486127,14.79120988,13.93912198,13.0785132,12.20929833,11.33139131,10.44470523,9.549152278,8.6446438,7.731090238,6.808401141,5.876485152,4.935250004,3.984602504,3.024448529,2.054693014,1.075239944,0.085992344,0,0,0,0,0,0,0,
59,58.59,58.1759,57.757659,57.33523559,56.90858795,56.47767383,56.04245056,55.60287507,55.15890382,54.71049286,54.25759779,53.80017376,53.3381755,52.87155726,52.40027283,51.92427556,51.44351831,50.9579535,50.46753303,49.97220836,49.47193045,48.96664975,48.45631625,47.94087941,47.4202882,46.89449109,46.363436,45.82707036,45.28534106,44.73819447,44.18557642,43.62743218,43.0637065,42.49434357,41.919287,41.33847987,40.75186467,40.15938332,39.56097715,38.95658692,38.34615279,37.72961432,37.10691046,36.47797957,35.84275936,35.20118696,34.55319883,33.89873082,33.23771812,32.5700953,31.89579626,31.21475422,30.52690176,29.83217078,29.13049249,28.42179741,27.70601539,26.98307554,26.2529063,25.51543536,24.77058971,24.01829561,23.25847857,22.49106335,21.71597398,20.93313372,20.14246506,19.34388971,18.53732861,17.7227019,16.89992891,16.0689282,15.22961749,14.38191366,13.5257328,12.66099013,11.78760003,10.90547603,10.01453079,9.114676095,8.205822856,7.287881085,6.360759895,5.424367494,4.478611169,3.523397281,2.558631254,1.584217566,0.600059742,0,0,0,0,0,0,0,0,0,0,
58,57.58,57.1558,56.727358,56.29463158,55.8575779,55.41615367,54.97031521,54.52001836,54.06521855,53.60587073,53.14192944,52.67334873,52.20008222,51.72208304,51.23930387,50.75169691,50.25921388,49.76180602,49.25942408,48.75201832,48.23953851,47.72193389,47.19915323,46.67114476,46.13785621,45.59923477,45.05522712,44.50577939,43.95083718,43.39034556,42.82424901,42.2524915,41.67501642,41.09176658,40.50268425,39.90771109,39.3067882,38.69985608,38.08685464,37.46772319,36.84240042,36.21082443,35.57293267,34.928662,34.27794862,33.6207281,32.95693538,32.28650474,31.60936978,30.92546348,30.23471812,29.5370653,28.83243595,28.12076031,27.40196791,26.67598759,25.94274747,25.20217494,24.45419669,23.69873866,22.93572605,22.16508331,21.38673414,20.60060148,19.8066075,19.00467357,18.19472031,17.37666751,16.55043419,15.71593853,14.87309791,14.02182889,13.16204718,12.29366765,11.41660433,10.53077037,9.636078076,8.732438857,7.819763245,6.897960878,5.966940487,5.026609891,4.07687599,3.11764475,2.148821198,1.17030941,0.182012504,0,0,0,0,0,0,0,0,0,0,0,0,
57,56.57,56.1357,55.697057,55.25402757,54.80656785,54.35463352,53.89817986,53.43716166,52.97153327,52.50124861,52.02626109,51.5465237,51.06198894,50.57260883,50.07833492,49.57911827,49.07490945,48.56565855,48.05131513,47.53182828,47.00714657,46.47721803,45.94199021,45.40141011,44.85542421,44.30397846,43.74701824,43.18448842,42.61633331,42.04249664,41.46292161,40.87755082,40.28632633,39.68918959,39.08608149,38.47694231,37.86171173,37.24032885,36.61273213,35.97885946,35.33864805,34.69203453,34.03895488,33.37934442,32.71313787,32.04026925,31.36067194,30.67427866,29.98102145,29.28083166,28.57363998,27.85937638,27.13797014,26.40934984,25.67344334,24.93017777,24.17947955,23.42127435,22.65548709,21.88204196,21.10086238,20.31187101,19.51498972,18.71013961,17.89724101,17.07621342,16.24697555,15.40944531,14.56353976,13.70917516,12.84626691,11.97472958,11.09447688,10.20542164,9.307475861,8.400550619,7.484556125,6.559401687,5.624995704,4.681245661,3.728058117,2.765338698,1.792992085,0.810922006,0,0,0,0,0,0,0,0,0,0,0,0,0,0,0,
56,55.56,55.1156,54.666756,54.21342356,53.7555578,53.29311337,52.82604451,52.35430495,51.877848,51.39662648,50.91059275,50.41969867,49.92389566,49.42313462,48.91736596,48.40653962,47.89060502,47.36951107,46.84320618,46.31163824,45.77475462,45.23250217,44.68482719,44.13167546,43.57299222,43.00872214,42.43880936,41.86319746,41.28182943,40.69464773,40.1015942,39.50261014,38.89763625,38.28661261,37.66947873,37.04617352,36.41663526,35.78080161,35.13860963,34.48999572,33.83489568,33.17324464,32.50497708,31.83002685,31.14832712,30.45981039,29.7644085,29.06205258,28.35267311,27.63619984,26.91256184,26.18168746,25.44350433,24.69793937,23.94491877,23.18436795,22.41621163,21.64037375,20.85677749,20.06534526,19.26599872,18.4586587,17.64324529,16.81967774,15.98787452,15.14775327,14.2992308,13.44222311,12.57664534,11.70241179,10.81943591,9.927630268,9.02690657,8.117175636,7.198347392,6.270330866,5.333034175,4.386364517,3.430228162,2.464530443,1.489175748,0.504067505,0,0,0,0,0,0,0,0,0,0,0,0,0,0,0,0,0,
55,54.55,54.0955,53.636455,53.17281955,52.70454775,52.23159322,51.75390916,51.27144825,50.78416273,50.29200436,49.7949244,49.29287364,48.78580238,48.2736604,47.75639701,47.23396098,46.70630059,46.17336359,45.63509723,45.0914482,44.54236268,43.98778631,43.42766417,42.86194082,42.29056022,41.71346583,41.13060048,40.54190649,39.94732555,39.34679881,38.7402668,38.12766947,37.50894616,36.88403562,36.25287598,35.61540474,34.97155879,34.32127437,33.66448712,33.00113199,32.33114331,31.65445474,30.97099929,30.28070928,29.58351637,28.87935154,28.16814505,27.4498265,26.72432477,25.99156802,25.2514837,24.50399853,23.74903852,22.9865289,22.21639419,21.43855814,20.65294372,19.85947315,19.05806789,18.24864856,17.43113505,16.6054464,15.77150086,14.92921587,14.07850803,13.21929311,12.35148604,11.4750009,10.58975091,9.695648422,8.792604906,7.880530955,6.959336265,6.028929628,5.089218924,4.140111113,3.181512224,2.213327347,1.23546062,0.247815226,0,0,0,0,0,0,0,0,0,0,0,0,0,0,0,0,0,0,0,
54,53.54,53.0754,52.606154,52.13221554,51.6535377,51.17007307,50.6817738,50.18859154,49.69047746,49.18738223,48.67925605,48.16604861,47.6477091,47.12418619,46.59542805,46.06138233,45.52199616,44.97721612,44.42698828,43.87125816,43.30997074,42.74307045,42.17050116,41.59220617,41.00812823,40.41820951,39.82239161,39.22061552,38.61282168,37.99894989,37.37893939,36.75272879,36.12025608,35.48145864,34.83627322,34.18463595,33.52648231,32.86174714,32.19036461,31.51226825,30.82739094,30.13566485,29.4370215,28.73139171,28.01870563,27.29889268,26.57188161,25.83760043,25.09597643,24.3469362,23.59040556,22.82630961,22.05457271,21.27511844,20.48786962,19.69274832,18.8896758,18.07857256,17.25935828,16.43195187,15.59627138,14.7522341,13.89975644,13.038754,12.16914154,11.29083296,10.40374129,9.507778702,8.602856489,7.688885054,6.765773904,5.833431643,4.89176596,3.940683619,2.980090456,2.00989136,1.029990274,0.040290177,0,0,0,0,0,0,0,0,0,0,0,0,0,0,0,0,0,0,0,0,0,
53,52.53,52.0553,51.575853,51.09161153,50.60252765,50.10855292,49.60963845,49.10573484,48.59679218,48.08276011,47.56358771,47.03922358,46.50961582,45.97471198,45.4344591,44.88880369,44.33769173,43.78106864,43.21887933,42.65106812,42.0775788,41.49835459,40.91333814,40.32247152,39.72569623,39.1229532,38.51418273,37.89932456,37.2783178,36.65110098,36.01761199,35.37778811,34.73156599,34.07888165,33.41967047,32.75386717,32.08140584,31.4022199,30.7162421,30.02340452,29.32363857,28.61687495,27.9030437,27.18207414,26.45389488,25.71843383,24.97561817,24.22537435,23.46762809,22.70230437,21.92932742,21.14862069,20.3601069,19.56370797,18.75934505,17.9469385,17.12640788,16.29767196,15.46064868,14.61525517,13.76140772,12.8990218,12.02801201,11.14829213,10.25977506,9.362372806,8.455996534,7.5405565,6.615962065,5.682121685,4.738942902,3.786332331,2.824195655,1.852437611,0.870961987,0,0,0,0,0,0,0,0,0,0,0,0,0,0,0,0,0,0,0,0,0,0,0,0,
52,51.52,51.0352,50.545552,50.05100752,49.5515176,49.04703277,48.5375031,48.02287813,47.50310691,46.97813798,46.44791936,45.91239855,45.37152254,44.82523776,44.27349014,43.71622504,43.15338729,42.58492117,42.01077038,41.43087808,40.84518686,40.25363873,39.65617512,39.05273687,38.44326424,37.82769688,37.20597385,36.57803359,35.94381392,35.30325206,34.65628458,34.00284743,33.3428759,32.67630466,32.00306771,31.32309839,30.63632937,29.94269267,29.24211959,28.53454079,27.8198862,27.09808506,26.36906591,25.63275657,24.88908413,24.13797497,23.37935472,22.61314827,21.83927975,21.05767255,20.26824928,19.47093177,18.66564109,17.8522975,17.03082047,16.20112868,15.36313996,14.51677136,13.66193908,12.79855847,11.92654405,11.04580949,10.15626759,9.257830265,8.350408568,7.433912653,6.50825178,5.573334298,4.629067641,3.675358317,2.7121119,1.739233019,0.756625349,0,0,0,0,0,0,0,0,0,0,0,0,0,0,0,0,0,0,0,0,0,0,0,0,0,0,
51,50.51,50.0151,49.515251,49.01040351,48.50050755,47.98551262,47.46536775,46.94002142,46.40942164,45.87351585,45.33225101,44.78557352,44.23342926,43.67576355,43.11252119,42.5436464,41.96908286,41.38877369,40.80266143,40.21068804,39.61279492,39.00892287,38.3990121,37.78300222,37.16083224,36.53244057,35.89776497,35.25674262,34.60931005,33.95540315,33.29495718,32.62790675,31.95418582,31.27372768,30.58646495,29.8923296,29.1912529,28.48316543,27.76799708,27.04567705,26.31613382,25.57929516,24.83508811,24.083439,23.32427339,22.55751612,21.78309128,21.00092219,20.21093142,19.41304073,18.60717114,17.79324285,16.97117528,16.14088703,15.3022959,14.45531886,13.59987205,12.73587077,11.86322948,10.98186177,10.09168039,9.192597192,8.284523164,7.367368396,6.441042079,5.5054525,4.560507025,3.606112096,2.642173216,1.668594949,0.685280898,0,0,0,0,0,0,0,0,0,0,0,0,0,0,0,0,0,0,0,0,0,0,0,0,0,0,0,0,
50,49.5,48.995,48.48495,47.9697995,47.4494975,46.92399247,46.39323239,45.85716472,45.31573637,44.76889373,44.21658267,43.65874849,43.09533598,42.52628934,41.95155223,41.37106775,40.78477843,40.19262622,39.59455248,38.990498,38.38040298,37.76420701,37.14184908,36.51326757,35.87840025,35.23718425,34.58955609,33.93545166,33.27480617,32.60755423,31.93362978,31.25296607,30.56549573,29.87115069,29.1698622,28.46156082,27.74617643,27.02363819,26.29387457,25.55681332,24.81238145,24.06050527,23.30111032,22.53412142,21.75946264,20.97705726,20.18682784,19.38869612,18.58258308,17.76840891,16.946093,16.11555393,15.27670947,14.42947656,13.57377133,12.70950904,11.83660413,10.95497017,10.06451987,9.165165072,8.256816723,7.33938489,6.412778739,5.476906526,4.531675591,3.576992347,2.612762271,1.638889893,0.655278792,0,0,0,0,0,0,0,0,0,0,0,0,0,0,0,0,0,0,0,0,0,0,0,0,0,0,0,0,0,0,
49,48.49,47.9749,47.454649,46.92919549,46.39848744,45.86247232,45.32109704,44.77430801,44.22205109,43.6642716,43.10091432,42.53192346,41.9572427,41.37681512,40.79058328,40.19848911,39.600474,38.99647874,38.38644353,37.77030796,37.14801104,36.51949115,35.88468606,35.24353292,34.59596825,33.94192794,33.28134722,32.61416069,31.9403023,31.25970532,30.57230237,29.87802539,29.17680565,28.46857371,27.75325944,27.03079204,26.30109996,25.56411096,24.81975207,24.06794959,23.30862908,22.54171537,21.76713253,20.98480385,20.19465189,19.39659841,18.59056439,17.77647004,16.95423474,16.12377709,15.28501486,14.43786501,13.58224366,12.71806609,11.84524675,10.96369922,10.07333621,9.174069575,8.265810271,7.348468373,6.421953057,5.486172588,4.541034313,3.586444657,2.622309103,1.648532194,0.665017516,0,0,0,0,0,0,0,0,0,0,0,0,0,0,0,0,0,0,0,0,0,0,0,0,0,0,0,0,0,0,0,0,
48,47.48,46.9548,46.424348,45.88859148,45.34747739,44.80095217,44.24896169,43.69145131,43.12836582,42.55964948,41.98524597,41.40509843,40.81914942,40.22734091,39.62961432,39.02591046,38.41616957,37.80033126,37.17833458,36.55011792,35.9156191,35.27477529,34.62752305,33.97379828,33.31353626,32.64667162,31.97313834,31.29286972,30.60579842,29.9118564,29.21097497,28.50308472,27.78811556,27.06599672,26.33665669,25.60002325,24.85602349,24.10458372,23.34562956,22.57908585,21.80487671,21.02292548,20.23315473,19.43548628,18.62984114,17.81613956,16.99430095,16.16424396,15.3258864,14.47914526,13.62393672,12.76017608,11.88777784,11.00665562,10.11672218,9.217889401,8.310068295,7.393168978,6.467100668,5.531771675,4.587089391,3.632960285,2.669289888,1.695982787,0.712942615,0,0,0,0,0,0,0,0,0,0,0,0,0,0,0,0,0,0,0,0,0,0,0,0,0,0,0,0,0,0,0,0,0,0,
47,46.47,45.9347,45.394047,44.84798747,44.29646734,43.73943202,43.17682634,42.6085946,42.03468055,41.45502735,40.86957763,40.2782734,39.68105614,39.0778667,38.46864537,37.85333182,37.23186514,36.60418379,35.97022563,35.32992788,34.68322716,34.03005943,33.37036003,32.70406363,32.03110426,31.35141531,30.66492946,29.97157875,29.27129454,28.56400749,27.84964756,27.12814404,26.39942548,25.66341973,24.92005393,24.16925447,23.41094701,22.64505648,21.87150705,21.09022212,20.30112434,19.50413558,18.69917694,17.88616871,17.0650304,16.2356807,15.39803751,14.55201788,13.69753806,12.83451344,11.96285858,11.08248716,10.19331203,9.295245154,8.388197606,7.472079582,6.546800378,5.612268382,4.668391065,3.715074976,2.752225726,1.779747983,0.797545463,0,0,0,0,0,0,0,0,0,0,0,0,0,0,0,0,0,0,0,0,0,0,0,0,0,0,0,0,0,0,0,0,0,0,0,0,
46,45.46,44.9146,44.363746,43.80738346,43.24545729,42.67791187,42.10469099,41.5257379,40.94099528,40.35040523,39.75390928,39.15144837,38.54296286,37.92839249,37.30767641,36.68075317,36.04756071,35.40803631,34.76211668,34.10973784,33.45083522,32.78534357,32.11319701,31.43432898,30.74867227,30.05615899,29.35672058,28.65028779,27.93679067,27.21615857,26.48832016,25.75320336,25.01073539,24.26084275,23.50345117,22.73848569,21.96587054,21.18552925,20.39738454,19.60135839,18.79737197,17.98534569,17.16519915,16.33685114,15.50021965,14.65522185,13.80177406,12.93979181,12.06918972,11.18988162,10.30178044,9.404798241,8.498846223,7.583834686,6.659673033,5.726269763,4.78353246,3.831367785,2.869681463,1.898378278,0.91736206,0,0,0,0,0,0,0,0,0,0,0,0,0,0,0,0,0,0,0,0,0,0,0,0,0,0,0,0,0,0,0,0,0,0,0,0,0,0,
45,44.45,43.8945,43.333445,42.76677945,42.19444724,41.61639172,41.03255563,40.44288119,39.84731,39.2457831,38.63824093,38.02462334,37.40486958,36.77891827,36.14670745,35.50817453,34.86325627,34.21188884,33.55400773,32.8895478,32.21844328,31.54062771,30.85603399,30.16459433,29.46624027,28.76090268,28.0485117,27.32899682,26.60228679,25.86830966,25.12699275,24.37826268,23.62204531,22.85826576,22.08684842,21.3077169,20.52079407,19.72600201,18.92326203,18.11249465,17.2936196,16.4665558,15.63122135,14.78753357,13.9354089,13.07476299,12.20551062,11.32756573,10.44084138,9.545249799,8.640702297,7.72710932,6.804380413,5.872424217,4.931148459,3.980459944,3.020264543,2.050467188,1.07097186,0.081681579,0,0,0,0,0,0,0,0,0,0,0,0,0,0,0,0,0,0,0,0,0,0,0,0,0,0,0,0,0,0,0,0,0,0,0,0,0,0,0,
44,43.44,42.8744,42.303144,41.72617544,41.14343719,40.55487157,39.96042028,39.36002448,38.75362473,38.14116098,37.52257259,36.89779831,36.2667763,35.62944406,34.9857385,34.33559588,33.67895184,33.01574136,32.34589878,31.66935776,30.98605134,30.29591185,29.59887097,28.89485968,28.18380828,27.46564636,26.74030283,26.00770585,25.26778291,24.52046074,23.76566535,23.003322,22.23335522,21.45568877,20.67024566,19.87694812,19.0757176,18.26647478,17.44913952,16.62363092,15.78986723,14.9477659,14.09724356,13.238216,12.37059816,11.49430414,10.60924718,9.71533965,8.812493046,7.900617977,6.979624157,6.049420398,5.109914602,4.161013748,3.202623886,2.234650124,1.256996626,0.269566592,0,0,0,0,0,0,0,0,0,0,0,0,0,0,0,0,0,0,0,0,0,0,0,0,0,0,0,0,0,0,0,0,0,0,0,0,0,0,0,0,0,
43,42.43,41.8543,41.272843,40.68557143,40.09242714,39.49335142,38.88828493,38.27716778,37.65993946,37.03653885,36.40690424,35.77097328,35.12868302,34.47996985,33.82476954,33.16301724,32.49464741,31.81959389,31.13778982,30.44916772,29.7536594,29.05119599,28.34170795,27.62512503,26.90137628,26.17039005,25.43209395,24.68641489,23.93327904,23.17261183,22.40433794,21.62838132,20.84466514,20.05311179,19.25364291,18.44617934,17.63064113,16.80694754,15.97501702,15.13476719,14.28611486,13.42897601,12.56326577,11.68889842,10.80578741,9.913845282,9.012983735,8.103113572,7.184144708,6.255986155,5.318546016,4.371731477,3.415448791,2.449603279,1.474099312,0.488840305,0,0,0,0,0,0,0,0,0,0,0,0,0,0,0,0,0,0,0,0,0,0,0,0,0,0,0,0,0,0,0,0,0,0,0,0,0,0,0,0,0,0,0,
42,41.42,40.8342,40.242542,39.64496742,39.04141709,38.43183127,37.81614958,37.19431107,36.56625418,35.93191673,35.29123589,34.64414825,33.99058973,33.33049563,32.66380059,31.99043859,31.31034298,30.62344641,29.92968087,29.22897768,28.52126746,27.80648013,27.08454494,26.35539039,25.61894429,24.87513373,24.12388507,23.36512392,22.59877516,21.82476291,21.04301054,20.25344065,19.45597505,18.6505348,17.83704015,17.01541055,16.18556466,15.3474203,14.50089451,13.64590345,12.78236249,11.91018611,11.02928797,10.13958085,9.240976661,8.333386427,7.416720292,6.490887494,5.555796369,4.611354333,3.657467876,2.694042555,1.720982981,0.738192811,0,0,0,0,0,0,0,0,0,0,0,0,0,0,0,0,0,0,0,0,0,0,0,0,0,0,0,0,0,0,0,0,0,0,0,0,0,0,0,0,0,0,0,0,0,
41,40.41,39.8141,39.212241,38.60436341,37.99040704,37.37031111,36.74401423,36.11145437,35.47256891,34.8272946,34.17556755,33.51732322,32.85249645,32.18102142,31.50283163,30.81785995,30.12603855,29.42729893,28.72157192,28.00878764,27.28887552,26.56176427,25.82738192,25.08565574,24.33651229,23.57987742,22.81567619,22.04383295,21.26427128,20.476914,19.68168314,18.87849997,18.06728497,17.24795782,16.42043739,15.58464177,14.74048819,13.88789307,13.026772,12.15703972,11.27861012,10.39139622,9.495310179,8.590263281,7.676165913,6.752927573,5.820456848,4.878661417,3.927448031,2.966722511,1.996389736,1.016353634,0.02651717,0,0,0,0,0,0,0,0,0,0,0,0,0,0,0,0,0,0,0,0,0,0,0,0,0,0,0,0,0,0,0,0,0,0,0,0,0,0,0,0,0,0,0,0,0,0,
40,39.4,38.794,38.18194,37.5637594,36.93939699,36.30879096,35.67187887,35.02859766,34.37888364,33.72267248,33.0598992,32.39049819,31.71440317,31.03154721,30.34186268,29.6452813,28.94173412,28.23115146,27.51346297,26.7885976,26.05648358,25.31704841,24.5702189,23.81592109,23.0540803,22.2846211,21.50746731,20.72254199,19.92976741,19.12906508,18.32035573,17.50355929,16.67859488,15.84538083,15.00383464,14.15387298,13.29541171,12.42836583,11.55264949,10.66817598,9.774857745,8.872606322,7.961332385,7.040945709,6.111355166,5.172468718,4.224193405,3.266435339,2.299099692,1.322090689,0.335311596,0,0,0,0,0,0,0,0,0,0,0,0,0,0,0,0,0,0,0,0,0,0,0,0,0,0,0,0,0,0,0,0,0,0,0,0,0,0,0,0,0,0,0,0,0,0,0,0,
39,38.39,37.7739,37.151639,36.52315539,35.88838694,35.24727081,34.59974352,33.94574096,33.28519837,32.61805035,31.94423085,31.26367316,30.57630989,29.88207299,29.18089372,28.47270266,27.75742969,27.03500398,26.30535402,25.56840756,24.82409164,24.07233256,23.31305588,22.54618644,21.7716483,20.98936479,20.19925843,19.40125102,18.59526353,17.78121616,16.95902833,16.12861861,15.2899048,14.44280384,13.58723188,12.7231042,11.85033524,10.9688386,10.07852698,9.179312251,8.271105374,7.353816427,6.427354592,5.491628138,4.546544419,3.592009863,2.627929962,1.654209261,0.670751354,0,0,0,0,0,0,0,0,0,0,0,0,0,0,0,0,0,0,0,0,0,0,0,0,0,0,0,0,0,0,0,0,0,0,0,0,0,0,0,0,0,0,0,0,0,0,0,0,0,0,
38,37.38,36.7538,36.121338,35.48255138,34.83737689,34.18575066,33.52760817,32.86288425,32.19151309,31.51342822,30.82856251,30.13684813,29.43821661,28.73259878,28.01992477,27.30012401,26.57312525,25.83885651,25.09724507,24.34821752,23.5916997,22.8276167,22.05589286,21.27645179,20.48921631,19.69410847,18.89104956,18.07996005,17.26075965,16.43336725,15.59770092,14.75367793,13.90121471,13.04022686,12.17062913,11.29233542,10.40525877,9.509311359,8.604404473,7.690448518,6.767353003,5.835026533,4.893376798,3.942310566,2.981733672,2.011551008,1.031666519,0.041983184,0,0,0,0,0,0,0,0,0,0,0,0,0,0,0,0,0,0,0,0,0,0,0,0,0,0,0,0,0,0,0,0,0,0,0,0,0,0,0,0,0,0,0,0,0,0,0,0,0,0,0,
37,36.37,35.7337,35.091037,34.44194737,33.78636684,33.12423051,32.45547282,31.78002755,31.09782782,30.4088061,29.71289416,29.0100231,28.30012333,27.58312457,26.85895581,26.12754537,25.38882082,24.64270903,23.88913612,23.12802748,22.35930776,21.58290084,20.79872984,20.00671714,19.20678431,18.39885216,17.58284068,16.75866909,15.92625578,15.08551833,14.23637352,13.37873725,12.51252463,11.63764987,10.75402637,9.861566634,8.9601823,8.049784123,7.130281964,6.201584784,5.263600632,4.316236638,3.359399004,2.392992995,1.416922924,0.431092154,0,0,0,0,0,0,0,0,0,0,0,0,0,0,0,0,0,0,0,0,0,0,0,0,0,0,0,0,0,0,0,0,0,0,0,0,0,0,0,0,0,0,0,0,0,0,0,0,0,0,0,0,0,
36,35.36,34.7136,34.060736,33.40134336,32.73535679,32.06271036,31.38333747,30.69717084,30.00414255,29.30418397,28.59722581,27.88319807,27.16203005,26.43365035,25.69798686,24.95496672,24.20451639,23.44656156,22.68102717,21.90783744,21.12691582,20.33818498,19.54156683,18.73698249,17.92435232,17.10359584,16.2746318,15.43737812,14.5917519,13.73766942,12.87504611,12.00379657,11.12383454,10.23507289,9.337423614,8.43079785,7.515105829,6.590256887,5.656159456,4.71272105,3.759848261,2.797446743,1.825421211,0.843675423,0,0,0,0,0,0,0,0,0,0,0,0,0,0,0,0,0,0,0,0,0,0,0,0,0,0,0,0,0,0,0,0,0,0,0,0,0,0,0,0,0,0,0,0,0,0,0,0,0,0,0,0,0,0,0,
35,34.35,33.6935,33.030435,32.36073935,31.68434674,31.00119021,30.31120211,29.61431413,28.91045728,28.19956185,27.48155747,26.75637304,26.02393677,25.28417614,24.5370179,23.78238808,23.02021196,22.25041408,21.47291822,20.6876474,19.89452388,19.09346912,18.28440381,17.46724785,16.64192032,15.80833953,14.96642292,14.11608715,13.25724802,12.3898205,11.51371871,10.6288559,9.735144454,8.832495899,7.920820858,7.000029067,6.070029357,5.130729651,4.182036947,3.223857317,2.25609589,1.278656849,0.291443417,0,0,0,0,0,0,0,0,0,0,0,0,0,0,0,0,0,0,0,0,0,0,0,0,0,0,0,0,0,0,0,0,0,0,0,0,0,0,0,0,0,0,0,0,0,0,0,0,0,0,0,0,0,0,0,0,
34,33.34,32.6734,32.000134,31.32013534,30.63333669,29.93967006,29.23906676,28.53145743,27.816772,27.09493972,26.36588912,25.62954801,24.88584349,24.13470193,23.37604895,22.60980944,21.83590753,21.0542666,20.26480927,19.46745736,18.66213194,17.84875326,17.02724079,16.1975132,15.35948833,14.51308321,13.65821404,12.79479618,11.92274415,11.04197159,10.1523913,9.253915217,8.346454369,7.429918913,6.504218102,5.569260283,4.624952886,3.671202415,2.707914439,1.734993583,0.752343519,0,0,0,0,0,0,0,0,0,0,0,0,0,0,0,0,0,0,0,0,0,0,0,0,0,0,0,0,0,0,0,0,0,0,0,0,0,0,0,0,0,0,0,0,0,0,0,0,0,0,0,0,0,0,0,0,0,0,
33,32.33,31.6533,30.969833,30.27953133,29.58232664,28.87814991,28.16693141,27.44860072,26.72308673,25.9903176,25.25022077,24.50272298,23.74775021,22.98522771,22.21507999,21.43723079,20.6516031,19.85811913,19.05670032,18.24726732,17.42974,16.6040374,15.77007777,14.92777855,14.07705633,13.2178269,12.35000517,11.47350522,10.58824027,9.694122673,8.791063899,7.878974538,6.957764284,6.027341927,5.087615346,4.138491499,3.179876414,2.211675179,1.23379193,0.24612985,0,0,0,0,0,0,0,0,0,0,0,0,0,0,0,0,0,0,0,0,0,0,0,0,0,0,0,0,0,0,0,0,0,0,0,0,0,0,0,0,0,0,0,0,0,0,0,0,0,0,0,0,0,0,0,0,0,0,0,
32,31.32,30.6332,29.939532,29.23892732,28.53131659,27.81662976,27.09479606,26.36574402,25.62940146,24.88569547,24.13455243,23.37589795,22.60965693,21.8357535,21.05411103,20.26465215,19.46729867,18.66197165,17.84859137,17.02707728,16.19734806,15.35932154,14.51291475,13.6580439,12.79462434,11.92257058,11.04179629,10.15221425,9.253736393,8.346273757,7.429736495,6.50403386,5.569074198,4.62476494,3.67101259,2.707722716,1.734799943,0.752147942,0,0,0,0,0,0,0,0,0,0,0,0,0,0,0,0,0,0,0,0,0,0,0,0,0,0,0,0,0,0,0,0,0,0,0,0,0,0,0,0,0,0,0,0,0,0,0,0,0,0,0,0,0,0,0,0,0,0,0,0,0,
31,30.31,29.6131,28.909231,28.19832331,27.48030654,26.75510961,26.0226607,25.28288731,24.53571618,23.78107335,23.01888408,22.24907292,21.47156365,20.68627929,19.89314208,19.0920735,18.28299424,17.46582418,16.64048242,15.80688724,14.96495612,14.11460568,13.25575173,12.38830925,11.51219234,10.62731427,9.73358741,8.830923284,7.919232517,6.998424842,6.06840909,5.129093181,4.180384113,3.222187954,2.254409834,1.276953932,0.289723472,0,0,0,0,0,0,0,0,0,0,0,0,0,0,0,0,0,0,0,0,0,0,0,0,0,0,0,0,0,0,0,0,0,0,0,0,0,0,0,0,0,0,0,0,0,0,0,0,0,0,0,0,0,0,0,0,0,0,0,0,0,0,
30,29.3,28.593,27.87893,27.1577193,26.42929649,25.69358946,24.95052535,24.20003061,23.44203091,22.67645122,21.90321573,21.12224789,20.33347037,19.53680507,18.73217312,17.91949486,17.0986898,16.2696767,15.43237347,14.5866972,13.73256418,12.86988982,11.99858872,11.1185746,10.22976035,9.332057952,8.425378532,7.509632317,6.58472864,5.650575927,4.707081686,3.754152503,2.791694028,1.819610968,0.837807078,0,0,0,0,0,0,0,0,0,0,0,0,0,0,0,0,0,0,0,0,0,0,0,0,0,0,0,0,0,0,0,0,0,0,0,0,0,0,0,0,0,0,0,0,0,0,0,0,0,0,0,0,0,0,0,0,0,0,0,0,0,0,0,0,
29,28.29,27.5729,26.848629,26.11711529,25.37828644,24.63206931,23.87839,23.1171739,22.34834564,21.5718291,20.78754739,19.99542286,19.19537709,18.38733086,17.57120417,16.74691621,15.91438537,15.07352923,14.22426452,13.36650716,12.50017224,11.62517396,10.7414257,9.848839954,8.947328354,8.036801637,7.117169654,6.18834135,5.250224764,4.302727011,3.345754281,2.379211824,1.403003943,0.417033982,0,0,0,0,0,0,0,0,0,0,0,0,0,0,0,0,0,0,0,0,0,0,0,0,0,0,0,0,0,0,0,0,0,0,0,0,0,0,0,0,0,0,0,0,0,0,0,0,0,0,0,0,0,0,0,0,0,0,0,0,0,0,0,0,0,
28,27.28,26.5528,25.818328,25.07651128,24.32727639,23.57054916,22.80625465,22.03431719,21.25466037,20.46720697,19.67187904,18.86859783,18.05728381,17.23785665,16.41023521,15.57433757,14.73008094,13.87738175,13.01615557,12.14631712,11.26778029,10.3804581,9.484262679,8.579105306,7.664896359,6.741545322,5.808960776,4.867050383,3.915720887,2.954878096,1.984426877,1.004271146,0.014313857,0,0,0,0,0,0,0,0,0,0,0,0,0,0,0,0,0,0,0,0,0,0,0,0,0,0,0,0,0,0,0,0,0,0,0,0,0,0,0,0,0,0,0,0,0,0,0,0,0,0,0,0,0,0,0,0,0,0,0,0,0,0,0,0,0,0,
27,26.27,25.5327,24.788027,24.03590727,23.27626634,22.50902901,21.7341193,20.95146049,20.16097509,19.36258484,18.55621069,17.7417728,16.91919053,16.08838243,15.24926626,14.40175892,13.54577651,12.68123427,11.80804662,10.92612708,10.03538835,9.135742238,8.227099661,7.309370657,6.382464364,5.446289007,4.500751897,3.545759416,2.581217011,1.607029181,0.623099473,0,0,0,0,0,0,0,0,0,0,0,0,0,0,0,0,0,0,0,0,0,0,0,0,0,0,0,0,0,0,0,0,0,0,0,0,0,0,0,0,0,0,0,0,0,0,0,0,0,0,0,0,0,0,0,0,0,0,0,0,0,0,0,0,0,0,0,0,
26,25.26,24.5126,23.757726,22.99530326,22.22525629,21.44750886,20.66198394,19.86860378,19.06728982,18.25796272,17.44054235,16.61494777,15.78109725,14.93890822,14.0882973,13.22918028,12.36147208,11.4850868,10.59993767,9.705937044,8.802996414,7.891026378,6.969936642,6.039636009,5.100032369,4.151032692,3.192543019,2.22446845,1.246713134,0.259180265,0,0,0,0,0,0,0,0,0,0,0,0,0,0,0,0,0,0,0,0,0,0,0,0,0,0,0,0,0,0,0,0,0,0,0,0,0,0,0,0,0,0,0,0,0,0,0,0,0,0,0,0,0,0,0,0,0,0,0,0,0,0,0,0,0,0,0,0,0,
25,24.25,23.4925,22.727425,21.95469925,21.17424624,20.3859887,19.58984859,18.78574708,17.97360455,17.15334059,16.324874,15.48812274,14.64300397,13.78943401,12.92732835,12.05660163,11.17716765,10.28893932,9.391828717,8.485747004,7.570604474,6.646310519,5.712773624,4.76990136,3.817600374,2.855776377,1.884334141,0.903177483,0,0,0,0,0,0,0,0,0,0,0,0,0,0,0,0,0,0,0,0,0,0,0,0,0,0,0,0,0,0,0,0,0,0,0,0,0,0,0,0,0,0,0,0,0,0,0,0,0,0,0,0,0,0,0,0,0,0,0,0,0,0,0,0,0,0,0,0,0,0,0,
24,23.24,22.4724,21.697124,20.91409524,20.12323619,19.32446855,18.51771324,17.70289037,16.87991928,16.04871847,15.20920565,14.36129771,13.50491069,12.63995979,11.76635939,10.88402299,9.992863216,9.092791848,8.183719766,7.265556964,6.338212534,5.401594659,4.455610606,3.500166712,2.535168379,1.560520062,0.576125263,0,0,0,0,0,0,0,0,0,0,0,0,0,0,0,0,0,0,0,0,0,0,0,0,0,0,0,0,0,0,0,0,0,0,0,0,0,0,0,0,0,0,0,0,0,0,0,0,0,0,0,0,0,0,0,0,0,0,0,0,0,0,0,0,0,0,0,0,0,0,0,0,
23,22.23,21.4523,20.666823,19.87349123,19.07222614,18.2629484,17.44557789,16.62003367,15.786234,14.94409634,14.09353731,13.23447268,12.36681741,11.49048558,10.60539044,9.711444341,8.808558784,7.896644372,6.975610816,6.045366924,5.105820593,4.156878799,3.198447587,2.230432063,1.252736384,0.265263748,0,0,0,0,0,0,0,0,0,0,0,0,0,0,0,0,0,0,0,0,0,0,0,0,0,0,0,0,0,0,0,0,0,0,0,0,0,0,0,0,0,0,0,0,0,0,0,0,0,0,0,0,0,0,0,0,0,0,0,0,0,0,0,0,0,0,0,0,0,0,0,0,0,
22,21.22,20.4322,19.636522,18.83288722,18.02121609,17.20142825,16.37344254,15.53717696,14.69254873,13.83947422,12.97786896,12.10764765,11.22872413,10.34101137,9.444421481,8.538865696,7.624254353,6.700496896,5.767501865,4.825176884,3.873428653,2.912162939,1.941284569,0.960697415,0,0,0,0,0,0,0,0,0,0,0,0,0,0,0,0,0,0,0,0,0,0,0,0,0,0,0,0,0,0,0,0,0,0,0,0,0,0,0,0,0,0,0,0,0,0,0,0,0,0,0,0,0,0,0,0,0,0,0,0,0,0,0,0,0,0,0,0,0,0,0,0,0,0,0,
21,20.21,19.4121,18.606221,17.79228321,16.97020604,16.1399081,15.30130718,14.45432026,13.59886346,12.73485209,11.86220061,10.98082262,10.09063085,9.191537154,8.283452526,7.366287051,6.439949922,5.504349421,4.559392915,3.604986844,2.641036713,1.66744708,0.68412155,0,0,0,0,0,0,0,0,0,0,0,0,0,0,0,0,0,0,0,0,0,0,0,0,0,0,0,0,0,0,0,0,0,0,0,0,0,0,0,0,0,0,0,0,0,0,0,0,0,0,0,0,0,0,0,0,0,0,0,0,0,0,0,0,0,0,0,0,0,0,0,0,0,0,0,0,
20,19.2,18.392,17.57592,16.7516792,15.91919599,15.07838795,14.22917183,13.37146355,12.50517819,11.63022997,10.74653227,9.853997589,8.952537565,8.042062941,7.12248357,6.193708406,5.25564549,4.308201945,3.351283965,2.384796804,1.408644772,0.42273122,0,0,0,0,0,0,0,0,0,0,0,0,0,0,0,0,0,0,0,0,0,0,0,0,0,0,0,0,0,0,0,0,0,0,0,0,0,0,0,0,0,0,0,0,0,0,0,0,0,0,0,0,0,0,0,0,0,0,0,0,0,0,0,0,0,0,0,0,0,0,0,0,0,0,0,0,0,
19,18.19,17.3719,16.545619,15.71107519,14.86818594,14.0168678,13.15703648,12.28860684,11.41149291,10.52560784,9.63086392,8.727172559,7.814444285,6.892588728,5.961514615,5.021129761,4.071341059,3.112054469,2.143175014,1.164606764,0.176252832,0,0,0,0,0,0,0,0,0,0,0,0,0,0,0,0,0,0,0,0,0,0,0,0,0,0,0,0,0,0,0,0,0,0,0,0,0,0,0,0,0,0,0,0,0,0,0,0,0,0,0,0,0,0,0,0,0,0,0,0,0,0,0,0,0,0,0,0,0,0,0,0,0,0,0,0,0,0,
18,17.18,16.3518,15.515318,14.67047118,13.81717589,12.95534765,12.08490113,11.20575014,10.31780764,9.420985716,8.515195573,7.600347529,6.676351004,5.743114515,4.80054566,3.848551116,2.887036627,1.915906994,0.935066064,0,0,0,0,0,0,0,0,0,0,0,0,0,0,0,0,0,0,0,0,0,0,0,0,0,0,0,0,0,0,0,0,0,0,0,0,0,0,0,0,0,0,0,0,0,0,0,0,0,0,0,0,0,0,0,0,0,0,0,0,0,0,0,0,0,0,0,0,0,0,0,0,0,0,0,0,0,0,0,0,
17,16.17,15.3317,14.485017,13.62986717,12.76616584,11.8938275,11.01276578,10.12289343,9.224122367,8.316363591,7.399527227,6.473522499,5.538257724,4.593640301,3.639576704,2.675972471,1.702732196,0.719759518,0,0,0,0,0,0,0,0,0,0,0,0,0,0,0,0,0,0,0,0,0,0,0,0,0,0,0,0,0,0,0,0,0,0,0,0,0,0,0,0,0,0,0,0,0,0,0,0,0,0,0,0,0,0,0,0,0,0,0,0,0,0,0,0,0,0,0,0,0,0,0,0,0,0,0,0,0,0,0,0,0,
16,15.16,14.3116,13.454716,12.58926316,11.71515579,10.83230735,9.940630423,9.040036727,8.130437095,7.211741465,6.28385888,5.346697469,4.400164444,3.444166088,2.478607749,1.503393826,0.518427765,0,0,0,0,0,0,0,0,0,0,0,0,0,0,0,0,0,0,0,0,0,0,0,0,0,0,0,0,0,0,0,0,0,0,0,0,0,0,0,0,0,0,0,0,0,0,0,0,0,0,0,0,0,0,0,0,0,0,0,0,0,0,0,0,0,0,0,0,0,0,0,0,0,0,0,0,0,0,0,0,0,0,
15,14.15,13.2915,12.424415,11.54865915,10.66414574,9.770787199,8.868495071,7.957180022,7.036751822,6.10711934,5.168190533,4.219872439,3.262071163,2.294691875,1.317638794,0.330815181,0,0,0,0,0,0,0,0,0,0,0,0,0,0,0,0,0,0,0,0,0,0,0,0,0,0,0,0,0,0,0,0,0,0,0,0,0,0,0,0,0,0,0,0,0,0,0,0,0,0,0,0,0,0,0,0,0,0,0,0,0,0,0,0,0,0,0,0,0,0,0,0,0,0,0,0,0,0,0,0,0,0,0,
14,13.14,12.2714,11.394114,10.50805514,9.613135691,8.709267048,7.796359719,6.874323316,5.943066549,5.002497215,4.052522187,3.093047409,2.123977883,1.145217662,0.156669838,0,0,0,0,0,0,0,0,0,0,0,0,0,0,0,0,0,0,0,0,0,0,0,0,0,0,0,0,0,0,0,0,0,0,0,0,0,0,0,0,0,0,0,0,0,0,0,0,0,0,0,0,0,0,0,0,0,0,0,0,0,0,0,0,0,0,0,0,0,0,0,0,0,0,0,0,0,0,0,0,0,0,0,0,
13,12.13,11.2513,10.363813,9.46745113,8.562125641,7.647746898,6.724224367,5.79146661,4.849381276,3.897875089,2.93685384,1.966222379,0.985884602,0,0,0,0,0,0,0,0,0,0,0,0,0,0,0,0,0,0,0,0,0,0,0,0,0,0,0,0,0,0,0,0,0,0,0,0,0,0,0,0,0,0,0,0,0,0,0,0,0,0,0,0,0,0,0,0,0,0,0,0,0,0,0,0,0,0,0,0,0,0,0,0,0,0,0,0,0,0,0,0,0,0,0,0,0,0,
12,11.12,10.2312,9.333512,8.42684712,7.511115591,6.586226747,5.652089015,4.708609905,3.755696004,2.793252964,1.821185493,0.839397348,0,0,0,0,0,0,0,0,0,0,0,0,0,0,0,0,0,0,0,0,0,0,0,0,0,0,0,0,0,0,0,0,0,0,0,0,0,0,0,0,0,0,0,0,0,0,0,0,0,0,0,0,0,0,0,0,0,0,0,0,0,0,0,0,0,0,0,0,0,0,0,0,0,0,0,0,0,0,0,0,0,0,0,0,0,0,0,
11,10.11,9.2111,8.303211,7.38624311,6.460105541,5.524706597,4.579953662,3.625753199,2.662010731,1.688630838,0.705517147,0,0,0,0,0,0,0,0,0,0,0,0,0,0,0,0,0,0,0,0,0,0,0,0,0,0,0,0,0,0,0,0,0,0,0,0,0,0,0,0,0,0,0,0,0,0,0,0,0,0,0,0,0,0,0,0,0,0,0,0,0,0,0,0,0,0,0,0,0,0,0,0,0,0,0,0,0,0,0,0,0,0,0,0,0,0,0,0,
10,9.1,8.191,7.27291,6.3456391,5.409095491,4.463186446,3.50781831,2.542896493,1.568325458,0.584008713,0,0,0,0,0,0,0,0,0,0,0,0,0,0,0,0,0,0,0,0,0,0,0,0,0,0,0,0,0,0,0,0,0,0,0,0,0,0,0,0,0,0,0,0,0,0,0,0,0,0,0,0,0,0,0,0,0,0,0,0,0,0,0,0,0,0,0,0,0,0,0,0,0,0,0,0,0,0,0,0,0,0,0,0,0,0,0,0,0,
9,8.09,7.1709,6.242609,5.30503509,4.358085441,3.401666295,2.435682958,1.460039788,0.474640186,0,0,0,0,0,0,0,0,0,0,0,0,0,0,0,0,0,0,0,0,0,0,0,0,0,0,0,0,0,0,0,0,0,0,0,0,0,0,0,0,0,0,0,0,0,0,0,0,0,0,0,0,0,0,0,0,0,0,0,0,0,0,0,0,0,0,0,0,0,0,0,0,0,0,0,0,0,0,0,0,0,0,0,0,0,0,0,0,0,0,
8,7.08,6.1508,5.212308,4.26443108,3.307075391,2.340146145,1.363547606,0.377183082,0,0,0,0,0,0,0,0,0,0,0,0,0,0,0,0,0,0,0,0,0,0,0,0,0,0,0,0,0,0,0,0,0,0,0,0,0,0,0,0,0,0,0,0,0,0,0,0,0,0,0,0,0,0,0,0,0,0,0,0,0,0,0,0,0,0,0,0,0,0,0,0,0,0,0,0,0,0,0,0,0,0,0,0,0,0,0,0,0,0,0,
7,6.07,5.1307,4.182007,3.22382707,2.256065341,1.278625994,0.291412254,0,0,0,0,0,0,0,0,0,0,0,0,0,0,0,0,0,0,0,0,0,0,0,0,0,0,0,0,0,0,0,0,0,0,0,0,0,0,0,0,0,0,0,0,0,0,0,0,0,0,0,0,0,0,0,0,0,0,0,0,0,0,0,0,0,0,0,0,0,0,0,0,0,0,0,0,0,0,0,0,0,0,0,0,0,0,0,0,0,0,0,0,
6,5.06,4.1106,3.151706,2.18322306,1.205055291,0.217105844,0,0,0,0,0,0,0,0,0,0,0,0,0,0,0,0,0,0,0,0,0,0,0,0,0,0,0,0,0,0,0,0,0,0,0,0,0,0,0,0,0,0,0,0,0,0,0,0,0,0,0,0,0,0,0,0,0,0,0,0,0,0,0,0,0,0,0,0,0,0,0,0,0,0,0,0,0,0,0,0,0,0,0,0,0,0,0,0,0,0,0,0,0,
5,4.05,3.0905,2.121405,1.14261905,0.154045241,0,0,0,0,0,0,0,0,0,0,0,0,0,0,0,0,0,0,0,0,0,0,0,0,0,0,0,0,0,0,0,0,0,0,0,0,0,0,0,0,0,0,0,0,0,0,0,0,0,0,0,0,0,0,0,0,0,0,0,0,0,0,0,0,0,0,0,0,0,0,0,0,0,0,0,0,0,0,0,0,0,0,0,0,0,0,0,0,0,0,0,0,0,0,
4,3.04,2.0704,1.091104,0.10201504,0,0,0,0,0,0,0,0,0,0,0,0,0,0,0,0,0,0,0,0,0,0,0,0,0,0,0,0,0,0,0,0,0,0,0,0,0,0,0,0,0,0,0,0,0,0,0,0,0,0,0,0,0,0,0,0,0,0,0,0,0,0,0,0,0,0,0,0,0,0,0,0,0,0,0,0,0,0,0,0,0,0,0,0,0,0,0,0,0,0,0,0,0,0,0,
3,2.03,1.0503,0.060803,0,0,0,0,0,0,0,0,0,0,0,0,0,0,0,0,0,0,0,0,0,0,0,0,0,0,0,0,0,0,0,0,0,0,0,0,0,0,0,0,0,0,0,0,0,0,0,0,0,0,0,0,0,0,0,0,0,0,0,0,0,0,0,0,0,0,0,0,0,0,0,0,0,0,0,0,0,0,0,0,0,0,0,0,0,0,0,0,0,0,0,0,0,0,0,0,
2,1.02,0.0302,0,0,0,0,0,0,0,0,0,0,0,0,0,0,0,0,0,0,0,0,0,0,0,0,0,0,0,0,0,0,0,0,0,0,0,0,0,0,0,0,0,0,0,0,0,0,0,0,0,0,0,0,0,0,0,0,0,0,0,0,0,0,0,0,0,0,0,0,0,0,0,0,0,0,0,0,0,0,0,0,0,0,0,0,0,0,0,0,0,0,0,0,0,0,0,0,0,
1,0,0,0,0,0,0,0,0,0,0,0,0,0,0,0,0,0,0,0,0,0,0,0,0,0,0,0,0,0,0,0,0,0,0,0,0,0,0,0,0,0,0,0,0,0,0,0,0,0,0,0,0,0,0,0,0,0,0,0,0,0,0,0,0,0,0,0,0,0,0,0,0,0,0,0,0,0,0,0,0,0,0,0,0,0,0,0,0,0,0,0,0,0,0,0,0,0,0,0,
0,0,0,0,0,0,0,0,0,0,0,0,0,0,0,0,0,0,0,0,0,0,0,0,0,0,0,0,0,0,0,0,0,0,0,0,0,0,0,0,0,0,0,0,0,0,0,0,0,0,0,0,0,0,0,0,0,0,0,0,0,0,0,0,0,0,0,0,0,0,0,0,0,0,0,0,0,0,0,0,0,0,0,0,0,0,0,0,0,0,0,0,0,0,0,0,0,0,0,0,