------------------------------------------------------------------------------------------,,,,,,
  Daily average CO2 concentrations (ppm) derived from flask air samples and in situ (continuous) data.,,,,,,
"  For La Jolla Pier, California: Latitude 32.9N Longitude 117.3W Elevation 10m",,,,,,
  In situ data is sporadically used only during a limited time period from 1957 to 1962,,,,,,
"  Outside this period, the record is entirely flask-based",,,,,,
                                                                                           ,,,,,,
"   Source: R. F. Keeling, S. C. Piper, A. F. Bollenbacher and S. J. Walker                 ",,,,,,
   Scripps CO2 Program ( http://scrippsco2.ucsd.edu )                                      ,,,,,,
   Scripps Institution of Oceanography (SIO)                                               ,,,,,,
   University of California                                                                ,,,,,,
"   La Jolla, California USA 92093-0244                                                     ",,,,,,
                                                                                           ,,,,,,
   Status of data and correspondence:                                                      ,,,,,,
                                                                                           ,,,,,,
   These data are subject to revision based on recalibration of standard gases. Questions  ,,,,,,
   about the data should be directed to Dr. Ralph Keeling (rkeeling@ucsd.edu) and          ,,,,,,
"   and Dr. Stephen Piper (scpiper@popmail.ucsd.edu), Scripps CO2 Program.                  ",,,,,,
                                                                                           ,,,,,,
 Flask data in this file from archive dated 2024-04-19 10:43:25                            ,,,,,,
                                                                                           ,,,,,,
-------------------------------------------------------------------------------------------,,,,,,
                                                                                           ,,,,,,
   Please cite as:                                                                         ,,,,,,
                                                                                           ,,,,,,
"   C. D. Keeling, S. C. Piper, R. B. Bacastow, M. Wahlen, T. P. Whorf, M. Heimann, and     ",,,,,,
"   H. A. Meijer, Exchanges of atmospheric CO2 and 13CO2 with the terrestrial biosphere and ",,,,,,
"   oceans from 1978 to 2000.  I. Global aspects, SIO Reference Series, No. 01-06, Scripps  ",,,,,,
"   Institution of Oceanography, San Diego, 88 pages, 2001.                                 ",,,,,,
                                                                                           ,,,,,,
"   If it is necessary to cite a peer-reviewed article, please cite as:                     ",,,,,,
                                                                                           ,,,,,,
"   C. D. Keeling, S. C. Piper, R. B. Bacastow, M. Wahlen, T. P. Whorf, M. Heimann, and     ",,,,,,
"   H. A. Meijer, Atmospheric CO2 and 13CO2 exchange with the terrestrial biosphere and     ",,,,,,
"   oceans from 1978 to 2000: observations and carbon cycle implications, pages 83-113,     ",,,,,,
"   in 'A History of Atmospheric CO2 and its effects on Plants, Animals, and Ecosystems',   ",,,,,,
"   editors, Ehleringer, J.R., T. E. Cerling, M. D. Dearing, Springer Verlag,               ",,,,,,
"   New York, 2005.                                                                         ",,,,,,
                                                                                           ,,,,,,
-------------------------------------------------------------------------------------------,,,,,,
"   Sampling dates are reported in 3 formats: Year, Month, Day, Hour and Minute",,,,,,
                                             MSExcel spreadsheet date format,,,,,,
                                             Decimal year and fractional year,,,,,,
 N   - Number of flasks used in daily average,,,,,,
,,,,,,
                                                                                           ,,,,,,
 FGC -   CO2 Flags                                                                         ,,,,,,
  -3 - Potentially Suspect Data Accepted                                                   ,,,,,,
  -2 - Accepted value from continuous analyzer                                             ,,,,,,
  -1 - Accepted flask value retained although individual measurements deviated             ,,,,,,
       by more than selected tolerance                                                     ,,,,,,
   0 - Accepted flask value                                                                ,,,,,,
   1 - Rejected during analysis                                                            ,,,,,,
   2 - Rejected unacceptably large flask-analyzer differences associated                   ,,,,,,
                with night sampling (used only at MLO between Dec 1962 and Sep 1968)       ,,,,,,
   3 - Rejected flask measurement; used continuous data instead                            ,,,,,,
   4 - Rejected Replicates do not agree to selected tolerance or single flask              ,,,,,,
   5 - Rejected Daily average deviates from fit by more than 3 standard deviations         ,,,,,,
   6 - Rejected to improve local distribution of data such as too many                     ,,,,,,
                data of generally poor quality (used only at two stations:                 ,,,,,,
                KUM Aug 1979 - Jun 1980 and LJO Apr 1979 - Sep 1985)                       ,,,,,,
   7 - Rejected Unsteady air at site (La Jolla only)                                       ,,,,,,
   8 - Rejected manually (see input/flag_flasks.csv)                                       ,,,,,,
   9 - Rejected legacy data                                                                ,,,,,,
                                                                                           ,,,,,,
 Averages for CO2 have been filtered by deviation from curve fit.                          ,,,,,,
                                                                                           ,,,,,,
  Cx - CO2 value (ppm)                                                                     ,,,,,,
          CO2 concentrations are measured on the '12' Calibration Scale                    ,,,,,,
                                                                                           ,,,,,,
"   Sample,Sample,    Excel,   Sample, NC,FGC,      Cx",,,,,,
Date,HR,Excel,Year,Flask,Flag,CO2
1957-03-21, 00:00,20900,1957.216,1,-2,314.75
1957-03-26, 00:00,20905,1957.23,1,-2,316.47
1957-04-06, 00:00,20916,1957.26,1,-2,315.98
1957-04-10, 00:00,20920,1957.271,1,-2,315.49
1957-04-23, 00:00,20933,1957.307,1,-2,315.37
1957-04-30, 00:00,20940,1957.326,1,-2,316.11
1957-05-06, 00:00,20946,1957.342,1,-2,315.74
1957-05-12, 00:00,20952,1957.359,1,-2,316.48
1957-05-21, 00:00,20961,1957.384,1,-2,315.87
1957-05-26, 00:00,20966,1957.397,1,-2,315.01
1957-06-06, 00:00,20977,1957.427,1,-2,315.87
1957-06-12, 00:00,20983,1957.444,1,-2,315.38
1957-06-22, 00:00,20993,1957.471,1,-2,315.14
1957-06-25, 00:00,20996,1957.479,1,-2,314.4
1957-08-30, 00:00,21062,1957.66,1,-2,309.17
1957-09-02, 00:00,21065,1957.668,1,-2,309.9
1957-09-13, 00:00,21076,1957.699,1,-2,311.12
1957-09-19, 00:00,21082,1957.715,1,-2,309.18
1957-09-25, 00:00,21088,1957.732,1,-2,310.76
1957-09-29, 00:00,21092,1957.742,1,-2,309.79
1957-10-10, 00:00,21103,1957.773,1,-2,312.22
1958-04-07, 00:00,21282,1958.263,1,-2,316.54
1958-04-25, 00:00,21300,1958.312,1,-2,316.42
1958-04-30, 00:00,21305,1958.326,1,-2,316.55
1958-05-10, 00:00,21315,1958.353,1,-2,316.8
1958-05-16, 00:00,21321,1958.37,1,-2,317.66
1958-05-22, 00:00,21327,1958.386,1,-2,318.28
1958-06-22, 00:00,21358,1958.471,1,5,318.9
1958-07-05, 00:00,21371,1958.507,1,-2,314.96
1958-07-10, 00:00,21376,1958.521,1,-2,314.72
1958-07-16, 00:00,21382,1958.537,1,-2,311.67
1958-07-26, 00:00,21392,1958.564,1,-2,312.52
1958-07-27, 00:00,21393,1958.567,1,-2,313.01
1958-08-09, 00:00,21406,1958.603,1,-2,311.06
1958-08-13, 00:00,21410,1958.614,1,-2,309.97
1958-08-21, 00:00,21418,1958.636,1,-2,310.46
1958-08-30, 00:00,21427,1958.66,1,-2,311.06
1958-09-03, 00:00,21431,1958.671,1,-2,309.85
1958-09-13, 00:00,21441,1958.699,1,-2,311.07
1958-09-14, 00:00,21442,1958.701,1,-2,311.55
1958-09-23, 00:00,21451,1958.726,1,-2,311.43
1958-10-07, 00:00,21465,1958.764,1,-2,313.88
1958-10-25, 00:00,21483,1958.814,1,-2,312.29
1958-10-26, 00:00,21484,1958.816,1,-2,312.78
1958-11-07, 00:00,21496,1958.849,1,-2,316.95
1958-11-15, 00:00,21504,1958.871,1,-2,312.79
1958-11-18, 00:00,21507,1958.879,1,-2,316.46
1958-11-28, 00:00,21517,1958.907,1,-2,315.73
1958-11-30, 00:00,21519,1958.912,1,-2,316.71
1958-12-11, 00:00,21530,1958.942,1,-2,317.45
1958-12-14, 00:00,21533,1958.951,1,-2,316.72
1958-12-26, 00:00,21545,1958.984,1,-2,315.73
1958-12-30, 00:00,21549,1958.995,1,-2,316.35
1959-01-06, 00:00,21556,1959.014,1,-2,316.23
1959-01-21, 00:00,21571,1959.055,1,-2,318.45
1959-01-30, 00:00,21580,1959.079,1,-2,317.09
1959-02-07, 00:00,21588,1959.101,1,-2,316.36
1959-02-10, 00:00,21591,1959.11,1,-2,316.36
1959-02-17, 00:00,21598,1959.129,1,-2,316.61
1959-02-22, 00:00,21603,1959.142,1,-2,317.59
1959-03-07, 00:00,21616,1959.178,1,-2,318.71
1959-03-14, 00:00,21623,1959.197,1,-2,317.72
1959-03-18, 00:00,21627,1959.208,1,-2,317.35
1959-03-22, 00:00,21631,1959.219,1,-2,317.47
1959-03-30, 00:00,21639,1959.241,1,-2,317.23
1959-04-05, 00:00,21645,1959.258,1,-2,316.49
1959-04-17, 00:00,21657,1959.29,1,-2,317.97
1959-04-24, 00:00,21664,1959.31,1,-2,317.23
1959-04-26, 00:00,21666,1959.315,1,-2,317.97
1959-05-09, 00:00,21679,1959.351,1,-2,318.84
1959-05-12, 00:00,21682,1959.359,1,-2,317.48
1959-05-23, 00:00,21693,1959.389,1,-2,316.75
1959-05-25, 00:00,21695,1959.395,1,-2,316.13
1959-06-02, 00:00,21703,1959.416,1,-2,316.63
1959-06-12, 00:00,21713,1959.444,1,-2,318.35
1959-06-16, 00:00,21717,1959.455,1,-2,318.23
1959-06-27, 00:00,21728,1959.485,1,-2,316.75
1959-07-02, 00:00,21733,1959.499,1,-2,315.4
1959-07-05, 00:00,21736,1959.507,1,-2,314.91
1959-07-15, 00:00,21746,1959.534,1,-2,314.18
1959-07-19, 00:00,21750,1959.545,1,-2,313.93
1959-07-31, 00:00,21762,1959.578,1,-2,310.4
1959-08-06, 00:00,21768,1959.595,1,-2,310.4
1959-08-09, 00:00,21771,1959.603,1,-2,310.52
1959-08-21, 00:00,21783,1959.636,1,-2,308.94
1959-08-28, 00:00,21790,1959.655,1,-2,311.86
1959-09-04, 00:00,21797,1959.674,1,-2,311.01
1959-09-08, 00:00,21801,1959.685,1,-2,312.11
1959-09-16, 00:00,21809,1959.707,1,-2,309.31
1959-09-21, 00:00,21814,1959.721,1,-2,311.99
1959-10-01, 00:00,21824,1959.748,1,-2,311.75
1959-10-07, 00:00,21830,1959.764,1,-2,314.2
1959-10-11, 00:00,21834,1959.775,1,-2,315.18
1959-10-20, 00:00,21843,1959.8,1,-2,315.42
1959-10-26, 00:00,21849,1959.816,1,-2,315.43
1959-11-02, 00:00,21856,1959.836,1,-2,316.41
1959-11-15, 00:00,21869,1959.871,1,-2,315.67
1959-12-05, 00:00,21889,1959.926,1,-2,313.96
1959-12-10, 00:00,21894,1959.94,1,-2,314.58
1959-12-13, 00:00,21897,1959.948,1,-2,316.29
1959-12-21, 00:00,21905,1959.97,1,-2,316.3
1959-12-31, 00:00,21915,1959.997,1,-2,317.65
1960-01-04, 00:00,21919,1960.008,1,-2,317.65
1960-01-15, 00:00,21930,1960.038,1,-2,316.18
1960-01-26, 00:00,21941,1960.068,1,-2,317.41
1960-02-02, 00:00,21948,1960.087,1,-2,316.92
1960-02-08, 00:00,21954,1960.104,1,-2,317.41
1960-02-18, 00:00,21964,1960.131,1,-2,318.77
1960-02-26, 00:00,21972,1960.153,1,-2,318.16
1960-03-04, 00:00,21979,1960.172,1,-2,318.53
1960-03-12, 00:00,21987,1960.194,1,-2,317.79
1960-03-13, 00:00,21988,1960.197,1,-2,316.31
1960-03-25, 00:00,22000,1960.23,1,-2,318.66
1960-03-30, 00:00,22005,1960.243,1,-2,317.92
1960-04-08, 00:00,22014,1960.268,1,-2,318.86
1960-04-10, 00:00,22016,1960.273,1,-2,319.26
1960-04-23, 00:00,22029,1960.309,1,-2,320.14
1960-04-24, 00:00,22030,1960.311,1,-2,320.14
1960-05-03, 00:00,22039,1960.336,1,-2,320.14
1960-05-09, 00:00,22045,1960.352,1,-2,321.58
1960-05-24, 00:00,22060,1960.393,1,-2,319.36
1960-06-10, 00:00,22077,1960.44,1,-2,318.33
1960-06-13, 00:00,22080,1960.448,1,-2,318.5
1962-03-20, 00:00,22725,1962.214,1,-2,319.95
1962-03-30, 00:00,22735,1962.241,1,-2,320.79
1962-04-01, 00:00,22737,1962.247,1,-2,320.15
1962-04-09, 00:00,22745,1962.268,1,-2,320.91
1962-04-15, 00:00,22751,1962.285,1,-2,320.28
1962-04-27, 00:00,22763,1962.318,1,-2,321.19
1962-05-05, 00:00,22771,1962.34,1,-2,321.57
1962-05-06, 00:00,22772,1962.342,1,-2,320.43
1968-10-23, 11:10,25134.47,1968.81,2,4,369.38
1968-10-31, 14:44,25142.61,1968.832,13,4,332.92
1969-01-13, 15:00,25216.62,1969.035,2,5,333
1969-01-17, 15:24,25220.64,1969.046,3,5,331.5
1969-01-20, 15:42,25223.65,1969.054,3,4,326.87
1969-01-29, 15:47,25232.66,1969.079,3,0,330.5
1969-02-18, 16:28,25252.69,1969.133,3,0,326.5
1969-02-21, 14:12,25255.59,1969.141,8,0,326.58
1969-04-01, 15:00,25294.62,1969.248,4,0,327.62
1969-06-18, 15:11,25372.63,1969.462,2,0,326
1969-10-02, 14:37,25478.61,1969.752,3,0,323.49
1969-10-23, 15:40,25499.65,1969.81,3,0,327.2
1970-04-14, 16:23,25672.68,1970.284,4,0,329.12
1970-04-27, 16:17,25685.68,1970.32,2,4,332.03
1970-05-11, 16:19,25699.68,1970.358,2,0,331.73
1970-06-17, 13:30,25736.56,1970.459,2,0,327.91
1970-06-29, 16:01,25748.67,1970.492,2,0,326.53
1970-07-17, 16:45,25766.7,1970.542,2,4,325.44
1970-09-14, 17:16,25825.72,1970.703,2,0,322.27
1970-10-12, 15:00,25853.63,1970.78,9,4,327.61
1970-12-21, 15:03,25923.63,1970.972,3,0,327.49
1971-01-25, 15:48,25958.66,1971.068,2,5,386.92
1971-02-17, 15:11,25981.63,1971.131,3,0,328.6
1971-02-22, 15:17,25986.64,1971.144,2,0,330.41
1971-02-25, 16:41,25989.7,1971.153,2,0,330.97
1971-03-01, 15:04,25993.63,1971.163,4,0,331.98
1971-03-05, 16:45,25997.7,1971.175,4,5,334.98
1971-03-25, 16:38,26017.69,1971.229,6,0,329.14
1971-04-07, 16:10,26030.67,1971.265,5,0,330.16
1971-04-14, 16:38,26037.69,1971.284,3,0,330.24
1971-04-27, 16:39,26050.69,1971.32,4,0,330.82
1971-05-24, 16:55,26077.7,1971.394,3,0,330.36
1971-06-03, 17:21,26087.72,1971.421,6,0,330.72
1971-06-21, 16:49,26105.7,1971.47,4,0,329.71
1971-07-01, 15:22,26115.64,1971.498,4,0,326.4
1971-08-03, 17:05,26148.71,1971.588,2,4,328.53
1971-08-24, 16:44,26169.7,1971.646,2,4,324.95
1971-09-03, 16:36,26179.69,1971.673,2,4,323.53
1971-09-27, 16:44,26203.7,1971.739,2,4,324.41
1971-10-21, 16:44,26227.7,1971.805,10,4,343.93
1971-11-12, 16:06,26249.67,1971.865,2,4,329.5
1972-03-31, 14:59,26389.62,1972.248,5,0,334.17
1972-04-07, 16:41,26396.7,1972.267,3,0,330.72
1972-05-17, 16:03,26436.67,1972.376,2,0,332.18
1972-07-03, 14:31,26483.6,1972.504,2,5,333.09
1972-07-21, 16:40,26501.69,1972.554,2,0,325.68
1972-09-17, 17:34,26559.73,1972.712,2,0,322.86
1972-10-04, 15:38,26576.65,1972.759,4,0,328.81
1972-10-19, 13:48,26591.57,1972.799,6,0,325.86
1972-10-20, 12:11,26592.51,1972.802,12,0,325.77
1972-10-30, 15:19,26602.64,1972.83,6,0,329.34
1972-11-07, 17:11,26610.72,1972.852,6,0,328.22
1972-11-11, 17:16,26614.72,1972.863,6,0,327.86
1972-12-28, 15:16,26661.64,1972.991,6,0,330.76
1973-01-01, 13:32,26665.56,1973.002,6,0,329.37
1973-01-19, 14:49,26683.62,1973.051,6,0,330.98
1973-02-12, 13:33,26707.56,1973.117,6,0,331.33
1973-03-13, 09:28,26736.39,1973.196,6,0,331.48
1973-03-28, 16:12,26751.67,1973.237,6,0,332.99
1973-04-30, 16:40,26784.69,1973.328,6,0,334.04
1973-07-11, 18:04,26856.75,1973.525,6,0,329.19
1973-08-23, 16:42,26899.7,1973.643,6,0,322.02
1973-10-23, 19:12,26960.8,1973.81,6,0,329.52
1973-11-15, 15:07,26983.63,1973.873,6,5,338.1
1974-02-13, 17:56,27073.75,1974.12,12,0,333.67
1974-03-29, 15:07,27117.63,1974.24,2,0,334
1974-04-25, 16:47,27144.7,1974.314,5,0,335.91
1974-08-14, 14:06,27255.59,1974.618,6,0,327.45
1974-10-03, 16:25,27305.68,1974.755,6,0,327.75
1974-10-21, 12:49,27323.53,1974.804,6,0,333.3
1974-11-01, 16:28,27334.69,1974.835,6,0,330.52
1975-01-27, 15:44,27421.66,1975.073,6,0,334.56
1975-04-04, 16:14,27488.68,1975.257,6,0,334.5
1975-05-20, 11:16,27534.47,1975.382,6,0,336.88
1975-07-02, 16:16,27577.68,1975.5,6,0,331.59
1975-10-07, 13:20,27674.56,1975.766,5,0,328.01
1975-12-11, 14:42,27739.61,1975.944,12,0,335.68
1975-12-12, 15:28,27740.64,1975.947,2,0,333.81
1976-02-09, 15:20,27799.64,1976.108,6,0,334.86
1976-03-10, 17:36,27829.73,1976.191,6,0,337.26
1976-04-15, 14:16,27865.59,1976.289,6,0,338.48
1976-06-11, 14:27,27922.6,1976.444,5,0,335.19
1976-08-03, 15:17,27975.64,1976.589,6,0,329.61
1976-09-16, 15:11,28019.63,1976.709,6,0,326.41
1976-10-29, 13:53,28062.58,1976.827,6,5,340.78
1976-12-31, 12:00,28125.5,1976.999,4,0,334.89
1977-01-03, 14:45,28128.61,1977.007,2,0,335.95
1977-02-01, 15:26,28157.64,1977.087,6,0,335.29
1977-03-01, 10:08,28185.42,1977.163,4,5,340.87
1977-03-25, 09:43,28209.41,1977.229,5,0,337.12
1977-05-25, 14:38,28270.61,1977.396,6,0,338.29
1977-07-11, 13:46,28317.57,1977.525,6,0,333.82
1977-09-02, 14:44,28370.61,1977.67,6,0,331
1977-10-11, 15:09,28409.63,1977.777,12,4,350.7
1977-10-12, 14:46,28410.62,1977.78,9,5,359.98
1977-10-14, 15:39,28412.65,1977.785,3,5,350.48
1977-10-20, 12:00,28418.5,1977.801,3,0,334.69
1977-11-18, 10:28,28447.44,1977.881,2,0,338.51
1978-01-24, 15:16,28514.64,1978.065,2,0,340.31
1978-02-02, 15:51,28523.66,1978.089,6,4,356.52
1978-02-10, 10:50,28531.45,1978.111,6,4,337.47
1978-04-01, 16:02,28581.67,1978.248,9,0,339.26
1978-05-22, 15:05,28632.63,1978.388,6,0,339.05
1978-06-08, 15:55,28649.66,1978.435,8,0,341.18
1978-06-27, 14:35,28668.61,1978.487,4,0,334.97
1978-08-22, 15:58,28724.66,1978.64,14,0,331.25
1978-09-07, 14:49,28740.62,1978.684,18,0,329.58
1978-10-16, 12:08,28779.51,1978.79,11,0,336.2
1978-11-01, 14:28,28795.6,1978.835,12,0,335.74
1978-12-06, 15:26,28830.64,1978.931,8,0,339.79
1979-01-17, 16:24,28872.68,1979.046,22,7,340.91
1979-01-25, 14:38,28880.61,1979.067,4,0,338.89
1979-02-08, 15:11,28894.63,1979.106,6,7,345.79
1979-02-23, 16:26,28909.68,1979.147,18,0,339.34
1979-02-26, 14:44,28912.61,1979.155,6,0,340.49
1979-03-22, 13:34,28936.57,1979.221,3,0,341.31
1979-04-17, 15:45,28962.66,1979.292,13,0,341.43
1979-04-20, 14:36,28965.61,1979.3,6,6,342.46
1979-06-01, 15:23,29007.64,1979.415,5,5,346.52
1979-06-29, 11:29,29035.48,1979.492,4,5,341.73
1979-08-29, 16:43,29096.7,1979.659,12,0,333.19
1979-09-07, 15:16,29105.64,1979.684,5,5,342.18
1979-09-18, 15:46,29116.66,1979.714,5,0,336.11
1979-09-19, 15:41,29117.65,1979.717,4,5,349.35
1979-10-17, 12:59,29145.54,1979.793,6,0,338.29
1979-11-19, 16:36,29178.69,1979.884,18,0,339.7
1979-11-29, 14:51,29188.62,1979.911,6,4,361.98
1980-01-23, 15:41,29243.65,1980.062,2,5,362.66
1980-03-12, 13:17,29292.55,1980.196,12,0,341.09
1980-05-14, 15:03,29355.63,1980.368,6,0,341.65
1980-07-30, 15:17,29432.64,1980.578,4,5,349.82
1980-08-12, 15:28,29445.64,1980.614,13,0,334.12
1980-10-15, 15:27,29509.64,1980.789,12,0,337.79
1980-10-22, 15:03,29516.63,1980.808,5,5,358.71
1980-12-05, 14:58,29560.62,1980.928,12,0,340.63
1981-01-08, 14:13,29594.59,1981.021,6,5,352.42
1981-01-27, 13:18,29613.55,1981.073,16,7,344
1981-01-30, 13:23,29616.56,1981.081,15,0,342.63
1981-02-26, 15:21,29643.64,1981.155,12,0,344.02
1981-05-15, 15:47,29721.66,1981.369,12,0,346.01
1981-05-20, 11:33,29726.48,1981.382,12,0,344.6
1981-07-01, 10:33,29768.44,1981.497,6,0,340.06
1981-08-31, 14:51,29829.62,1981.665,12,0,336.29
1981-09-24, 14:50,29853.62,1981.73,10,6,337.88
1981-10-05, 15:51,29864.66,1981.761,12,0,338.17
1981-10-20, 16:10,29879.67,1981.802,8,5,345.77
1981-10-28, 15:51,29887.66,1981.824,12,6,340.83
1981-11-06, 15:18,29896.64,1981.848,6,0,339.61
1981-12-21, 15:44,29941.66,1981.972,12,0,342.53
1982-01-19, 15:36,29970.65,1982.051,12,0,344.09
1982-03-12, 14:46,30022.61,1982.193,12,0,343.79
1982-04-02, 15:05,30043.63,1982.251,6,0,347.35
1982-05-28, 15:42,30099.65,1982.405,23,0,346.03
1982-06-18, 16:18,30120.68,1982.462,6,0,342
1982-07-08, 13:43,30140.57,1982.517,5,0,341.23
1982-09-11, 15:39,30205.65,1982.695,12,0,336.13
1982-09-27, 16:08,30221.67,1982.739,6,0,336.2
1982-10-18, 14:24,30242.6,1982.796,2,5,345.42
1982-11-10, 12:47,30265.53,1982.859,5,0,341.53
1982-11-19, 16:38,30274.69,1982.884,6,0,341.69
1982-12-23, 11:12,30308.47,1982.977,6,0,343.4
1983-01-19, 16:37,30335.69,1983.051,5,0,345.41
1983-01-27, 16:23,30343.68,1983.073,6,0,344.18
1983-02-25, 14:37,30372.61,1983.152,6,0,344.72
1983-03-21, 14:24,30396.6,1983.218,6,0,345.67
1983-04-21, 14:33,30427.61,1983.303,6,0,347.15
1983-04-28, 16:18,30434.68,1983.322,12,0,347.79
1983-05-06, 11:16,30442.47,1983.344,5,0,347.95
1983-06-01, 16:13,30468.68,1983.416,12,0,345.79
1983-06-02, 15:51,30469.66,1983.418,12,0,346.07
1983-07-15, 16:02,30512.67,1983.536,12,0,340.76
1983-08-19, 15:58,30547.66,1983.632,12,0,336.84
1983-09-20, 16:13,30579.68,1983.72,5,0,341.28
1983-09-21, 15:07,30580.63,1983.722,5,0,342.26
1983-09-22, 15:16,30581.64,1983.725,3,0,339.81
1983-09-23, 16:01,30582.67,1983.728,3,0,340.28
1983-09-28, 15:21,30587.64,1983.741,3,0,340.42
1983-09-29, 14:16,30588.59,1983.744,3,0,339.23
1983-10-03, 14:21,30592.6,1983.755,3,0,342.94
1983-10-05, 14:06,30594.59,1983.761,3,0,340.32
1983-10-11, 15:23,30600.64,1983.777,6,5,376.19
1983-10-27, 13:42,30616.57,1983.821,2,5,349.24
1983-11-02, 15:03,30622.63,1983.837,3,5,355.92
1983-11-17, 17:05,30637.71,1983.879,12,0,342.36
1983-11-23, 13:43,30643.57,1983.895,9,5,348.56
1983-11-25, 15:32,30645.65,1983.9,4,0,344.37
1983-12-04, 12:15,30654.51,1983.925,2,0,348.17
1983-12-22, 14:16,30672.59,1983.974,9,0,345.31
1984-01-14, 15:42,30695.65,1984.037,5,0,345.84
1984-02-02, 15:56,30714.66,1984.089,6,0,347.54
1984-02-10, 16:03,30722.67,1984.111,5,5,355.4
1984-02-16, 15:03,30728.63,1984.127,6,0,347.31
1984-03-14, 17:01,30755.71,1984.201,6,0,347.43
1984-04-04, 17:22,30776.72,1984.259,3,0,347.68
1984-04-05, 12:54,30777.54,1984.261,3,6,348.38
1984-04-06, 14:41,30778.61,1984.264,3,0,351.76
1984-04-09, 16:25,30781.68,1984.272,3,0,351.19
1984-04-17, 17:16,30789.72,1984.294,3,6,349.51
1984-04-18, 14:28,30790.6,1984.297,3,0,349.07
1984-04-19, 07:51,30791.33,1984.299,3,6,349.13
1984-04-20, 14:01,30792.58,1984.302,3,6,351.01
1984-04-25, 17:11,30797.72,1984.316,3,0,350.19
1984-04-26, 16:58,30798.71,1984.319,6,6,351.2
1984-04-28, 15:37,30800.65,1984.324,6,6,350.85
1984-05-10, 16:46,30812.7,1984.357,6,6,350.9
1984-05-15, 18:58,30817.79,1984.371,7,6,350.33
1984-05-16, 15:32,30818.65,1984.373,3,0,349.83
1984-05-30, 16:55,30832.7,1984.412,3,0,348.38
1984-06-01, 16:42,30834.7,1984.417,4,0,349.12
1984-06-05, 15:46,30838.66,1984.428,3,6,348.83
1984-06-06, 17:31,30839.73,1984.431,3,6,348.2
1984-06-07, 16:32,30840.69,1984.434,3,0,347.78
1984-06-13, 16:22,30846.68,1984.45,3,0,344.75
1984-06-14, 16:46,30847.7,1984.453,3,0,345.41
1984-06-20, 15:21,30853.64,1984.469,3,0,347.54
1984-07-05, 17:21,30868.72,1984.51,3,0,345.09
1984-07-11, 17:01,30874.71,1984.527,3,0,342.26
1984-07-13, 16:51,30876.7,1984.532,2,0,342.5
1984-07-19, 15:29,30882.64,1984.548,15,0,342.16
1984-07-20, 16:26,30883.68,1984.551,3,0,344.73
1984-07-23, 16:39,30886.69,1984.559,3,6,342.32
1984-07-24, 13:51,30887.58,1984.562,3,0,340.84
1984-07-29, 16:20,30892.68,1984.576,3,0,342.18
1984-08-08, 16:36,30902.69,1984.603,3,0,340.47
1984-08-10, 15:31,30904.65,1984.608,3,6,340.9
1984-08-21, 13:42,30915.57,1984.638,3,0,340.68
1984-08-24, 18:16,30918.76,1984.647,3,0,338.94
1984-08-28, 15:41,30922.65,1984.658,3,0,338.94
1984-08-30, 16:06,30924.67,1984.663,7,0,339.77
1984-08-31, 15:51,30925.66,1984.666,3,6,340.48
1984-09-07, 17:00,30932.71,1984.685,3,0,340.34
1984-09-12, 16:25,30937.68,1984.699,6,0,340.79
1984-09-20, 16:36,30945.69,1984.72,3,0,342.42
1984-09-24, 17:04,30949.71,1984.731,4,0,340.17
1984-09-25, 16:39,30950.69,1984.734,3,0,341.75
1984-10-02, 16:47,30957.7,1984.753,3,0,341.19
1984-10-11, 15:46,30966.66,1984.778,3,0,342.17
1984-10-17, 16:46,30972.7,1984.794,3,0,342.5
1984-10-19, 14:47,30974.62,1984.799,4,0,346.3
1984-10-25, 13:38,30980.57,1984.816,3,0,346.37
1984-10-31, 16:42,30986.7,1984.833,4,0,345.44
1984-11-06, 15:57,30992.66,1984.849,3,6,344.59
1984-11-07, 16:21,30993.68,1984.852,3,0,344.04
1984-11-08, 17:11,30994.72,1984.854,3,0,343.9
1984-11-09, 15:42,30995.65,1984.857,3,5,349.05
1984-11-13, 16:02,30999.67,1984.868,3,0,345.09
1984-11-22, 14:58,31008.62,1984.892,4,0,345.35
1984-12-12, 13:42,31028.57,1984.947,4,0,348.2
1984-12-13, 10:51,31029.45,1984.949,6,7,349.63
1984-12-17, 15:34,31033.65,1984.961,4,5,350.55
1984-12-20, 12:17,31036.51,1984.969,4,0,346.94
1984-12-28, 13:37,31044.57,1984.991,3,0,349.94
1985-01-08, 11:33,31055.48,1985.02,4,0,346.85
1985-01-29, 16:31,31076.69,1985.079,4,0,349.11
1985-01-30, 14:10,31077.59,1985.081,4,5,352.14
1985-02-04, 13:12,31082.55,1985.095,4,5,352.87
1985-02-09, 16:40,31087.69,1985.109,4,0,348.53
1985-03-01, 16:38,31107.69,1985.164,4,0,348.75
1985-03-02, 12:46,31108.53,1985.166,6,6,349.2
1985-03-05, 16:52,31111.7,1985.175,4,0,348.25
1985-03-06, 15:47,31112.66,1985.177,4,6,350.6
1985-03-11, 15:45,31117.66,1985.191,4,0,348.77
1985-03-18, 16:24,31124.68,1985.21,4,0,349.13
1985-03-28, 13:13,31134.55,1985.237,6,0,349.89
1985-04-16, 16:49,31153.7,1985.29,4,0,347.45
1985-04-17, 13:10,31154.55,1985.292,3,0,347.93
1985-04-22, 15:14,31159.63,1985.306,4,0,348.75
1985-05-03, 15:29,31170.65,1985.336,8,0,348.99
1985-05-07, 14:39,31174.61,1985.347,3,6,350.26
1985-05-08, 14:22,31175.6,1985.35,4,0,350.18
1985-05-10, 09:31,31177.4,1985.355,4,0,350.79
1985-05-17, 12:10,31184.51,1985.374,6,6,350.82
1985-05-24, 16:12,31191.67,1985.394,3,0,350.77
1985-05-26, 15:11,31193.63,1985.399,4,0,350.06
1985-06-01, 12:57,31199.54,1985.415,4,0,350.37
1985-06-13, 14:45,31211.61,1985.448,6,0,351.41
1985-06-14, 16:12,31212.67,1985.451,4,0,348.91
1985-06-20, 17:31,31218.73,1985.468,3,0,348.25
1985-06-21, 20:18,31219.85,1985.471,4,6,348.34
1985-06-24, 16:04,31222.67,1985.479,4,0,348.27
1985-07-18, 14:47,31246.62,1985.544,4,5,346.7
1985-07-19, 16:22,31247.68,1985.547,4,0,345.88
1985-07-26, 12:15,31254.51,1985.566,2,5,364.43
1985-07-29, 16:04,31257.67,1985.574,4,0,342.56
1985-08-01, 17:03,31260.71,1985.583,4,0,341.59
1985-08-08, 13:07,31267.55,1985.601,4,0,341.33
1985-08-13, 14:52,31272.62,1985.615,4,0,340.25
1985-08-15, 15:17,31274.64,1985.621,4,0,338.23
1985-09-03, 16:12,31293.67,1985.673,4,0,338.27
1985-09-06, 15:25,31296.64,1985.681,4,0,339.69
1985-09-09, 16:03,31299.67,1985.69,4,0,341.13
1985-09-18, 13:48,31308.57,1985.714,4,0,339.29
1985-09-26, 13:47,31316.57,1985.736,4,6,342.49
1985-09-27, 13:52,31317.58,1985.739,4,0,342.34
1985-10-07, 15:57,31327.66,1985.766,4,0,343
1985-10-10, 15:22,31330.64,1985.774,4,5,348.55
1985-10-21, 11:52,31341.49,1985.804,4,0,343.08
1985-11-12, 09:30,31363.4,1985.864,4,0,346.67
1985-11-13, 14:02,31364.58,1985.867,2,0,349.48
1985-11-21, 16:17,31372.68,1985.89,4,0,345.71
1985-12-11, 14:37,31392.61,1985.944,3,5,351.98
1986-02-03, 15:33,31446.65,1986.092,4,0,351.41
1986-02-06, 13:02,31449.54,1986.1,4,0,349.91
1986-02-10, 16:02,31453.67,1986.111,4,0,350.45
1986-02-12, 14:11,31455.59,1986.117,2,5,353.28
1986-02-20, 16:52,31463.7,1986.139,4,0,350.67
1986-03-12, 14:32,31483.61,1986.193,4,0,349.5
1986-03-14, 14:17,31485.59,1986.199,4,4,353.33
1986-04-07, 15:03,31509.63,1986.265,4,0,350.15
1986-04-16, 13:14,31518.55,1986.289,4,0,352.32
1986-05-02, 16:19,31534.68,1986.333,4,0,352.26
1986-05-05, 13:02,31537.54,1986.341,4,0,350.75
1986-05-07, 14:02,31539.58,1986.347,3,5,356.22
1986-05-21, 14:57,31553.62,1986.385,4,0,350.99
1986-05-30, 14:52,31562.62,1986.41,4,0,351.67
1986-06-05, 13:47,31568.57,1986.426,4,0,351.14
1986-06-25, 15:32,31588.65,1986.481,4,0,347.77
1986-07-08, 14:55,31601.62,1986.517,4,0,347.4
1986-07-24, 09:47,31617.41,1986.56,4,0,343.72
1986-07-25, 16:02,31618.67,1986.563,4,0,342.93
1986-08-14, 16:22,31638.68,1986.618,4,5,346.28
1986-08-15, 14:22,31639.6,1986.621,3,5,345.38
1986-09-08, 13:22,31663.56,1986.686,4,0,344.28
1986-09-09, 16:22,31664.68,1986.69,4,0,341.98
1986-09-10, 16:47,31665.7,1986.692,4,0,341.56
1986-09-12, 16:37,31667.69,1986.698,4,0,341.35
1986-09-17, 16:47,31672.7,1986.712,4,0,342.42
1986-09-18, 14:34,31673.61,1986.714,2,0,342.28
1986-09-19, 17:22,31674.72,1986.717,4,0,340.83
1986-09-23, 13:34,31678.56,1986.728,3,0,341.47
1986-09-25, 13:26,31680.56,1986.733,4,0,342.98
1986-10-01, 16:42,31686.7,1986.75,3,0,346.38
1986-10-23, 16:17,31708.68,1986.81,10,0,348.14
1986-11-18, 12:03,31734.5,1986.881,2,0,346.81
1986-12-23, 16:17,31769.68,1986.977,3,0,350.71
1987-01-05, 13:32,31782.56,1987.013,4,0,349.35
1987-01-07, 14:32,31784.61,1987.018,4,0,351.14
1987-01-15, 13:47,31792.57,1987.04,3,5,357.01
1987-01-28, 14:37,31805.61,1987.076,4,0,349.54
1987-01-30, 13:42,31807.57,1987.081,4,0,350.52
1987-02-11, 14:57,31819.62,1987.114,4,4,354.12
1987-02-12, 16:47,31820.7,1987.117,3,0,350
1987-02-24, 11:54,31832.5,1987.149,4,0,352.21
1987-03-13, 16:04,31849.67,1987.196,3,0,350.16
1987-03-19, 13:19,31855.55,1987.212,4,0,351.69
1987-04-03, 13:07,31870.55,1987.254,4,0,352.78
1987-04-29, 16:19,31896.68,1987.325,4,0,351.63
1987-04-30, 12:35,31897.52,1987.327,4,0,352.61
1987-05-01, 11:32,31898.48,1987.33,4,0,353.94
1987-05-15, 16:42,31912.7,1987.369,2,0,352.92
1987-05-19, 14:19,31916.6,1987.38,4,0,352.05
1987-05-27, 15:47,31924.66,1987.402,4,0,352.38
1987-06-17, 12:32,31945.52,1987.459,4,0,352.79
1987-06-30, 18:17,31958.76,1987.495,4,0,349.76
1987-07-07, 16:48,31965.7,1987.514,4,0,348.98
1987-07-09, 16:33,31967.69,1987.52,6,0,349.33
1987-07-10, 15:44,31968.66,1987.522,3,0,348.36
1987-07-16, 16:02,31974.67,1987.539,4,0,348.49
1987-07-18, 13:22,31976.56,1987.544,3,0,347.61
1987-07-21, 12:26,31979.52,1987.552,2,0,345
1987-07-23, 17:14,31981.72,1987.558,4,0,344.24
1987-08-05, 16:07,31994.67,1987.594,4,0,344.54
1987-08-12, 13:16,32001.55,1987.612,4,0,342.04
1987-08-20, 17:08,32009.71,1987.635,4,0,341.96
1987-09-11, 15:58,32031.66,1987.695,4,0,344.97
1987-09-13, 15:42,32033.65,1987.7,4,0,345.43
1987-09-24, 16:03,32044.67,1987.731,4,5,348.98
1987-10-08, 13:32,32058.56,1987.769,4,0,346.54
1987-10-09, 14:34,32059.61,1987.772,4,0,347.35
1987-10-13, 13:08,32063.55,1987.782,4,0,348.47
1987-10-23, 14:50,32073.62,1987.81,6,0,346.76
1987-10-24, 13:13,32074.55,1987.812,6,5,354.79
1987-10-29, 12:02,32079.5,1987.826,8,0,348.05
1987-11-02, 14:31,32083.6,1987.837,4,0,348.18
1987-11-06, 13:49,32087.58,1987.848,4,0,350.09
1987-11-25, 15:54,32106.66,1987.9,4,0,353.1
1987-12-23, 15:58,32134.67,1987.977,2,5,357.17
1987-12-28, 14:58,32139.62,1987.991,2,4,363.9
1987-12-29, 13:56,32140.58,1987.993,4,0,351.99
1987-12-30, 13:15,32141.55,1987.996,2,0,354.31
1988-01-16, 15:38,32158.65,1988.043,4,0,351.63
1988-01-18, 14:12,32160.59,1988.048,4,0,353.93
1988-01-29, 13:48,32171.57,1988.078,4,0,352.99
1988-01-30, 16:22,32172.68,1988.081,4,0,352.82
1988-02-28, 14:08,32201.59,1988.16,3,0,352.68
1988-03-01, 14:14,32203.59,1988.166,4,0,353.04
1988-03-10, 15:48,32212.66,1988.19,4,5,360.44
1988-03-12, 16:22,32214.68,1988.196,4,5,358.6
1988-04-08, 13:32,32241.56,1988.269,4,0,355.54
1988-04-13, 16:12,32246.67,1988.283,4,0,354.77
1988-04-15, 18:02,32248.75,1988.289,4,0,354.35
1988-04-16, 15:03,32249.63,1988.291,4,0,354.78
1988-04-21, 17:16,32254.72,1988.305,4,0,355.24
1988-04-22, 13:47,32255.57,1988.308,4,0,355.64
1988-04-28, 16:02,32261.67,1988.324,4,0,355.4
1988-05-05, 11:18,32268.47,1988.343,4,0,356.94
1988-05-17, 16:50,32280.7,1988.376,4,0,356.32
1988-05-27, 15:27,32290.64,1988.403,4,0,355.93
1988-06-06, 14:52,32300.62,1988.431,4,0,355.13
1988-06-20, 10:43,32314.45,1988.468,2,5,359.61
1988-07-14, 13:37,32338.57,1988.534,5,0,351.02
1988-07-19, 14:07,32343.59,1988.548,3,0,350.84
1988-07-22, 16:52,32346.7,1988.557,2,0,351.43
1988-08-02, 14:04,32357.59,1988.586,4,0,348.09
1988-08-05, 15:34,32360.65,1988.595,4,0,347.18
1988-08-11, 15:04,32366.63,1988.611,3,0,347.46
1988-08-12, 13:01,32367.54,1988.614,2,0,348.47
1988-08-17, 15:35,32372.65,1988.627,4,0,345.92
1988-08-22, 15:45,32377.66,1988.641,3,0,344.66
1988-08-31, 16:45,32386.7,1988.666,4,0,346.19
1988-09-02, 13:29,32388.56,1988.671,4,0,346.37
1988-09-12, 13:09,32398.55,1988.698,4,0,347.18
1988-09-21, 11:40,32407.49,1988.723,4,0,347.08
1988-09-26, 15:50,32412.66,1988.737,4,0,348.28
1988-09-27, 14:37,32413.61,1988.739,14,0,351.21
1988-10-05, 14:24,32421.6,1988.761,4,0,349.55
1988-10-06, 16:22,32422.68,1988.764,4,0,348.99
1988-10-14, 11:31,32430.48,1988.785,3,0,349.49
1988-10-28, 14:20,32444.6,1988.824,4,0,351.55
1988-11-08, 15:26,32455.64,1988.854,4,0,352.15
1988-11-11, 13:41,32458.57,1988.862,4,0,350.99
1988-11-14, 13:44,32461.57,1988.87,4,0,352.26
1988-11-17, 14:47,32464.62,1988.879,4,0,353.21
1988-12-21, 10:11,32498.42,1988.971,4,0,354.85
1989-01-06, 09:16,32514.39,1989.015,4,0,356.25
1989-01-12, 14:56,32520.62,1989.032,4,0,356.16
1989-01-23, 13:54,32531.58,1989.062,4,0,354.15
1989-02-01, 16:37,32540.69,1989.087,3,0,355.21
1989-02-02, 14:12,32541.59,1989.089,4,0,355.13
1989-02-03, 15:38,32542.65,1989.092,2,0,355.11
1989-02-10, 11:07,32549.46,1989.111,4,0,355.75
1989-03-01, 14:47,32568.62,1989.163,4,0,356.1
1989-03-03, 09:11,32570.38,1989.168,2,0,356.7
1989-03-10, 16:29,32577.69,1989.188,2,0,354.94
1989-03-15, 14:48,32582.62,1989.202,4,0,357.42
1989-03-16, 14:32,32583.61,1989.204,4,0,355.8
1989-03-17, 16:12,32584.67,1989.207,4,0,355.31
1989-04-12, 12:55,32610.54,1989.278,4,0,356.84
1989-04-13, 17:06,32611.71,1989.281,4,0,356.19
1989-04-21, 15:46,32619.66,1989.303,4,0,357.06
1989-04-24, 11:41,32622.49,1989.311,3,0,357.58
1989-04-25, 15:07,32623.63,1989.314,4,0,357.81
1989-05-10, 14:33,32638.61,1989.355,4,0,358.44
1989-05-11, 14:19,32639.6,1989.358,4,0,358.03
1989-05-12, 10:46,32640.45,1989.36,4,0,357.1
1989-05-16, 14:18,32644.6,1989.371,4,0,354.88
1989-06-05, 15:41,32664.65,1989.426,4,0,355.51
1989-06-06, 15:57,32665.66,1989.429,4,0,355.5
1989-06-23, 14:41,32682.61,1989.476,4,0,354.77
1989-06-28, 14:09,32687.59,1989.489,4,0,353.11
1989-06-29, 14:33,32688.61,1989.492,4,0,352.49
1989-07-07, 16:40,32696.69,1989.514,4,0,352.52
1989-07-12, 16:11,32701.67,1989.528,4,0,350.89
1989-07-31, 15:47,32720.66,1989.58,4,0,348.41
1989-08-01, 16:11,32721.67,1989.583,4,0,347.68
1989-08-02, 17:22,32722.72,1989.586,4,0,347.78
1989-08-11, 17:11,32731.72,1989.61,4,0,349.04
1989-08-17, 15:02,32737.63,1989.626,4,0,346.2
1989-08-18, 15:09,32738.63,1989.629,4,0,346.52
1989-08-24, 14:02,32744.58,1989.645,4,0,347.63
1989-09-07, 14:34,32758.61,1989.684,4,0,345.42
1989-09-19, 14:41,32770.61,1989.717,4,0,347.99
1989-10-03, 10:27,32784.44,1989.755,3,0,349.82
1989-10-13, 14:04,32794.59,1989.782,7,5,366.36
1989-10-23, 15:15,32804.64,1989.81,4,0,351.94
1989-10-24, 16:15,32805.68,1989.813,4,0,351.08
1989-11-21, 13:41,32833.57,1989.889,4,0,354.04
1989-11-24, 16:15,32836.68,1989.898,4,0,354.27
1989-12-28, 09:06,32870.38,1989.99,5,0,354.83
1990-01-02, 12:53,32875.54,1990.004,2,0,356.41
1990-01-12, 14:48,32885.62,1990.032,4,0,358.96
1990-01-13, 14:22,32886.6,1990.035,4,0,355.75
1990-01-15, 15:39,32888.65,1990.04,4,0,356.33
1990-01-30, 14:54,32903.62,1990.081,4,0,356.74
1990-02-01, 11:57,32905.5,1990.086,4,0,356.78
1990-02-04, 13:45,32908.57,1990.095,2,0,357.7
1990-02-12, 14:55,32916.62,1990.117,4,0,356.73
1990-03-02, 15:10,32934.63,1990.166,4,7,358.77
1990-03-05, 09:27,32937.39,1990.174,4,0,358.18
1990-03-08, 12:49,32940.53,1990.182,4,0,357.91
1990-03-27, 12:58,32959.54,1990.234,4,0,357.73
1990-03-29, 16:20,32961.68,1990.24,4,0,357.4
1990-04-04, 12:31,32967.52,1990.256,4,0,356.69
1990-04-16, 16:01,32979.67,1990.289,4,0,357.96
1990-04-17, 14:38,32980.61,1990.292,4,0,358.08
1990-04-30, 11:42,32993.49,1990.327,4,0,358.25
1990-05-01, 14:35,32994.61,1990.33,4,0,359.44
1990-05-08, 14:57,33001.62,1990.35,4,0,358.17
1990-05-09, 14:32,33002.61,1990.352,4,0,358.59
1990-05-23, 15:42,33016.65,1990.391,4,0,358.38
1990-05-24, 15:04,33017.63,1990.394,2,0,360.06
1990-05-25, 14:10,33018.59,1990.396,4,0,359.37
1990-06-14, 13:31,33038.56,1990.451,4,0,355.95
1990-07-02, 12:42,33056.53,1990.5,4,0,353.74
1990-07-03, 14:49,33057.62,1990.503,2,0,351.57
1990-07-18, 15:44,33072.66,1990.544,4,0,350.43
1990-07-24, 14:30,33078.6,1990.561,4,0,351.9
1990-08-01, 14:49,33086.62,1990.583,4,0,350.3
1990-08-15, 14:12,33100.59,1990.621,4,7,350.6
1990-08-19, 16:00,33104.67,1990.632,4,0,347.79
1990-08-20, 14:50,33105.62,1990.635,4,0,348.77
1990-08-26, 18:41,33111.78,1990.651,4,0,346.54
1990-08-29, 17:15,33114.72,1990.66,4,0,347.4
1990-09-17, 15:44,33133.66,1990.711,3,0,349.75
1990-09-18, 13:11,33134.55,1990.714,2,0,349.42
1990-09-21, 14:15,33137.59,1990.722,3,0,349.63
1990-09-27, 14:08,33143.59,1990.739,3,0,351.18
1990-10-18, 11:27,33164.48,1990.796,8,5,356.44
1990-10-31, 15:18,33177.64,1990.832,4,0,354.71
1990-11-01, 09:43,33178.4,1990.834,3,0,354.08
1990-11-02, 00:03,33179,1990.836,2,0,355.96
1990-11-19, 14:22,33196.6,1990.884,3,0,354.64
1990-11-20, 11:19,33197.47,1990.886,12,0,355.01
1990-12-12, 12:55,33219.54,1990.947,4,0,356.23
1990-12-13, 14:40,33220.61,1990.95,4,0,355.74
1990-12-19, 11:00,33226.46,1990.966,4,0,355.08
1990-12-29, 14:02,33236.58,1990.993,4,0,357.07
1991-02-28, 15:40,33297.65,1991.161,3,0,358.64
1991-03-01, 16:36,33298.69,1991.164,4,0,358.58
1991-03-11, 09:49,33308.41,1991.19,4,0,359.65
1991-03-13, 14:34,33310.61,1991.196,4,0,358.89
1991-03-15, 07:06,33312.3,1991.201,16,0,360.15
1991-03-27, 10:00,33324.42,1991.234,2,0,359.95
1991-04-17, 14:01,33345.58,1991.292,4,0,360.06
1991-04-18, 13:20,33346.56,1991.295,4,0,359.46
1991-04-22, 09:39,33350.4,1991.305,4,0,359.68
1991-05-02, 11:12,33360.47,1991.333,4,0,361.48
1991-05-03, 16:06,33361.67,1991.336,4,0,359.28
1991-05-20, 13:27,33378.56,1991.382,4,0,360.93
1991-05-28, 16:28,33386.69,1991.405,12,0,359.97
1991-06-04, 16:04,33393.67,1991.424,4,0,359.15
1991-06-12, 16:06,33401.67,1991.446,4,0,358.48
1991-06-19, 17:26,33408.73,1991.465,4,0,358.03
1991-06-20, 15:37,33409.65,1991.468,4,0,354.71
1991-06-21, 14:49,33410.62,1991.47,4,0,357
1991-06-25, 12:45,33414.53,1991.481,4,0,356.17
1991-07-16, 17:13,33435.72,1991.539,4,0,355.06
1991-07-18, 15:11,33437.63,1991.544,4,0,354.17
1991-07-23, 16:00,33442.67,1991.558,4,0,353
1991-08-05, 15:23,33455.64,1991.594,4,0,349.61
1991-08-26, 13:51,33476.58,1991.651,4,0,351.09
1991-09-05, 14:32,33486.61,1991.678,4,7,352.38
1991-09-10, 13:52,33491.58,1991.692,3,0,349.55
1991-09-23, 16:15,33504.68,1991.728,4,0,351.24
1991-10-04, 14:22,33515.6,1991.758,4,7,354.42
1991-10-14, 14:29,33525.6,1991.785,2,0,354.46
1991-10-22, 14:07,33533.59,1991.807,4,0,354.45
1991-10-23, 15:42,33534.65,1991.81,4,0,354.59
1991-11-14, 14:27,33556.6,1991.87,4,0,357.73
1991-12-10, 14:39,33582.61,1991.941,2,0,357.4
1992-01-03, 16:21,33606.68,1992.007,2,0,359.38
1992-01-06, 13:21,33609.56,1992.015,10,0,359.42
1992-01-15, 11:52,33618.49,1992.04,4,0,358.44
1992-02-07, 10:06,33641.42,1992.102,6,0,358.94
1992-02-10, 12:37,33644.53,1992.111,6,0,358.68
1992-02-13, 09:42,33647.4,1992.119,6,0,358.58
1992-03-03, 14:48,33666.62,1992.171,6,0,359.88
1992-03-04, 13:26,33667.56,1992.174,6,0,359.11
1992-03-17, 11:53,33680.5,1992.209,6,0,359.68
1992-03-18, 14:46,33681.62,1992.212,6,0,359.46
1992-03-30, 12:57,33693.54,1992.245,6,0,359.59
1992-03-31, 14:13,33694.59,1992.248,6,0,359.9
1992-04-14, 11:22,33708.47,1992.285,6,0,360.48
1992-04-30, 12:22,33724.52,1992.329,6,0,360.77
1992-05-01, 13:29,33725.56,1992.332,6,0,361.28
1992-05-04, 14:59,33728.62,1992.341,6,0,361.3
1992-05-06, 13:27,33730.56,1992.346,6,0,361.15
1992-05-12, 13:56,33736.58,1992.362,6,0,360.66
1992-05-19, 14:17,33743.6,1992.381,6,0,360.53
1992-05-27, 14:32,33751.61,1992.403,6,0,360.13
1992-06-03, 14:36,33758.61,1992.422,4,0,359.74
1992-06-11, 14:56,33766.62,1992.444,6,0,359.23
1992-06-26, 15:25,33781.64,1992.485,6,0,357.91
1992-06-29, 16:23,33784.68,1992.494,6,0,357.73
1992-07-01, 15:49,33786.66,1992.499,6,0,355.28
1992-07-21, 15:11,33806.63,1992.554,6,0,351.91
1992-07-23, 15:41,33808.65,1992.559,6,0,351.25
1992-08-03, 15:46,33819.66,1992.589,6,0,352.44
1992-08-24, 14:10,33840.59,1992.646,6,0,348.85
1992-08-31, 15:18,33847.64,1992.666,6,0,350.17
1992-09-09, 16:17,33856.68,1992.69,6,0,348.49
1992-09-25, 15:12,33872.63,1992.734,5,0,352.13
1992-10-02, 16:13,33879.68,1992.753,6,0,351.61
1992-10-13, 10:35,33890.44,1992.783,3,5,360.56
1992-10-19, 16:45,33896.7,1992.8,6,0,355.33
1992-10-28, 17:56,33905.75,1992.824,6,0,355.34
1992-10-29, 12:25,33906.52,1992.827,6,0,354.52
1992-12-11, 15:52,33949.66,1992.944,6,0,358.62
1992-12-18, 09:28,33956.39,1992.963,5,0,358.69
1992-12-30, 15:43,33968.65,1992.996,6,0,358.15
1993-01-06, 11:31,33975.48,1993.015,2,0,357.86
1993-01-08, 16:33,33977.69,1993.021,3,0,359.69
1993-01-11, 11:36,33980.48,1993.029,6,0,359.69
1993-02-09, 08:58,34009.37,1993.108,6,0,359.35
1993-02-10, 10:01,34010.42,1993.111,6,0,359.91
1993-02-16, 12:26,34016.52,1993.127,6,0,359.75
1993-02-24, 09:39,34024.4,1993.149,6,0,359.96
1993-03-03, 15:42,34031.65,1993.169,6,0,360.52
1993-03-15, 11:16,34043.47,1993.201,6,0,359.07
1993-03-24, 13:08,34052.55,1993.226,6,0,359.6
1993-03-26, 14:57,34054.62,1993.232,6,0,361.19
1993-04-12, 14:25,34071.6,1993.278,6,0,360.71
1993-04-15, 15:24,34074.64,1993.287,5,0,361.49
1993-04-22, 12:43,34081.53,1993.306,6,0,361.59
1993-05-06, 18:48,34095.78,1993.345,6,0,363.04
1993-05-11, 14:48,34100.62,1993.358,6,0,361.62
1993-05-18, 13:30,34107.56,1993.377,6,0,362.28
1993-05-20, 14:36,34109.61,1993.382,6,0,361.82
1993-05-24, 12:29,34113.52,1993.393,5,0,360.89
1993-06-01, 15:48,34121.66,1993.416,6,0,361.33
1993-06-02, 14:33,34122.61,1993.418,6,0,360.82
1993-06-21, 13:04,34141.54,1993.47,6,0,359.56
1993-06-29, 15:30,34149.65,1993.492,6,0,357.45
1993-07-01, 15:13,34151.63,1993.498,6,0,357.18
1993-07-08, 16:53,34158.7,1993.517,6,0,357.11
1993-07-12, 18:50,34162.78,1993.528,6,0,354.54
1993-07-13, 17:11,34163.72,1993.531,6,0,353.36
1993-07-15, 14:29,34165.6,1993.536,6,0,352.12
1993-07-16, 16:15,34166.68,1993.539,6,5,350.73
1993-07-26, 15:25,34176.64,1993.566,6,0,354.87
1993-08-12, 19:11,34193.8,1993.613,6,0,351.64
1993-08-13, 14:30,34194.6,1993.615,6,0,351.97
1993-08-27, 18:31,34208.77,1993.654,6,0,349.61
1993-08-31, 13:46,34212.57,1993.665,5,0,350.27
1993-09-01, 11:26,34213.48,1993.667,6,0,349.44
1993-09-13, 14:51,34225.62,1993.7,6,0,352.44
1993-10-06, 11:15,34248.47,1993.763,6,0,353.95
1993-10-12, 16:08,34254.67,1993.78,6,0,355.31
1993-10-15, 16:31,34257.69,1993.788,6,0,354.02
1993-10-18, 13:55,34260.58,1993.796,3,0,357.87
1993-11-11, 09:38,34284.4,1993.861,6,0,356.2
1993-11-12, 14:20,34285.6,1993.865,6,0,357.4
1993-11-30, 10:10,34303.42,1993.913,6,0,357.93
1993-12-15, 09:10,34318.38,1993.954,6,0,359.88
1994-01-24, 15:40,34358.65,1994.065,6,0,359.98
1994-01-25, 09:29,34359.4,1994.067,6,0,361.16
1994-02-05, 14:48,34370.62,1994.098,5,0,362.61
1994-02-08, 09:35,34373.4,1994.105,6,0,360.71
1994-02-17, 18:20,34382.76,1994.131,6,0,360.83
1994-03-11, 09:32,34404.4,1994.19,6,0,360.9
1994-03-22, 10:02,34415.42,1994.22,6,0,362.61
1994-03-23, 11:46,34416.49,1994.223,4,0,362.73
1994-03-30, 12:22,34423.52,1994.243,6,0,362.2
1994-04-04, 16:29,34428.69,1994.257,6,0,362.67
1994-04-07, 14:48,34431.62,1994.265,6,0,361.91
1994-04-18, 12:52,34442.54,1994.295,6,0,362.48
1994-04-25, 13:51,34449.58,1994.314,3,0,364.69
1994-04-26, 10:23,34450.43,1994.316,6,0,363.9
1994-04-29, 16:23,34453.68,1994.325,6,0,361.98
1994-05-06, 14:37,34460.61,1994.344,6,0,363.93
1994-05-17, 10:00,34471.42,1994.374,6,0,363.76
1994-05-18, 17:51,34472.74,1994.377,6,0,364.67
1994-05-19, 13:28,34473.56,1994.38,6,0,361.88
1994-05-31, 13:47,34485.57,1994.413,6,0,363.07
1994-06-07, 14:18,34492.6,1994.432,6,0,363.04
1994-06-13, 15:40,34498.65,1994.448,6,0,361.98
1994-06-15, 14:01,34500.58,1994.454,5,0,362.03
1994-06-22, 16:53,34507.7,1994.473,6,0,359.7
1994-07-06, 18:37,34521.78,1994.512,6,0,358.01
1994-07-11, 00:00,34526,1994.523,2,0,358.6
1994-07-13, 14:27,34528.6,1994.53,3,0,356.39
1994-07-19, 14:47,34534.62,1994.547,6,0,356.68
1994-08-02, 14:33,34548.61,1994.585,4,0,354.36
1994-08-24, 16:14,34570.68,1994.646,5,0,352.6
1994-08-25, 14:50,34571.62,1994.648,5,0,351.79
1994-08-30, 18:07,34576.75,1994.662,5,0,352.95
1994-09-07, 14:53,34584.62,1994.684,4,0,352.68
1994-09-12, 16:21,34589.68,1994.698,6,0,351.79
1994-10-12, 16:36,34619.69,1994.78,6,0,357.04
1994-10-13, 09:38,34620.4,1994.782,12,0,357.13
1994-10-25, 17:32,34632.73,1994.816,6,0,357.35
1994-11-02, 10:55,34640.45,1994.837,6,0,358.37
1994-11-08, 15:38,34646.65,1994.854,5,0,358.81
1994-11-18, 09:41,34656.4,1994.881,5,0,360.62
1994-12-06, 13:44,34674.57,1994.93,6,0,362.92
1994-12-07, 09:14,34675.38,1994.933,4,0,361.44
1994-12-13, 13:52,34681.58,1994.95,6,0,362.49
1995-01-03, 15:41,34702.65,1995.007,6,0,361.45
1995-01-05, 14:25,34704.6,1995.013,6,0,361.99
1995-01-26, 09:25,34725.39,1995.07,6,0,362.73
1995-02-08, 14:33,34738.61,1995.106,5,0,362.77
1995-02-15, 15:54,34745.66,1995.125,6,0,362.51
1995-03-01, 16:39,34759.69,1995.164,6,0,362.12
1995-03-13, 17:17,34771.72,1995.196,6,0,363.57
1995-03-21, 16:51,34779.7,1995.218,6,0,364.19
1995-03-23, 13:01,34781.54,1995.223,5,0,364.22
1995-04-07, 16:04,34796.67,1995.265,5,0,363.58
1995-04-16, 13:45,34805.57,1995.289,5,0,365.51
1995-04-20, 12:15,34809.51,1995.3,6,0,365.4
1995-04-27, 16:49,34816.7,1995.32,6,0,364.47
1995-05-02, 15:53,34821.66,1995.333,6,0,364.59
1995-05-15, 14:16,34834.59,1995.369,6,0,365.55
1995-05-23, 10:37,34842.44,1995.39,6,0,363.21
1995-05-25, 15:27,34844.64,1995.396,6,0,363.32
1995-06-08, 15:08,34858.63,1995.435,6,0,363.97
1995-06-13, 15:20,34863.64,1995.448,5,0,364.44
1995-06-15, 15:28,34865.64,1995.454,3,0,363.67
1995-06-30, 17:51,34880.74,1995.495,6,0,361.43
1995-07-03, 13:26,34883.56,1995.503,5,0,360.78
1995-07-11, 16:15,34891.68,1995.525,6,0,359.62
1995-07-19, 17:12,34899.72,1995.547,6,0,358.25
1995-08-15, 14:02,34926.58,1995.621,6,0,354.66
1995-08-21, 17:28,34932.73,1995.638,6,0,353.08
1995-08-22, 16:31,34933.69,1995.64,6,0,353.86
1995-09-26, 15:11,34968.63,1995.736,6,0,357.75
1995-09-27, 16:38,34969.69,1995.739,5,0,357.84
1995-10-05, 16:18,34977.68,1995.761,6,0,358.55
1995-10-13, 13:31,34985.56,1995.782,12,4,374.89
1995-10-16, 16:31,34988.69,1995.791,6,0,358.38
1995-10-30, 12:10,35002.51,1995.829,6,0,361.09
1995-11-10, 15:02,35013.63,1995.859,6,0,360.48
1996-01-17, 07:49,35081.33,1996.045,7,0,364.53
1996-01-18, 16:59,35082.71,1996.048,4,0,364.88
1996-01-22, 09:36,35086.4,1996.058,6,0,364.56
1996-02-01, 13:11,35096.55,1996.086,6,0,363.37
1996-02-02, 14:53,35097.62,1996.089,6,0,365.31
1996-02-22, 13:58,35117.58,1996.144,6,0,365.91
1996-02-26, 12:40,35121.53,1996.154,6,0,366.03
1996-03-05, 12:30,35129.52,1996.176,12,0,365.59
1996-03-11, 16:40,35135.69,1996.193,6,0,365.16
1996-03-22, 14:02,35146.58,1996.223,6,0,366.53
1996-04-01, 16:28,35156.69,1996.251,6,0,366.1
1996-04-16, 18:10,35171.76,1996.292,6,0,366.48
1996-05-03, 15:34,35188.65,1996.338,12,0,367.61
1996-05-07, 16:24,35192.68,1996.349,6,0,364.91
1996-05-09, 12:11,35194.51,1996.354,6,0,367.26
1996-05-22, 08:10,35207.34,1996.389,5,0,367.48
1996-05-30, 14:16,35215.59,1996.411,6,4,367.28
1996-06-06, 15:27,35222.64,1996.431,6,0,366.43
1996-06-12, 14:37,35228.61,1996.447,6,0,365.84
1996-06-24, 14:14,35240.59,1996.48,6,0,363.56
1996-06-26, 13:09,35242.55,1996.485,6,0,363.05
1996-07-08, 16:55,35254.7,1996.518,6,0,360.58
1996-08-05, 17:46,35282.74,1996.595,6,0,358.47
1996-08-21, 15:46,35298.66,1996.638,6,0,356.8
1996-09-04, 16:19,35312.68,1996.677,6,0,356.25
1996-09-05, 13:25,35313.56,1996.679,4,0,356.45
1996-09-12, 14:15,35320.59,1996.698,6,0,357.1
1996-09-13, 14:02,35321.58,1996.701,6,0,355.81
1996-09-26, 18:16,35334.76,1996.737,6,0,359.55
1996-10-19, 14:20,35357.6,1996.799,11,0,360.82
1996-10-25, 18:04,35363.75,1996.816,6,0,361.38
1996-10-31, 16:57,35369.71,1996.833,5,0,361.61
1996-11-15, 15:03,35384.63,1996.873,6,0,363.61
1996-11-22, 10:34,35391.44,1996.892,6,0,362.73
1996-11-27, 14:04,35396.59,1996.906,6,0,364.1
1997-01-03, 14:12,35433.59,1997.007,9,0,364.46
1997-01-07, 16:15,35437.68,1997.018,5,0,365.93
1997-01-13, 15:14,35443.63,1997.035,6,0,365.96
1997-01-21, 16:26,35451.68,1997.057,5,0,365.43
1997-02-17, 16:30,35478.69,1997.131,6,0,365.9
1997-02-27, 14:48,35488.62,1997.158,6,0,367.14
1997-03-12, 15:00,35501.62,1997.193,6,0,367
1997-03-27, 11:29,35516.48,1997.234,6,0,366.69
1997-03-31, 15:52,35520.66,1997.246,21,0,367.82
1997-04-04, 16:41,35524.7,1997.257,5,0,367.31
1997-04-09, 17:39,35529.74,1997.271,10,0,368.82
1997-04-11, 13:47,35531.57,1997.276,11,0,367.83
1997-04-22, 16:26,35542.68,1997.306,6,0,367.83
1997-04-29, 15:32,35549.65,1997.325,6,0,368.11
1997-05-19, 14:14,35569.59,1997.38,6,0,367.81
1997-05-22, 13:47,35572.57,1997.388,6,0,368.53
1997-05-30, 13:42,35580.57,1997.41,6,0,368.12
1997-06-02, 14:25,35583.6,1997.418,5,0,366.99
1997-06-04, 13:44,35585.57,1997.423,6,0,367.19
1997-06-10, 17:24,35591.72,1997.44,6,0,366.28
1997-06-17, 16:36,35598.69,1997.459,6,0,365.46
1997-06-23, 15:19,35604.64,1997.476,6,0,364.7
1997-06-30, 17:38,35611.73,1997.495,6,0,363.76
1997-07-02, 18:10,35613.76,1997.501,6,0,362.16
1997-07-08, 11:53,35619.5,1997.516,6,0,362.5
1997-07-16, 16:32,35627.69,1997.539,6,0,360.71
1997-07-18, 16:10,35629.67,1997.544,6,0,359.34
1997-07-26, 14:46,35637.62,1997.566,5,0,360.92
1997-08-10, 16:14,35652.68,1997.607,6,0,357.25
1997-08-11, 14:12,35653.59,1997.61,6,0,357.21
1997-08-28, 14:32,35670.61,1997.656,6,0,356.62
1997-09-07, 17:50,35680.74,1997.684,5,0,358.67
1997-09-09, 16:12,35682.67,1997.69,6,0,358.23
1997-09-19, 15:49,35692.66,1997.717,23,0,358.36
1997-10-07, 12:26,35710.52,1997.766,2,0,360.41
1997-10-10, 13:17,35713.55,1997.774,6,0,360.22
1997-10-16, 11:20,35719.47,1997.79,6,8,387.68
1997-10-23, 15:26,35726.64,1997.81,6,0,362.6
1997-11-11, 13:26,35745.56,1997.862,6,0,364.21
1997-11-14, 08:18,35748.35,1997.869,6,0,364.35
1997-12-07, 14:41,35771.61,1997.933,6,0,365.44
1997-12-08, 15:31,35772.65,1997.936,6,0,366.66
1998-01-10, 11:43,35805.49,1998.026,6,0,366.01
1998-01-13, 15:22,35808.64,1998.035,6,0,367.55
1998-01-29, 14:14,35824.59,1998.078,6,0,367.27
1998-02-04, 13:43,35830.57,1998.095,6,0,367.98
1998-02-11, 17:16,35837.72,1998.114,2,0,368.94
1998-02-13, 15:36,35839.65,1998.12,6,0,367.31
1998-02-17, 17:17,35843.72,1998.131,6,0,368.36
1998-03-26, 10:06,35880.42,1998.231,12,0,368.41
1998-04-03, 14:13,35888.59,1998.254,12,0,369.82
1998-04-06, 09:39,35891.4,1998.261,6,0,370.1
1998-04-14, 16:52,35899.7,1998.284,6,0,371.24
1998-04-23, 14:43,35908.61,1998.309,6,0,370.07
1998-05-06, 13:02,35921.54,1998.344,6,0,369.94
1998-05-08, 13:56,35923.58,1998.35,6,0,369.32
1998-05-13, 14:50,35928.62,1998.363,6,0,371.26
1998-05-22, 13:26,35937.56,1998.388,6,0,370.61
1998-06-02, 14:16,35948.59,1998.418,6,0,369.83
1998-06-04, 11:13,35950.47,1998.423,6,0,367.92
1998-06-09, 16:26,35955.68,1998.437,5,0,366.17
1998-06-12, 18:03,35958.75,1998.446,6,0,368.42
1998-06-29, 14:51,35975.62,1998.492,6,0,364.05
1998-07-09, 15:23,35985.64,1998.52,6,0,365.56
1998-07-24, 14:37,36000.61,1998.561,3,0,365.23
1998-07-27, 14:16,36003.59,1998.569,6,0,362.11
1998-07-29, 14:55,36005.62,1998.574,6,0,363.46
1998-08-25, 12:35,36032.52,1998.648,6,0,360.4
1998-09-11, 16:15,36049.68,1998.695,6,0,362.77
1998-09-21, 11:59,36059.5,1998.722,5,0,361.9
1998-09-23, 10:22,36061.43,1998.727,6,0,362.18
1998-10-08, 16:20,36076.68,1998.769,6,0,364.57
1998-10-16, 14:52,36084.62,1998.791,11,0,367.01
1998-10-29, 15:36,36097.65,1998.826,6,0,366.94
1998-12-02, 14:23,36131.6,1998.919,5,0,369.96
1998-12-04, 09:11,36133.38,1998.924,6,0,369.52
1998-12-14, 11:55,36143.5,1998.952,6,0,370.12
1999-01-21, 08:40,36181.36,1999.056,4,0,369
1999-01-26, 14:51,36186.62,1999.07,6,0,370.25
1999-02-05, 15:39,36196.65,1999.098,5,0,372.4
1999-02-08, 15:50,36199.66,1999.106,6,0,371.37
1999-02-25, 15:54,36216.66,1999.152,3,0,370.76
1999-03-03, 17:12,36222.72,1999.169,4,0,371.03
1999-03-08, 13:54,36227.58,1999.182,6,0,372.38
1999-03-10, 14:15,36229.59,1999.188,5,0,372.01
1999-03-19, 14:57,36238.62,1999.213,6,0,371.29
1999-03-31, 14:47,36250.62,1999.246,6,0,372.63
1999-04-07, 14:51,36257.62,1999.265,6,0,373.55
1999-04-12, 13:11,36262.55,1999.278,6,0,372.93
1999-04-20, 15:47,36270.66,1999.3,5,0,373.75
1999-04-28, 14:43,36278.61,1999.322,6,0,374.63
1999-04-29, 13:44,36279.57,1999.325,2,0,372.62
1999-05-10, 16:14,36290.68,1999.355,6,0,374.7
1999-05-19, 13:27,36299.56,1999.38,6,0,373.16
1999-06-02, 11:21,36313.47,1999.418,6,0,371.77
1999-06-04, 13:31,36315.56,1999.423,6,0,370.52
1999-06-16, 14:54,36327.62,1999.456,6,0,372.11
1999-06-22, 15:53,36333.66,1999.473,6,0,369.53
1999-07-07, 13:41,36348.57,1999.514,6,0,365.33
1999-07-16, 13:58,36357.58,1999.539,6,0,366.44
1999-07-21, 13:59,36362.58,1999.552,6,0,363.05
1999-07-28, 13:31,36369.56,1999.571,6,0,363
1999-08-10, 16:17,36382.68,1999.607,6,0,364.72
1999-08-13, 16:01,36385.67,1999.616,5,0,362.88
1999-09-03, 14:59,36406.62,1999.673,5,0,359.49
1999-09-08, 16:21,36411.68,1999.687,6,0,361.59
1999-10-06, 12:38,36439.53,1999.763,19,0,364.71
1999-10-15, 15:56,36448.66,1999.788,6,0,366.38
1999-11-16, 13:42,36480.57,1999.876,6,0,367.89
1999-11-17, 13:29,36481.56,1999.878,6,0,369.07
1999-12-10, 10:51,36504.45,1999.941,6,0,370.58
1999-12-31, 16:28,36525.69,1999.999,6,0,369.84
2000-01-21, 10:24,36546.43,2000.056,6,0,370.32
2000-02-09, 13:38,36565.57,2000.108,6,0,372.64
2000-02-11, 14:58,36567.62,2000.114,6,0,372.09
2000-02-16, 17:14,36572.72,2000.128,4,0,371.94
2000-02-22, 13:54,36578.58,2000.144,5,0,372.61
2000-02-28, 10:23,36584.43,2000.16,6,0,373.02
2000-03-20, 13:45,36605.57,2000.217,6,0,374.42
2000-03-28, 12:48,36613.53,2000.239,5,0,372.95
2000-04-10, 13:22,36626.56,2000.275,6,0,372.94
2000-04-14, 14:58,36630.62,2000.286,6,0,373.83
2000-04-28, 13:58,36644.58,2000.324,6,0,375.24
2000-05-03, 13:09,36649.55,2000.338,6,0,375.33
2000-05-08, 12:23,36654.52,2000.351,6,0,373.76
2000-05-25, 13:00,36671.54,2000.398,6,0,373.27
2000-05-26, 14:01,36672.58,2000.401,6,0,374.42
2000-06-05, 13:37,36682.57,2000.428,6,0,372.13
2000-06-08, 12:50,36685.53,2000.436,5,0,372.96
2000-06-16, 14:37,36693.61,2000.458,6,0,371.95
2000-06-23, 15:34,36700.65,2000.477,6,0,369.59
2000-07-02, 16:28,36709.69,2000.502,6,0,369.18
2000-07-05, 13:30,36712.56,2000.51,6,0,367.37
2000-07-14, 13:27,36721.56,2000.534,6,0,365.96
2000-08-07, 16:15,36745.68,2000.6,6,0,363.98
2000-08-14, 14:47,36752.62,2000.619,5,0,362.66
2000-08-18, 15:47,36756.66,2000.63,6,0,360.39
2000-08-21, 18:43,36759.78,2000.639,6,0,362.51
2000-08-30, 14:30,36768.6,2000.663,6,0,362.6
2000-09-05, 15:27,36774.64,2000.679,6,0,362.36
2000-09-18, 13:21,36787.56,2000.715,6,8,372.22
2000-10-04, 14:13,36803.59,2000.758,6,0,367.54
2000-10-10, 10:13,36809.43,2000.774,6,0,367.39
2000-10-26, 16:00,36825.67,2000.819,6,0,368.79
2000-11-09, 13:16,36839.55,2000.857,6,0,370.28
2000-12-07, 16:05,36867.67,2000.934,6,0,370.98
2000-12-12, 11:56,36872.5,2000.947,6,0,371.47
2001-01-08, 17:46,36899.74,2001.021,6,0,372.15
2001-02-07, 08:25,36929.35,2001.102,6,0,373.9
2001-02-22, 14:48,36944.62,2001.144,5,0,373.25
2001-02-27, 15:22,36949.64,2001.158,6,0,374.73
2001-03-07, 14:05,36957.59,2001.18,6,0,375.16
2001-03-23, 14:28,36973.6,2001.224,6,0,373.82
2001-03-26, 10:47,36976.45,2001.231,6,0,374.46
2001-04-02, 15:03,36983.63,2001.251,6,0,375.92
2001-04-06, 15:51,36987.66,2001.262,6,0,375.04
2001-05-04, 14:20,37015.6,2001.339,6,0,376.76
2001-05-17, 16:45,37028.7,2001.375,6,0,376.05
2001-05-25, 16:50,37036.7,2001.396,6,0,376.36
2001-05-29, 14:38,37040.61,2001.407,10,0,376.18
2001-06-04, 14:12,37046.59,2001.424,6,0,375.79
2001-06-11, 15:18,37053.64,2001.443,6,0,374.52
2001-06-13, 15:53,37055.66,2001.448,6,0,373.32
2001-06-19, 13:47,37061.57,2001.465,6,0,372.48
2001-06-27, 14:55,37069.62,2001.487,6,0,370.72
2001-07-13, 16:16,37085.68,2001.531,6,0,367.99
2001-07-16, 16:05,37088.67,2001.539,6,0,366.79
2001-07-24, 13:05,37096.55,2001.56,6,0,364.6
2001-08-10, 14:31,37113.61,2001.607,6,0,365.28
2001-09-06, 14:47,37140.62,2001.681,3,0,363.88
2001-09-07, 13:19,37141.55,2001.684,4,0,363.27
2001-10-12, 13:47,37176.57,2001.78,12,8,375.11
2001-10-31, 16:19,37195.68,2001.832,6,0,370.08
2001-11-30, 15:17,37225.64,2001.914,6,0,373.65
2001-12-09, 15:55,37234.66,2001.939,6,0,372.93
2001-12-14, 16:21,37239.68,2001.953,6,0,374.01
2001-12-20, 17:30,37245.73,2001.969,6,0,373.08
2002-01-09, 14:12,37265.59,2002.024,5,0,374.4
2002-01-22, 09:56,37278.41,2002.059,6,0,375.71
2002-01-28, 15:46,37284.66,2002.076,6,0,375.47
2002-02-17, 17:24,37304.73,2002.131,6,0,375.27
2002-03-06, 15:03,37321.63,2002.177,6,0,376.11
2002-03-15, 18:09,37330.76,2002.202,3,0,377.17
2002-03-22, 17:13,37337.72,2002.221,6,0,377.04
2002-03-27, 14:08,37342.59,2002.234,4,0,376.83
2002-04-04, 14:24,37350.6,2002.256,3,0,375.7
2002-04-08, 15:39,37354.65,2002.268,6,0,375.36
2002-04-25, 13:39,37371.57,2002.314,6,0,376.93
2002-04-29, 16:21,37375.68,2002.325,6,0,377.2
2002-05-01, 15:49,37377.66,2002.331,6,0,376.6
2002-05-13, 14:40,37389.61,2002.363,6,0,377.31
2002-05-16, 14:46,37392.62,2002.372,5,0,378.19
2002-06-03, 14:21,37410.6,2002.421,5,0,375
2002-06-10, 15:43,37417.65,2002.44,6,0,376.05
2002-06-21, 13:09,37428.55,2002.47,6,0,373.15
2002-06-26, 14:41,37433.61,2002.484,6,0,372.35
2002-07-12, 17:46,37449.74,2002.528,6,0,371.19
2002-07-16, 15:09,37453.63,2002.539,6,0,370.97
2002-07-24, 14:00,37461.58,2002.561,6,0,369.04
2002-07-30, 16:43,37467.7,2002.577,7,0,368.49
2002-08-06, 15:58,37474.67,2002.596,6,0,364.96
2002-09-09, 14:35,37508.61,2002.689,6,0,367.61
2002-09-30, 14:52,37529.62,2002.747,5,0,369.82
2002-10-11, 14:33,37540.61,2002.777,6,0,371.38
2002-10-16, 11:48,37545.49,2002.79,6,0,371.48
2002-10-29, 16:00,37558.67,2002.826,6,0,372.45
2002-11-09, 12:28,37569.52,2002.856,3,0,372.72
2002-12-17, 09:18,37607.39,2002.96,6,0,376.06
2002-12-29, 14:37,37619.61,2002.993,6,0,376.9
2003-02-07, 14:18,37659.6,2003.103,4,0,378.14
2003-02-14, 12:15,37666.51,2003.122,6,0,378.1
2003-02-25, 16:16,37677.68,2003.153,6,0,378.05
2003-03-04, 13:41,37684.57,2003.171,6,0,377.21
2003-03-18, 15:18,37698.64,2003.21,6,0,379.26
2003-04-01, 14:57,37712.62,2003.248,5,0,378.9
2003-04-10, 14:39,37721.61,2003.273,6,0,379.56
2003-04-17, 15:52,37728.66,2003.292,6,0,380.67
2003-04-24, 14:53,37735.62,2003.311,6,0,380.95
2003-05-01, 14:00,37742.58,2003.33,5,0,381
2003-05-14, 13:46,37755.57,2003.366,6,0,379.24
2003-06-04, 14:02,37776.58,2003.424,6,0,380.1
2003-06-12, 14:22,37784.6,2003.445,6,0,378.85
2003-06-24, 12:20,37796.51,2003.478,6,0,376.74
2003-07-09, 14:05,37811.59,2003.519,6,0,373.57
2003-07-28, 16:38,37830.69,2003.572,6,0,371.92
2003-08-08, 15:51,37841.66,2003.602,6,0,369.49
2003-08-26, 15:32,37859.65,2003.651,6,0,369.15
2003-08-29, 14:21,37862.6,2003.659,6,0,367.54
2003-09-09, 15:55,37873.66,2003.689,6,0,368.02
2003-09-17, 13:47,37881.57,2003.711,5,0,369.82
2003-10-14, 11:46,37908.49,2003.785,12,8,383.91
2003-10-30, 16:20,37924.68,2003.829,6,0,376.06
2003-10-31, 10:26,37925.43,2003.831,6,0,375.42
2003-11-16, 10:06,37941.42,2003.875,6,0,377.52
2003-12-10, 15:47,37965.66,2003.942,6,0,379.38
2003-12-11, 09:24,37966.39,2003.944,6,0,377.97
2003-12-26, 11:04,37981.46,2003.985,6,0,379.29
2004-01-25, 12:00,38011.5,2004.067,4,5,383.02
2004-01-31, 11:02,38017.46,2004.083,5,0,380.52
2004-02-02, 17:27,38019.73,2004.089,6,0,379.93
2004-02-18, 17:34,38035.73,2004.133,6,0,380.43
2004-02-26, 13:04,38043.54,2004.154,6,0,380.6
2004-03-24, 14:34,38070.61,2004.228,6,0,381.64
2004-03-26, 09:43,38072.4,2004.233,5,0,381.05
2004-04-05, 13:49,38082.58,2004.261,6,0,381.58
2004-04-13, 16:25,38090.68,2004.283,6,0,381.62
2004-04-15, 14:44,38092.61,2004.289,6,0,381.88
2004-04-20, 12:56,38097.54,2004.302,5,0,382.1
2004-05-05, 15:29,38112.65,2004.343,6,0,382.37
2004-05-11, 16:34,38118.69,2004.36,6,0,383.06
2004-05-21, 14:16,38128.59,2004.387,5,0,381.7
2004-05-26, 10:42,38133.45,2004.4,6,0,379.95
2004-06-02, 15:30,38140.65,2004.42,5,0,381.6
2004-06-09, 15:44,38147.66,2004.439,6,0,380.52
2004-06-17, 14:32,38155.61,2004.461,6,0,378.57
2004-06-30, 12:39,38168.53,2004.496,5,0,377.71
2004-07-27, 12:03,38195.5,2004.57,6,0,375.06
2004-07-28, 14:20,38196.6,2004.573,6,0,373.42
2004-08-02, 14:16,38201.59,2004.586,4,0,370.48
2004-08-26, 14:54,38225.62,2004.652,6,0,369.82
2004-09-14, 17:52,38244.74,2004.704,6,0,370.37
2004-10-10, 13:45,38270.57,2004.775,6,0,375.38
2004-10-26, 13:58,38286.58,2004.819,6,0,376.59
2004-12-21, 13:12,38342.55,2004.971,6,0,380.45
2004-12-29, 13:49,38350.58,2004.993,6,4,384.64
2004-12-30, 16:24,38351.68,2004.996,6,0,380.94
2005-01-11, 12:00,38363.5,2005.029,6,8,382.4
2005-01-26, 15:30,38378.65,2005.07,12,0,380.14
2005-01-27, 14:05,38379.59,2005.073,6,0,380.85
2005-02-07, 15:03,38390.63,2005.103,5,0,382.18
2005-03-04, 11:10,38415.47,2005.171,6,0,381.83
2005-03-23, 11:56,38434.5,2005.223,12,0,383.5
2005-04-07, 15:35,38449.65,2005.265,6,0,384.03
2005-04-19, 15:15,38461.64,2005.298,6,0,384.38
2005-04-25, 17:06,38467.71,2005.314,6,0,382.32
2005-05-03, 13:33,38475.56,2005.336,6,0,384.11
2005-05-09, 14:49,38481.62,2005.352,6,0,383.93
2005-06-07, 13:13,38510.55,2005.432,6,0,383.09
2005-06-18, 14:30,38521.6,2005.462,6,0,382.27
2005-07-05, 15:34,38538.65,2005.509,6,0,378.73
2005-07-15, 15:57,38548.66,2005.536,6,0,376.58
2005-07-28, 13:43,38561.57,2005.571,6,0,375.03
2005-08-05, 13:52,38569.58,2005.593,6,0,373.06
2005-08-30, 12:40,38594.53,2005.662,4,0,372.09
2005-09-07, 16:32,38602.69,2005.684,6,0,373.11
2005-10-03, 14:40,38628.61,2005.755,3,0,376.65
2005-10-18, 12:00,38643.5,2005.796,1,4,382.11
2005-10-27, 17:29,38652.73,2005.821,6,0,379
2005-11-03, 12:56,38659.54,2005.84,6,0,378.57
2005-12-22, 11:49,38708.49,2005.974,6,0,382.89
2006-01-24, 13:35,38741.57,2006.065,2,8,385.12
2006-01-25, 14:43,38742.61,2006.067,6,0,384.52
2006-01-31, 14:23,38748.6,2006.084,6,0,384.73
2006-02-15, 16:49,38763.7,2006.125,6,0,385.39
2006-03-03, 12:08,38779.51,2006.169,5,0,385.64
2006-03-07, 11:09,38783.46,2006.179,6,0,385.87
2006-03-15, 15:46,38791.66,2006.202,6,8,387.16
2006-03-17, 16:31,38793.69,2006.207,6,0,386.19
2006-03-29, 13:12,38805.55,2006.24,6,0,385.88
2006-04-06, 14:40,38813.61,2006.262,6,0,385.86
2006-04-21, 16:35,38828.69,2006.303,5,0,386.5
2006-04-26, 10:45,38833.45,2006.316,1,4,386.52
2006-05-04, 13:55,38841.58,2006.339,6,0,386.14
2006-05-22, 14:21,38859.6,2006.388,6,0,387.19
2006-06-01, 15:26,38869.64,2006.415,6,0,385.86
2006-06-09, 12:31,38877.52,2006.437,6,0,385.78
2006-06-12, 15:46,38880.66,2006.446,6,0,383.84
2006-07-13, 13:20,38911.56,2006.53,5,0,382.15
2006-07-17, 16:51,38915.7,2006.542,5,0,381.34
2006-07-31, 16:02,38929.67,2006.58,6,8,382.08
2006-08-01, 11:15,38930.47,2006.582,6,8,379.16
2006-08-03, 15:15,38932.64,2006.588,6,0,377.12
2006-08-24, 11:00,38953.46,2006.645,12,8,377.96
2006-09-13, 15:00,38973.62,2006.7,6,0,376.74
2006-10-06, 15:28,38996.64,2006.763,6,0,378.55
2006-10-10, 14:30,39000.6,2006.774,1,4,383.01
2006-10-17, 14:52,39007.62,2006.793,6,0,380.29
2006-11-09, 14:16,39030.59,2006.856,6,0,383.29
2006-11-27, 15:52,39048.66,2006.906,6,0,383.36
2007-01-11, 15:57,39093.66,2007.029,6,0,386.15
2007-02-12, 14:02,39125.58,2007.117,6,0,386.5
2007-02-13, 16:32,39126.69,2007.12,6,0,386.92
2007-02-23, 13:35,39136.57,2007.147,6,0,387.07
2007-02-28, 13:14,39141.55,2007.16,6,0,387.17
2007-03-27, 13:04,39168.54,2007.234,6,0,387.94
2007-04-09, 10:15,39181.43,2007.27,4,0,388.73
2007-04-12, 13:17,39184.55,2007.278,6,0,389.27
2007-05-02, 13:56,39204.58,2007.333,6,0,389.13
2007-05-04, 15:44,39206.66,2007.339,6,0,388.36
2007-05-15, 16:30,39217.69,2007.369,5,5,385.66
2007-05-21, 16:00,39223.67,2007.385,2,0,388.57
2007-06-07, 15:49,39240.66,2007.432,6,0,388.15
2007-06-15, 15:37,39248.65,2007.454,5,0,386.31
2007-06-18, 16:30,39251.69,2007.462,6,0,384.54
2007-06-28, 15:55,39261.66,2007.489,6,0,384.05
2007-07-17, 16:35,39280.69,2007.542,6,0,380.92
2007-08-07, 15:32,39301.65,2007.599,6,0,377.58
2007-08-29, 11:12,39323.47,2007.659,5,0,379.41
2007-09-06, 16:27,39331.69,2007.681,6,0,377.6
2007-09-18, 15:35,39343.65,2007.714,4,0,380.21
2007-09-20, 14:47,39345.62,2007.719,6,0,378.12
2007-10-12, 14:23,39367.6,2007.78,5,0,381.69
2007-12-07, 15:13,39423.63,2007.933,6,0,385.81
2008-01-22, 16:55,39469.7,2008.059,5,0,388.52
2008-02-19, 15:39,39497.65,2008.136,6,0,388.4
2008-04-02, 16:25,39540.68,2008.253,5,0,390.02
2008-05-06, 14:56,39574.62,2008.346,6,0,390.63
2008-05-07, 16:05,39575.67,2008.349,6,0,390.23
2008-05-27, 15:43,39595.65,2008.403,6,0,389.67
2008-05-28, 15:39,39596.65,2008.406,4,0,389.46
2008-06-11, 15:46,39610.66,2008.444,6,0,389.36
2008-07-11, 15:49,39640.66,2008.526,6,0,382.79
2008-07-28, 16:16,39657.68,2008.573,6,0,379.79
2008-08-07, 15:50,39667.66,2008.6,3,0,376.77
2008-08-20, 15:12,39680.63,2008.636,6,0,380.67
2008-08-21, 15:23,39681.64,2008.638,4,0,380.86
2008-10-11, 17:33,39732.73,2008.778,6,0,382.83
2008-11-04, 14:38,39756.61,2008.843,6,0,386.14
2008-12-08, 15:34,39790.65,2008.936,6,0,389.42
2008-12-19, 17:08,39801.71,2008.966,6,0,390.24
2008-12-22, 15:03,39804.63,2008.974,5,0,387.66
2009-01-26, 11:48,39839.49,2009.07,6,0,389
2009-02-09, 17:29,39853.73,2009.109,6,0,390.88
2009-02-25, 17:06,39869.71,2009.153,5,0,390.25
2009-03-12, 16:55,39884.7,2009.194,6,0,391.67
2009-03-26, 15:52,39898.66,2009.232,6,0,390.95
2009-04-08, 12:49,39911.53,2009.267,6,0,392.2
2009-04-24, 14:16,39927.59,2009.311,6,0,391.15
2009-05-26, 16:16,39959.68,2009.399,6,0,391.61
2009-06-04, 09:18,39968.39,2009.423,10,0,391.42
2009-06-08, 16:00,39972.67,2009.435,6,0,389.88
2009-06-17, 13:44,39981.57,2009.459,6,0,387.68
2009-08-18, 16:50,40043.7,2009.629,6,0,379.84
2009-08-19, 18:28,40044.77,2009.632,9,0,380.11
2009-08-20, 12:53,40045.54,2009.634,2,0,379.96
2009-08-21, 12:43,40046.53,2009.637,4,0,381.21
2009-08-22, 12:33,40047.52,2009.64,3,0,381.02
2009-08-23, 09:08,40048.38,2009.642,5,5,383.72
2009-09-15, 16:21,40071.68,2009.706,6,0,379.27
2009-10-05, 15:18,40091.64,2009.761,6,0,382.62
2009-10-13, 12:54,40099.54,2009.782,12,0,383.38
2009-11-06, 16:30,40123.69,2009.848,6,0,385.69
2009-12-02, 16:34,40149.69,2009.92,6,0,390.99
2009-12-22, 15:52,40169.66,2009.974,6,0,390.94
2010-01-19, 16:37,40197.69,2010.051,6,0,390.94
2010-02-19, 16:12,40228.67,2010.136,5,0,391.05
2010-03-02, 17:03,40239.71,2010.166,6,0,392.38
2010-03-08, 16:45,40245.7,2010.183,6,0,392.44
2010-03-25, 15:46,40262.66,2010.229,6,0,392.36
2010-04-05, 17:35,40273.73,2010.26,6,0,394.53
2010-04-20, 15:32,40288.65,2010.3,6,0,393.98
2010-04-28, 16:17,40296.68,2010.322,6,0,394.68
2010-05-10, 15:19,40308.64,2010.355,6,0,394.23
2010-05-18, 14:39,40316.61,2010.377,6,0,394.29
2010-05-27, 13:19,40325.55,2010.402,10,0,394.59
2010-05-28, 09:03,40326.38,2010.404,14,4,395.46
2010-06-10, 16:26,40339.68,2010.44,6,0,394.31
2010-06-16, 14:49,40345.62,2010.456,6,0,391.58
2010-07-07, 09:11,40366.38,2010.513,2,0,385.73
2010-08-30, 12:46,40420.53,2010.662,6,0,381.17
2010-09-09, 14:02,40430.58,2010.689,6,0,383.95
2010-10-22, 15:51,40473.66,2010.807,5,0,389.85
2010-12-16, 14:45,40528.61,2010.958,6,0,392.96
2011-01-31, 17:37,40574.73,2011.084,5,0,396.14
2011-02-08, 16:36,40582.69,2011.106,5,0,393.96
2011-02-24, 14:58,40598.62,2011.15,6,0,395.71
2011-03-07, 12:23,40609.52,2011.179,6,0,394.68
2011-03-21, 16:10,40623.67,2011.218,4,0,396.3
2011-04-07, 15:41,40640.65,2011.265,2,0,396.88
2011-04-21, 15:19,40654.64,2011.303,6,0,396.02
2011-05-11, 14:39,40674.61,2011.358,6,0,396.24
2011-06-01, 14:31,40695.6,2011.415,6,0,396.84
2011-06-07, 15:02,40701.63,2011.432,6,0,394.86
2011-07-22, 14:54,40746.62,2011.555,6,0,387.2
2011-08-19, 15:41,40774.65,2011.632,6,0,383.13
2011-10-06, 07:17,40822.3,2011.762,6,0,388.26
2011-11-04, 17:20,40851.72,2011.843,5,0,392.67
2011-12-22, 16:35,40899.69,2011.974,2,5,402.18
2012-01-16, 14:55,40924.62,2012.043,6,0,395.99
2012-02-12, 16:44,40951.7,2012.117,6,0,397.74
2012-03-01, 07:31,40969.31,2012.165,6,0,397.56
2012-03-06, 16:47,40974.7,2012.18,6,0,396.38
2012-03-26, 13:39,40994.57,2012.234,5,0,397.69
2012-04-10, 15:05,41009.63,2012.275,1,4,399.07
2012-04-11, 09:16,41010.39,2012.277,3,0,398.55
2012-04-26, 15:50,41025.66,2012.319,4,0,397.83
2012-04-27, 14:31,41026.6,2012.321,2,4,399.4
2012-05-17, 13:41,41046.57,2012.376,2,0,397.03
2012-05-30, 13:42,41059.57,2012.411,6,0,398.79
2012-06-14, 16:06,41074.67,2012.453,4,0,396.97
2012-06-25, 16:24,41085.68,2012.483,8,0,395.35
2012-07-02, 15:51,41092.66,2012.502,3,0,394
2012-07-16, 13:33,41106.56,2012.54,6,0,391.18
2012-07-27, 14:21,41117.6,2012.57,6,0,388.88
2012-08-20, 14:53,41141.62,2012.636,6,0,389.13
2012-08-29, 15:43,41150.65,2012.66,6,0,387.22
2012-09-26, 15:17,41178.64,2012.737,5,0,391.55
2012-10-08, 15:53,41190.66,2012.77,6,0,391.64
2012-10-12, 14:02,41194.58,2012.78,6,0,391.77
2012-10-19, 16:23,41201.68,2012.8,2,0,393.33
2012-11-08, 14:42,41221.61,2012.854,6,0,395.82
2012-11-30, 13:31,41243.56,2012.914,2,0,395.56
2012-12-13, 16:50,41256.7,2012.95,6,0,397.37
2012-12-18, 17:16,41261.72,2012.964,6,0,398.04
2013-01-10, 12:22,41284.52,2013.026,6,0,399.63
2013-01-29, 15:22,41303.64,2013.078,6,0,400.18
2013-02-06, 17:22,41311.72,2013.101,4,0,402.08
2013-02-21, 12:57,41326.54,2013.141,6,0,400.73
2013-03-04, 15:27,41337.64,2013.172,6,0,398.24
2013-03-08, 17:33,41341.73,2013.183,6,0,400.27
2013-04-01, 16:42,41365.7,2013.248,6,0,400.04
2013-04-08, 11:10,41372.47,2013.267,6,0,402.32
2013-04-16, 15:23,41380.64,2013.289,6,0,402.28
2013-04-29, 14:51,41393.62,2013.325,6,0,401.11
2013-05-07, 15:51,41401.66,2013.347,6,0,400.57
2013-05-17, 14:47,41411.62,2013.374,6,0,401.82
2013-05-24, 14:22,41418.6,2013.393,10,0,401.41
2013-06-04, 12:47,41429.53,2013.423,6,0,401.14
2013-06-14, 14:58,41439.62,2013.451,6,0,400.01
2013-07-16, 14:17,41471.6,2013.539,6,5,390.68
2013-07-23, 14:27,41478.6,2013.558,6,0,390.42
2013-07-31, 14:19,41486.6,2013.58,10,0,392.24
2013-08-07, 14:19,41493.6,2013.599,6,0,389.15
2013-09-09, 16:07,41526.67,2013.69,3,0,391.93
2013-09-18, 14:04,41535.59,2013.714,6,0,392.16
2013-10-01, 13:25,41548.56,2013.749,5,0,393.72
2013-10-08, 11:46,41555.49,2013.768,6,0,395.5
2013-10-28, 12:15,41575.51,2013.823,6,0,397.12
2013-11-18, 15:49,41596.66,2013.881,6,5,405.09
2013-12-06, 15:22,41614.64,2013.931,5,0,402.07
2013-12-19, 15:21,41627.64,2013.966,6,0,398.86
2014-01-27, 18:03,41666.75,2014.073,6,0,402.14
2014-02-03, 14:46,41673.62,2014.092,6,0,401.31
2014-02-25, 17:58,41695.75,2014.153,2,0,402.75
2014-03-04, 16:37,41702.69,2014.172,6,0,403.86
2014-03-18, 15:15,41716.64,2014.21,6,0,402.8
2014-03-21, 16:02,41719.67,2014.218,6,0,404.6
2014-04-02, 14:27,41731.6,2014.251,6,0,403.56
2014-04-22, 15:59,41751.67,2014.306,6,0,404.75
2014-04-25, 17:02,41754.71,2014.314,6,0,404.15
2014-05-04, 14:22,41763.6,2014.339,6,0,404.35
2014-05-20, 14:27,41779.6,2014.382,6,0,402.8
2014-06-05, 15:06,41795.63,2014.426,6,0,401.19
2014-06-10, 15:07,41800.63,2014.44,6,0,402.18
2014-06-23, 16:27,41813.69,2014.476,6,0,395.17
2014-07-08, 17:03,41828.71,2014.517,6,0,397.42
2014-07-11, 17:33,41831.73,2014.525,6,0,397.16
2014-07-22, 14:45,41842.61,2014.555,6,0,394.42
2014-08-04, 16:18,41855.68,2014.591,6,0,392.34
2014-08-18, 14:19,41869.6,2014.629,6,0,393.86
2014-09-02, 16:41,41884.7,2014.67,6,0,392.44
2014-09-18, 15:16,41900.64,2014.714,6,0,394.98
2014-10-09, 11:45,41921.49,2014.771,6,0,400.45
2014-10-15, 15:19,41927.64,2014.788,6,0,396.23
2014-11-02, 14:18,41945.6,2014.837,6,0,401.65
2014-11-14, 14:28,41957.6,2014.87,6,0,400.23
2014-12-13, 15:43,41986.65,2014.95,6,0,402.61
2014-12-17, 17:25,41990.73,2014.961,6,0,402.17
2015-02-20, 14:44,42055.61,2015.139,6,0,408.13
2015-02-26, 16:25,42061.68,2015.155,6,0,404.53
2015-03-19, 17:43,42082.74,2015.213,6,0,403.59
2015-04-01, 15:38,42095.65,2015.248,6,0,405.58
2015-04-06, 13:56,42100.58,2015.262,6,0,405.14
2015-04-14, 14:34,42108.61,2015.284,6,0,405.81
2015-05-04, 14:41,42128.61,2015.339,8,0,405.34
2015-05-14, 15:43,42138.65,2015.366,8,0,406.42
2015-05-27, 16:07,42151.67,2015.402,8,0,402.32
2015-06-20, 14:48,42175.62,2015.467,8,0,403.09
2015-07-02, 15:44,42187.66,2015.5,8,0,401.98
2015-07-10, 14:29,42195.6,2015.522,6,0,398.3
2015-07-27, 17:02,42212.71,2015.569,4,0,393.09
2015-08-17, 16:37,42233.69,2015.627,3,0,397.18
2015-09-04, 15:18,42251.64,2015.676,8,0,394.47
2015-09-16, 16:42,42263.7,2015.709,6,0,396.05
2015-10-02, 14:24,42279.6,2015.752,6,0,398.15
2015-10-21, 16:23,42298.68,2015.805,4,0,403.39
2015-11-02, 16:28,42310.69,2015.837,8,0,400.67
2015-11-10, 14:38,42318.61,2015.859,4,0,403.41
2015-12-11, 15:04,42349.63,2015.944,8,0,404.01
2016-01-07, 12:41,42376.53,2016.018,8,0,405.85
2016-01-20, 15:59,42389.67,2016.054,2,0,403.97
2016-03-04, 15:39,42433.65,2016.174,8,0,405.48
2016-03-22, 12:04,42451.5,2016.223,6,0,408.04
2016-03-29, 14:53,42458.62,2016.242,6,0,406.28
2016-04-12, 13:34,42472.56,2016.28,8,0,407.43
2016-04-28, 16:04,42488.67,2016.324,6,0,409.68
2016-05-24, 12:31,42514.52,2016.395,6,0,407.75
2016-06-01, 16:23,42522.68,2016.417,8,0,407.67
2016-06-15, 12:33,42536.52,2016.455,8,0,405.88
2016-06-27, 16:00,42548.67,2016.488,8,0,405.73
2016-07-06, 14:43,42557.61,2016.513,6,0,402.5
2016-07-18, 14:54,42569.62,2016.545,8,0,398.96
2016-08-11, 15:44,42593.66,2016.611,8,0,400.39
2016-08-24, 15:04,42606.63,2016.647,7,0,399.1
2016-09-12, 15:58,42625.66,2016.699,8,0,398.89
2016-10-03, 15:53,42646.66,2016.756,8,0,404.15
2016-11-01, 16:17,42675.68,2016.835,8,0,406.84
2016-11-21, 14:43,42695.61,2016.89,8,0,405.6
2016-12-16, 16:18,42720.68,2016.958,8,0,407.67
2017-01-19, 18:06,42754.75,2017.051,8,0,408.85
2017-02-11, 14:20,42777.6,2017.114,8,0,410.39
2017-02-22, 16:47,42788.7,2017.144,8,0,409.58
2017-02-28, 15:41,42794.65,2017.161,6,0,411.56
2017-03-22, 16:14,42816.68,2017.221,8,0,411.01
2017-04-03, 14:52,42828.62,2017.254,8,4,404.37
2017-04-27, 14:39,42852.61,2017.319,8,0,413.95
2017-05-12, 16:53,42867.7,2017.361,8,0,410.8
2017-06-07, 15:23,42893.64,2017.432,7,0,410.71
2017-06-22, 16:10,42908.67,2017.473,8,0,408.29
2017-07-13, 16:57,42929.71,2017.531,5,0,407.15
2017-07-27, 14:30,42943.6,2017.569,6,0,403.49
2017-08-08, 16:01,42955.67,2017.602,5,0,403.2
2017-08-18, 16:59,42965.71,2017.629,6,0,399.54
2017-09-08, 15:03,42986.63,2017.687,8,0,403.69
2017-10-02, 15:10,43010.63,2017.752,8,0,404.22
2017-10-20, 12:40,43028.53,2017.801,8,0,404.49
2017-11-01, 16:44,43040.7,2017.835,8,0,407.23
2017-12-20, 15:34,43089.65,2017.969,8,0,407.74
2018-01-09, 13:39,43109.57,2018.023,3,0,410
2018-01-25, 19:01,43125.79,2018.068,8,0,410.78
2018-02-12, 16:43,43143.7,2018.117,8,0,411.03
2018-02-22, 14:14,43153.59,2018.144,7,0,412.02
2018-03-02, 15:39,43161.65,2018.166,8,0,413.03
2018-03-14, 14:35,43173.61,2018.199,8,0,412.81
2018-04-11, 13:40,43201.57,2018.276,7,0,413.48
2018-05-03, 14:49,43223.62,2018.336,3,0,413.95
2018-05-23, 15:35,43243.65,2018.391,8,0,413.25
2018-06-04, 14:35,43255.61,2018.424,8,0,412.61
2018-06-19, 16:40,43270.69,2018.465,8,0,408.64
2018-07-17, 14:10,43298.59,2018.541,8,0,406.4
2018-08-03, 14:45,43315.61,2018.588,5,0,407.39
2018-08-29, 16:10,43341.67,2018.659,8,0,401.23
2018-09-24, 13:40,43367.57,2018.73,8,0,405.78
2018-10-05, 14:36,43378.61,2018.761,8,0,406.34
2018-11-07, 16:34,43411.69,2018.851,6,0,415.52
2018-11-29, 14:20,43433.6,2018.911,8,0,410.5
2018-12-18, 15:19,43452.64,2018.963,5,0,419.02
2019-01-10, 17:15,43475.72,2019.027,8,0,417.39
2019-02-14, 16:40,43510.69,2019.122,6,0,413.62
2019-03-01, 14:20,43525.6,2019.163,5,0,417.46
2019-03-28, 15:11,43552.63,2019.237,8,0,415.67
2019-04-12, 15:54,43567.66,2019.279,8,0,416.81
2019-04-25, 11:15,43580.47,2019.314,8,0,415.01
2019-05-08, 14:20,43593.6,2019.35,8,0,414.19
2019-05-21, 15:39,43606.65,2019.385,8,0,416
2019-06-07, 14:20,43623.6,2019.432,8,0,415.62
2019-06-24, 12:05,43640.5,2019.478,8,0,413.18
2019-07-18, 13:25,43664.56,2019.544,8,0,410.29
2019-07-31, 15:20,43677.64,2019.58,8,0,408.71
2019-08-09, 15:15,43686.64,2019.604,8,0,402.77
2019-08-29, 14:58,43706.62,2019.659,8,0,405.45
2019-09-12, 14:00,43720.58,2019.697,8,5,413.93
2019-10-17, 16:25,43755.68,2019.794,8,0,410.7
2019-11-20, 14:40,43789.61,2019.887,8,0,414.05
2019-12-24, 14:50,43823.62,2019.98,8,0,416.73
2020-02-03, 14:40,43864.61,2020.092,8,0,421.72
2020-03-01, 13:55,43891.58,2020.166,8,0,418.34
2020-03-17, 12:25,43907.52,2020.209,5,0,419.43
2020-04-08, 14:35,43929.61,2020.269,8,0,418.08
2020-04-21, 14:25,43942.6,2020.305,8,0,418.02
2020-05-13, 13:50,43964.58,2020.365,8,0,418.25
2020-05-28, 14:35,43979.61,2020.406,8,0,417.75
2020-06-12, 14:05,43994.59,2020.447,7,0,417.25
2020-06-24, 15:45,44006.66,2020.48,8,0,414.26
2020-07-17, 16:25,44029.68,2020.543,8,0,407.35
2020-08-17, 13:40,44060.57,2020.627,5,0,406.63
2020-08-27, 13:40,44070.57,2020.655,1,4,407.14
2020-09-01, 15:40,44075.65,2020.668,8,0,408.35
2020-09-22, 15:12,44096.63,2020.726,6,0,413.05
2020-10-08, 16:05,44112.67,2020.77,6,0,416.63
2020-10-24, 13:55,44128.58,2020.813,8,0,413.1
2020-11-07, 15:15,44142.64,2020.851,8,0,414.88
2020-11-23, 17:02,44158.71,2020.895,8,1,427.58
2020-12-10, 16:55,44175.7,2020.942,8,0,418.08
2021-01-25, 14:00,44221.58,2021.067,8,0,419.57
2021-02-13, 14:40,44240.61,2021.119,8,0,420.06
2021-03-04, 14:17,44259.6,2021.171,5,0,421.59
2021-03-15, 13:25,44270.56,2021.202,8,0,420.75
2021-04-06, 13:15,44292.55,2021.262,8,0,420.09
2021-04-22, 13:30,44308.56,2021.306,8,0,420.18
2021-05-14, 16:00,44330.67,2021.366,8,0,422.75
2021-05-27, 14:35,44343.61,2021.402,8,0,421.45
2021-06-10, 14:30,44357.6,2021.44,3,0,422.38
2021-06-23, 14:45,44370.61,2021.476,8,0,419.12
2021-07-09, 14:35,44386.61,2021.519,8,0,413.86
2021-07-24, 15:00,44401.62,2021.561,8,0,412.78
2021-08-09, 13:55,44417.58,2021.604,8,0,415.33
2021-08-23, 15:30,44431.65,2021.643,8,0,410.99
2021-09-08, 14:40,44447.61,2021.687,8,0,411.69
2021-09-23, 14:12,44462.59,2021.728,9,0,412.95
2021-10-08, 13:40,44477.57,2021.769,9,0,412.06
2021-11-02, 15:42,44502.65,2021.837,9,0,415.08
2021-12-09, 16:15,44539.68,2021.939,8,0,418.21
2021-12-27, 15:45,44557.66,2021.988,4,0,420.86
2022-02-03, 15:45,44595.66,2022.092,9,4,426.54
2022-02-22, 15:38,44614.65,2022.144,9,0,422.18
2022-03-04, 16:35,44624.69,2022.172,8,0,420.95
2022-04-12, 15:27,44663.64,2022.278,6,0,424.05
2022-04-22, 14:50,44673.62,2022.306,9,0,425.45
2022-05-15, 15:18,44696.64,2022.369,8,0,425.25
2022-05-26, 13:40,44707.57,2022.399,8,0,422.81
2022-06-17, 12:05,44729.5,2022.459,8,0,421.06
2022-06-29, 15:48,44741.66,2022.492,8,0,417.61
2022-07-15, 16:00,44757.67,2022.536,9,0,418.7
2022-07-28, 15:11,44770.63,2022.572,7,0,415.27
2022-08-16, 15:16,44789.64,2022.624,2,0,414.5
2022-09-13, 16:21,44817.68,2022.7,9,4,410.17
2022-10-26, 15:05,44860.63,2022.818,9,4,420.39
2022-11-02, 14:45,44867.61,2022.837,8,0,419.61
2022-11-29, 16:06,44894.67,2022.911,9,4,421.64
2023-01-05, 16:38,44931.69,2023.013,3,0,423.35
2023-01-29, 15:47,44955.66,2023.079,9,4,422.98
2023-02-14, 15:18,44971.64,2023.122,9,4,425.7
2023-03-15, 16:58,45000.71,2023.202,8,0,424.37
2023-03-24, 14:00,45009.58,2023.226,2,0,430.22
2023-04-15, 14:29,45031.6,2023.287,8,0,426.89
2023-04-24, 12:47,45040.53,2023.311,2,0,425.67
2023-05-31, 12:46,45077.53,2023.412,8,0,424.05
2023-06-08, 14:30,45085.6,2023.435,8,0,422.81
2023-06-22, 15:04,45099.63,2023.473,8,0,419.15
2023-07-19, 13:16,45126.55,2023.547,5,0,418.1
2023-08-08, 12:42,45146.53,2023.601,9,0,417.01
2023-08-24, 15:34,45162.65,2023.646,9,4,414.72
2023-09-06, 17:00,45175.71,2023.681,4,0,416.14
2023-09-13, 14:09,45182.59,2023.7,9,4,414.02
2023-10-11, 16:05,45210.67,2023.777,8,0,419.69
2023-11-18, 16:51,45248.7,2023.881,6,4,423.75
2023-11-30, 17:45,45260.74,2023.914,2,5,432.21
2023-12-21, 15:23,45281.64,2023.972,4,0,423.48
2024-01-23, 16:03,45314.67,2024.062,8,0,427.14
2024-02-02, 14:45,45324.61,2024.089,8,0,426.51
2024-02-29, 15:05,45351.63,2024.163,8,1,-74257.39
2024-03-12, 13:27,45363.56,2024.196,8,0,427.74
2024-04-04, 14:22,45386.6,2024.258,8,0,426.97