------------------------------------------------------------------------------------------,,,,,,
  Daily average CO2 concentrations (ppm) derived from flask air samples and in situ (continuous) data.,,,,,,
"  For La Jolla Pier, California: Latitude 32.9N Longitude 117.3W Elevation 10m",,,,,,
  In situ data is sporadically used only during a limited time period from 1957 to 1962,,,,,,
"  Outside this period, the record is entirely flask-based",,,,,,
                                                                                           ,,,,,,
"   Source: R. F. Keeling, S. C. Piper, A. F. Bollenbacher and S. J. Walker                 ",,,,,,
   Scripps CO2 Program ( http://scrippsco2.ucsd.edu )                                      ,,,,,,
   Scripps Institution of Oceanography (SIO)                                               ,,,,,,
   University of California                                                                ,,,,,,
"   La Jolla, California USA 92093-0244                                                     ",,,,,,
                                                                                           ,,,,,,
   Status of data and correspondence:                                                      ,,,,,,
                                                                                           ,,,,,,
   These data are subject to revision based on recalibration of standard gases. Questions  ,,,,,,
   about the data should be directed to Dr. Ralph Keeling (rkeeling@ucsd.edu) and          ,,,,,,
"   and Dr. Stephen Piper (scpiper@popmail.ucsd.edu), Scripps CO2 Program.                  ",,,,,,
                                                                                           ,,,,,,
 Flask data in this file from archive dated 2023-09-12 13:11:01                            ,,,,,,
                                                                                           ,,,,,,
-------------------------------------------------------------------------------------------,,,,,,
                                                                                           ,,,,,,
   Please cite as:                                                                         ,,,,,,
                                                                                           ,,,,,,
"   C. D. Keeling, S. C. Piper, R. B. Bacastow, M. Wahlen, T. P. Whorf, M. Heimann, and     ",,,,,,
"   H. A. Meijer, Exchanges of atmospheric CO2 and 13CO2 with the terrestrial biosphere and ",,,,,,
"   oceans from 1978 to 2000.  I. Global aspects, SIO Reference Series, No. 01-06, Scripps  ",,,,,,
"   Institution of Oceanography, San Diego, 88 pages, 2001.                                 ",,,,,,
                                                                                           ,,,,,,
"   If it is necessary to cite a peer-reviewed article, please cite as:                     ",,,,,,
                                                                                           ,,,,,,
"   C. D. Keeling, S. C. Piper, R. B. Bacastow, M. Wahlen, T. P. Whorf, M. Heimann, and     ",,,,,,
"   H. A. Meijer, Atmospheric CO2 and 13CO2 exchange with the terrestrial biosphere and     ",,,,,,
"   oceans from 1978 to 2000: observations and carbon cycle implications, pages 83-113,     ",,,,,,
"   in 'A History of Atmospheric CO2 and its effects on Plants, Animals, and Ecosystems',   ",,,,,,
"   editors, Ehleringer, J.R., T. E. Cerling, M. D. Dearing, Springer Verlag,               ",,,,,,
"   New York, 2005.                                                                         ",,,,,,
                                                                                           ,,,,,,
-------------------------------------------------------------------------------------------,,,,,,
"   Sampling dates are reported in 3 formats: Year, Month, Day, Hour and Minute",,,,,,
                                             MSExcel spreadsheet date format,,,,,,
                                             Decimal year and fractional year,,,,,,
 N   - Number of flasks used in daily average,,,,,,
,,,,,,
                                                                                           ,,,,,,
 FGC -   CO2 Flags                                                                         ,,,,,,
  -3 - Potentially Suspect Data Accepted                                                   ,,,,,,
  -2 - Accepted value from continuous analyzer                                             ,,,,,,
  -1 - Accepted flask value retained although individual measurements deviated             ,,,,,,
       by more than selected tolerance                                                     ,,,,,,
   0 - Accepted flask value                                                                ,,,,,,
   1 - Rejected during analysis                                                            ,,,,,,
   2 - Rejected unacceptably large flask-analyzer differences associated                   ,,,,,,
                with night sampling (used only at MLO between Dec 1962 and Sep 1968)       ,,,,,,
   3 - Rejected flask measurement; used continuous data instead                            ,,,,,,
   4 - Rejected Replicates do not agree to selected tolerance or single flask              ,,,,,,
   5 - Rejected Daily average deviates from fit by more than 3 standard deviations         ,,,,,,
   6 - Rejected to improve local distribution of data such as too many                     ,,,,,,
                data of generally poor quality (used only at two stations:                 ,,,,,,
                KUM Aug 1979 - Jun 1980 and LJO Apr 1979 - Sep 1985)                       ,,,,,,
   7 - Rejected Unsteady air at site (La Jolla only)                                       ,,,,,,
   8 - Rejected manually (see input/flag_flasks.csv)                                       ,,,,,,
   9 - Rejected legacy data                                                                ,,,,,,
                                                                                           ,,,,,,
 Averages for CO2 have been filtered by deviation from curve fit.                          ,,,,,,
                                                                                           ,,,,,,
  Cx - CO2 value (ppm)                                                                     ,,,,,,
          CO2 concentrations are measured on the '12' Calibration Scale                    ,,,,,,
                                                                                           ,,,,,,
"Date, HR, Excel, Year, Flask, Flag, CO2",,,,,,
Date,HR,Excel,Year,Flask,Flag,CO2
3/21/57, 00:00,20900,1957.216,1,-2,314.75
3/26/57, 00:00,20905,1957.23,1,-2,316.47
4/6/57, 00:00,20916,1957.26,1,-2,315.98
4/10/57, 00:00,20920,1957.271,1,-2,315.49
4/23/57, 00:00,20933,1957.307,1,-2,315.37
4/30/57, 00:00,20940,1957.326,1,-2,316.11
5/6/57, 00:00,20946,1957.342,1,-2,315.74
5/12/57, 00:00,20952,1957.359,1,-2,316.48
5/21/57, 00:00,20961,1957.384,1,-2,315.87
5/26/57, 00:00,20966,1957.397,1,-2,315.01
6/6/57, 00:00,20977,1957.427,1,-2,315.87
6/12/57, 00:00,20983,1957.444,1,-2,315.38
6/22/57, 00:00,20993,1957.471,1,-2,315.14
6/25/57, 00:00,20996,1957.479,1,-2,314.4
8/30/57, 00:00,21062,1957.66,1,-2,309.17
9/2/57, 00:00,21065,1957.668,1,-2,309.9
9/13/57, 00:00,21076,1957.699,1,-2,311.12
9/19/57, 00:00,21082,1957.715,1,-2,309.18
9/25/57, 00:00,21088,1957.732,1,-2,310.76
9/29/57, 00:00,21092,1957.742,1,-2,309.79
10/10/57, 00:00,21103,1957.773,1,-2,312.22
4/7/58, 00:00,21282,1958.263,1,-2,316.54
4/25/58, 00:00,21300,1958.312,1,-2,316.42
4/30/58, 00:00,21305,1958.326,1,-2,316.55
5/10/58, 00:00,21315,1958.353,1,-2,316.8
5/16/58, 00:00,21321,1958.37,1,-2,317.66
5/22/58, 00:00,21327,1958.386,1,-2,318.28
6/22/58, 00:00,21358,1958.471,1,5,318.9
7/5/58, 00:00,21371,1958.507,1,-2,314.96
7/10/58, 00:00,21376,1958.521,1,-2,314.72
7/16/58, 00:00,21382,1958.537,1,-2,311.67
7/26/58, 00:00,21392,1958.564,1,-2,312.52
7/27/58, 00:00,21393,1958.567,1,-2,313.01
8/9/58, 00:00,21406,1958.603,1,-2,311.06
8/13/58, 00:00,21410,1958.614,1,-2,309.97
8/21/58, 00:00,21418,1958.636,1,-2,310.46
8/30/58, 00:00,21427,1958.66,1,-2,311.06
9/3/58, 00:00,21431,1958.671,1,-2,309.85
9/13/58, 00:00,21441,1958.699,1,-2,311.07
9/14/58, 00:00,21442,1958.701,1,-2,311.55
9/23/58, 00:00,21451,1958.726,1,-2,311.43
10/7/58, 00:00,21465,1958.764,1,-2,313.88
10/25/58, 00:00,21483,1958.814,1,-2,312.29
10/26/58, 00:00,21484,1958.816,1,-2,312.78
11/7/58, 00:00,21496,1958.849,1,-2,316.95
11/15/58, 00:00,21504,1958.871,1,-2,312.79
11/18/58, 00:00,21507,1958.879,1,-2,316.46
11/28/58, 00:00,21517,1958.907,1,-2,315.73
11/30/58, 00:00,21519,1958.912,1,-2,316.71
12/11/58, 00:00,21530,1958.942,1,-2,317.45
12/14/58, 00:00,21533,1958.951,1,-2,316.72
12/26/58, 00:00,21545,1958.984,1,-2,315.73
12/30/58, 00:00,21549,1958.995,1,-2,316.35
1/6/59, 00:00,21556,1959.014,1,-2,316.23
1/21/59, 00:00,21571,1959.055,1,-2,318.45
1/30/59, 00:00,21580,1959.079,1,-2,317.09
2/7/59, 00:00,21588,1959.101,1,-2,316.36
2/10/59, 00:00,21591,1959.11,1,-2,316.36
2/17/59, 00:00,21598,1959.129,1,-2,316.61
2/22/59, 00:00,21603,1959.142,1,-2,317.59
3/7/59, 00:00,21616,1959.178,1,-2,318.71
3/14/59, 00:00,21623,1959.197,1,-2,317.72
3/18/59, 00:00,21627,1959.208,1,-2,317.35
3/22/59, 00:00,21631,1959.219,1,-2,317.47
3/30/59, 00:00,21639,1959.241,1,-2,317.23
4/5/59, 00:00,21645,1959.258,1,-2,316.49
4/17/59, 00:00,21657,1959.29,1,-2,317.97
4/24/59, 00:00,21664,1959.31,1,-2,317.23
4/26/59, 00:00,21666,1959.315,1,-2,317.97
5/9/59, 00:00,21679,1959.351,1,-2,318.84
5/12/59, 00:00,21682,1959.359,1,-2,317.48
5/23/59, 00:00,21693,1959.389,1,-2,316.75
5/25/59, 00:00,21695,1959.395,1,-2,316.13
6/2/59, 00:00,21703,1959.416,1,-2,316.63
6/12/59, 00:00,21713,1959.444,1,-2,318.35
6/16/59, 00:00,21717,1959.455,1,-2,318.23
6/27/59, 00:00,21728,1959.485,1,-2,316.75
7/2/59, 00:00,21733,1959.499,1,-2,315.4
7/5/59, 00:00,21736,1959.507,1,-2,314.91
7/15/59, 00:00,21746,1959.534,1,-2,314.18
7/19/59, 00:00,21750,1959.545,1,-2,313.93
7/31/59, 00:00,21762,1959.578,1,-2,310.4
8/6/59, 00:00,21768,1959.595,1,-2,310.4
8/9/59, 00:00,21771,1959.603,1,-2,310.52
8/21/59, 00:00,21783,1959.636,1,-2,308.94
8/28/59, 00:00,21790,1959.655,1,-2,311.86
9/4/59, 00:00,21797,1959.674,1,-2,311.01
9/8/59, 00:00,21801,1959.685,1,-2,312.11
9/16/59, 00:00,21809,1959.707,1,-2,309.31
9/21/59, 00:00,21814,1959.721,1,-2,311.99
10/1/59, 00:00,21824,1959.748,1,-2,311.75
10/7/59, 00:00,21830,1959.764,1,-2,314.2
10/11/59, 00:00,21834,1959.775,1,-2,315.18
10/20/59, 00:00,21843,1959.8,1,-2,315.42
10/26/59, 00:00,21849,1959.816,1,-2,315.43
11/2/59, 00:00,21856,1959.836,1,-2,316.41
11/15/59, 00:00,21869,1959.871,1,-2,315.67
12/5/59, 00:00,21889,1959.926,1,-2,313.96
12/10/59, 00:00,21894,1959.94,1,-2,314.58
12/13/59, 00:00,21897,1959.948,1,-2,316.29
12/21/59, 00:00,21905,1959.97,1,-2,316.3
12/31/59, 00:00,21915,1959.997,1,-2,317.65
1/4/60, 00:00,21919,1960.008,1,-2,317.65
1/15/60, 00:00,21930,1960.038,1,-2,316.18
1/26/60, 00:00,21941,1960.068,1,-2,317.41
2/2/60, 00:00,21948,1960.087,1,-2,316.92
2/8/60, 00:00,21954,1960.104,1,-2,317.41
2/18/60, 00:00,21964,1960.131,1,-2,318.77
2/26/60, 00:00,21972,1960.153,1,-2,318.16
3/4/60, 00:00,21979,1960.172,1,-2,318.53
3/12/60, 00:00,21987,1960.194,1,-2,317.79
3/13/60, 00:00,21988,1960.197,1,-2,316.31
3/25/60, 00:00,22000,1960.23,1,-2,318.66
3/30/60, 00:00,22005,1960.243,1,-2,317.92
4/8/60, 00:00,22014,1960.268,1,-2,318.86
4/10/60, 00:00,22016,1960.273,1,-2,319.26
4/23/60, 00:00,22029,1960.309,1,-2,320.14
4/24/60, 00:00,22030,1960.311,1,-2,320.14
5/3/60, 00:00,22039,1960.336,1,-2,320.14
5/9/60, 00:00,22045,1960.352,1,-2,321.58
5/24/60, 00:00,22060,1960.393,1,-2,319.36
6/10/60, 00:00,22077,1960.44,1,-2,318.33
6/13/60, 00:00,22080,1960.448,1,-2,318.5
3/20/62, 00:00,22725,1962.214,1,-2,319.95
3/30/62, 00:00,22735,1962.241,1,-2,320.79
4/1/62, 00:00,22737,1962.247,1,-2,320.15
4/9/62, 00:00,22745,1962.268,1,-2,320.91
4/15/62, 00:00,22751,1962.285,1,-2,320.28
4/27/62, 00:00,22763,1962.318,1,-2,321.19
5/5/62, 00:00,22771,1962.34,1,-2,321.57
5/6/62, 00:00,22772,1962.342,1,-2,320.43
10/23/68, 11:10,25134.47,1968.81,2,4,369.38
10/31/68, 14:44,25142.61,1968.832,13,4,332.92
1/13/69, 15:00,25216.62,1969.035,2,5,333
1/17/69, 15:24,25220.64,1969.046,3,5,331.5
1/20/69, 15:42,25223.65,1969.054,3,4,326.87
1/29/69, 15:47,25232.66,1969.079,3,0,330.5
2/18/69, 16:28,25252.69,1969.133,3,0,326.5
2/21/69, 14:12,25255.59,1969.141,8,0,326.58
4/1/69, 15:00,25294.62,1969.248,4,0,327.62
6/18/69, 15:11,25372.63,1969.462,2,0,326
10/2/69, 14:37,25478.61,1969.752,3,0,323.49
10/23/69, 15:40,25499.65,1969.81,3,0,327.2
4/14/70, 16:23,25672.68,1970.284,4,0,329.12
4/27/70, 16:17,25685.68,1970.32,2,4,332.03
5/11/70, 16:19,25699.68,1970.358,2,0,331.73
6/17/70, 13:30,25736.56,1970.459,2,0,327.91
6/29/70, 16:01,25748.67,1970.492,2,0,326.53
7/17/70, 16:45,25766.7,1970.542,2,4,325.44
9/14/70, 17:16,25825.72,1970.703,2,0,322.27
10/12/70, 15:00,25853.63,1970.78,9,4,327.61
12/21/70, 15:03,25923.63,1970.972,3,0,327.49
1/25/71, 15:48,25958.66,1971.068,2,5,386.92
2/17/71, 15:11,25981.63,1971.131,3,0,328.6
2/22/71, 15:17,25986.64,1971.144,2,0,330.41
2/25/71, 16:41,25989.7,1971.153,2,0,330.97
3/1/71, 15:04,25993.63,1971.163,4,0,331.98
3/5/71, 16:45,25997.7,1971.175,4,5,334.98
3/25/71, 16:38,26017.69,1971.229,6,0,329.14
4/7/71, 16:10,26030.67,1971.265,5,0,330.16
4/14/71, 16:38,26037.69,1971.284,3,0,330.24
4/27/71, 16:39,26050.69,1971.32,4,0,330.82
5/24/71, 16:55,26077.7,1971.394,3,0,330.36
6/3/71, 17:21,26087.72,1971.421,6,0,330.72
6/21/71, 16:49,26105.7,1971.47,4,0,329.71
7/1/71, 15:22,26115.64,1971.498,4,0,326.4
8/3/71, 17:05,26148.71,1971.588,2,4,328.53
8/24/71, 16:44,26169.7,1971.646,2,4,324.95
9/3/71, 16:36,26179.69,1971.673,2,4,323.53
9/27/71, 16:44,26203.7,1971.739,2,4,324.41
10/21/71, 16:44,26227.7,1971.805,10,4,343.93
11/12/71, 16:06,26249.67,1971.865,2,4,329.5
3/31/72, 14:59,26389.62,1972.248,5,0,334.17
4/7/72, 16:41,26396.7,1972.267,3,0,330.72
5/17/72, 16:03,26436.67,1972.376,2,0,332.18
7/3/72, 14:31,26483.6,1972.504,2,5,333.09
7/21/72, 16:40,26501.69,1972.554,2,0,325.68
9/17/72, 17:34,26559.73,1972.712,2,0,322.86
10/4/72, 15:38,26576.65,1972.759,4,0,328.81
10/19/72, 13:48,26591.57,1972.799,6,0,325.86
10/20/72, 12:11,26592.51,1972.802,12,0,325.77
10/30/72, 15:19,26602.64,1972.83,6,0,329.34
11/7/72, 17:11,26610.72,1972.852,6,0,328.22
11/11/72, 17:16,26614.72,1972.863,6,0,327.86
12/28/72, 15:16,26661.64,1972.991,6,0,330.76
1/1/73, 13:32,26665.56,1973.002,6,0,329.37
1/19/73, 14:49,26683.62,1973.051,6,0,330.98
2/12/73, 13:33,26707.56,1973.117,6,0,331.33
3/13/73, 09:28,26736.39,1973.196,6,0,331.48
3/28/73, 16:12,26751.67,1973.237,6,0,332.99
4/30/73, 16:40,26784.69,1973.328,6,0,334.04
7/11/73, 18:04,26856.75,1973.525,6,0,329.19
8/23/73, 16:42,26899.7,1973.643,6,0,322.02
10/23/73, 19:12,26960.8,1973.81,6,0,329.52
11/15/73, 15:07,26983.63,1973.873,6,5,338.1
2/13/74, 17:56,27073.75,1974.12,12,0,333.67
3/29/74, 15:07,27117.63,1974.24,2,0,334
4/25/74, 16:47,27144.7,1974.314,5,0,335.91
8/14/74, 14:06,27255.59,1974.618,6,0,327.45
10/3/74, 16:25,27305.68,1974.755,6,0,327.75
10/21/74, 12:49,27323.53,1974.804,6,0,333.3
11/1/74, 16:28,27334.69,1974.835,6,0,330.52
1/27/75, 15:44,27421.66,1975.073,6,0,334.56
4/4/75, 16:14,27488.68,1975.257,6,0,334.5
5/20/75, 11:16,27534.47,1975.382,6,0,336.88
7/2/75, 16:16,27577.68,1975.5,6,0,331.59
10/7/75, 13:20,27674.56,1975.766,5,0,328.01
12/11/75, 14:42,27739.61,1975.944,12,0,335.68
12/12/75, 15:28,27740.64,1975.947,2,0,333.81
2/9/76, 15:20,27799.64,1976.108,6,0,334.86
3/10/76, 17:36,27829.73,1976.191,6,0,337.26
4/15/76, 14:16,27865.59,1976.289,6,0,338.48
6/11/76, 14:27,27922.6,1976.444,5,0,335.19
8/3/76, 15:17,27975.64,1976.589,6,0,329.61
9/16/76, 15:11,28019.63,1976.709,6,0,326.41
10/29/76, 13:53,28062.58,1976.827,6,5,340.78
12/31/76, 12:00,28125.5,1976.999,4,0,334.89
1/3/77, 14:45,28128.61,1977.007,2,0,335.95
2/1/77, 15:26,28157.64,1977.087,6,0,335.29
3/1/77, 10:08,28185.42,1977.163,4,5,340.87
3/25/77, 09:43,28209.41,1977.229,5,0,337.12
5/25/77, 14:38,28270.61,1977.396,6,0,338.29
7/11/77, 13:46,28317.57,1977.525,6,0,333.82
9/2/77, 14:44,28370.61,1977.67,6,0,331
10/11/77, 15:09,28409.63,1977.777,12,4,350.7
10/12/77, 14:46,28410.62,1977.78,9,5,359.98
10/14/77, 15:39,28412.65,1977.785,3,5,350.48
10/20/77, 12:00,28418.5,1977.801,3,0,334.69
11/18/77, 10:28,28447.44,1977.881,2,0,338.51
1/24/78, 15:16,28514.64,1978.065,2,0,340.31
2/2/78, 15:51,28523.66,1978.089,6,4,356.52
2/10/78, 10:50,28531.45,1978.111,6,4,337.47
4/1/78, 16:02,28581.67,1978.248,9,0,339.26
5/22/78, 15:05,28632.63,1978.388,6,0,339.05
6/8/78, 15:55,28649.66,1978.435,8,0,341.18
6/27/78, 14:35,28668.61,1978.487,4,0,334.97
8/22/78, 15:58,28724.66,1978.64,14,0,331.25
9/7/78, 14:49,28740.62,1978.684,18,0,329.58
10/16/78, 12:08,28779.51,1978.79,11,0,336.2
11/1/78, 14:28,28795.6,1978.835,12,0,335.74
12/6/78, 15:26,28830.64,1978.931,8,0,339.79
1/17/79, 16:24,28872.68,1979.046,22,7,340.91
1/25/79, 14:38,28880.61,1979.067,4,0,338.89
2/8/79, 15:11,28894.63,1979.106,6,7,345.79
2/23/79, 16:26,28909.68,1979.147,18,0,339.34
2/26/79, 14:44,28912.61,1979.155,6,0,340.49
3/22/79, 13:34,28936.57,1979.221,3,0,341.31
4/17/79, 15:45,28962.66,1979.292,13,0,341.43
4/20/79, 14:36,28965.61,1979.3,6,6,342.46
6/1/79, 15:23,29007.64,1979.415,5,5,346.52
6/29/79, 11:29,29035.48,1979.492,4,5,341.73
8/29/79, 16:43,29096.7,1979.659,12,0,333.19
9/7/79, 15:16,29105.64,1979.684,5,5,342.18
9/18/79, 15:46,29116.66,1979.714,5,0,336.11
9/19/79, 15:41,29117.65,1979.717,4,5,349.35
10/17/79, 12:59,29145.54,1979.793,6,0,338.29
11/19/79, 16:36,29178.69,1979.884,18,0,339.7
11/29/79, 14:51,29188.62,1979.911,6,4,361.98
1/23/80, 15:41,29243.65,1980.062,2,5,362.66
3/12/80, 13:17,29292.55,1980.196,12,0,341.09
5/14/80, 15:03,29355.63,1980.368,6,0,341.65
7/30/80, 15:17,29432.64,1980.578,4,5,349.82
8/12/80, 15:28,29445.64,1980.614,13,0,334.12
10/15/80, 15:27,29509.64,1980.789,12,0,337.79
10/22/80, 15:03,29516.63,1980.808,5,5,358.71
12/5/80, 14:58,29560.62,1980.928,12,0,340.63
1/8/81, 14:13,29594.59,1981.021,6,5,352.42
1/27/81, 13:18,29613.55,1981.073,16,7,344
1/30/81, 13:23,29616.56,1981.081,15,0,342.63
2/26/81, 15:21,29643.64,1981.155,12,0,344.02
5/15/81, 15:47,29721.66,1981.369,12,0,346.01
5/20/81, 11:33,29726.48,1981.382,12,0,344.6
7/1/81, 10:33,29768.44,1981.497,6,0,340.06
8/31/81, 14:51,29829.62,1981.665,12,0,336.29
9/24/81, 14:50,29853.62,1981.73,10,6,337.88
10/5/81, 15:51,29864.66,1981.761,12,0,338.17
10/20/81, 16:10,29879.67,1981.802,8,5,345.77
10/28/81, 15:51,29887.66,1981.824,12,6,340.83
11/6/81, 15:18,29896.64,1981.848,6,0,339.61
12/21/81, 15:44,29941.66,1981.972,12,0,342.53
1/19/82, 15:36,29970.65,1982.051,12,0,344.09
3/12/82, 14:46,30022.61,1982.193,12,0,343.79
4/2/82, 15:05,30043.63,1982.251,6,0,347.35
5/28/82, 15:42,30099.65,1982.405,23,0,346.03
6/18/82, 16:18,30120.68,1982.462,6,0,342
7/8/82, 13:43,30140.57,1982.517,5,0,341.23
9/11/82, 15:39,30205.65,1982.695,12,0,336.13
9/27/82, 16:08,30221.67,1982.739,6,0,336.2
10/18/82, 14:24,30242.6,1982.796,2,5,345.42
11/10/82, 12:47,30265.53,1982.859,5,0,341.53
11/19/82, 16:38,30274.69,1982.884,6,0,341.69
12/23/82, 11:12,30308.47,1982.977,6,0,343.4
1/19/83, 16:37,30335.69,1983.051,5,0,345.41
1/27/83, 16:23,30343.68,1983.073,6,0,344.18
2/25/83, 14:37,30372.61,1983.152,6,0,344.72
3/21/83, 14:24,30396.6,1983.218,6,0,345.67
4/21/83, 14:33,30427.61,1983.303,6,0,347.15
4/28/83, 16:18,30434.68,1983.322,12,0,347.79
5/6/83, 11:16,30442.47,1983.344,5,0,347.95
6/1/83, 16:13,30468.68,1983.416,12,0,345.79
6/2/83, 15:51,30469.66,1983.418,12,0,346.07
7/15/83, 16:02,30512.67,1983.536,12,0,340.76
8/19/83, 15:58,30547.66,1983.632,12,0,336.84
9/20/83, 16:13,30579.68,1983.72,5,0,341.28
9/21/83, 15:07,30580.63,1983.722,5,0,342.26
9/22/83, 15:16,30581.64,1983.725,3,0,339.81
9/23/83, 16:01,30582.67,1983.728,3,0,340.28
9/28/83, 15:21,30587.64,1983.741,3,0,340.42
9/29/83, 14:16,30588.59,1983.744,3,0,339.23
10/3/83, 14:21,30592.6,1983.755,3,0,342.94
10/5/83, 14:06,30594.59,1983.761,3,0,340.32
10/11/83, 15:23,30600.64,1983.777,6,5,376.19
10/27/83, 13:42,30616.57,1983.821,2,5,349.24
11/2/83, 15:03,30622.63,1983.837,3,5,355.92
11/17/83, 17:05,30637.71,1983.879,12,0,342.36
11/23/83, 13:43,30643.57,1983.895,9,5,348.56
11/25/83, 15:32,30645.65,1983.9,4,0,344.37
12/4/83, 12:15,30654.51,1983.925,2,0,348.17
12/22/83, 14:16,30672.59,1983.974,9,0,345.31
1/14/84, 15:42,30695.65,1984.037,5,0,345.84
2/2/84, 15:56,30714.66,1984.089,6,0,347.54
2/10/84, 16:03,30722.67,1984.111,5,5,355.4
2/16/84, 15:03,30728.63,1984.127,6,0,347.31
3/14/84, 17:01,30755.71,1984.201,6,0,347.43
4/4/84, 17:22,30776.72,1984.259,3,0,347.68
4/5/84, 12:54,30777.54,1984.261,3,6,348.38
4/6/84, 14:41,30778.61,1984.264,3,0,351.76
4/9/84, 16:25,30781.68,1984.272,3,0,351.19
4/17/84, 17:16,30789.72,1984.294,3,6,349.51
4/18/84, 14:28,30790.6,1984.297,3,0,349.07
4/19/84, 07:51,30791.33,1984.299,3,6,349.13
4/20/84, 14:01,30792.58,1984.302,3,6,351.01
4/25/84, 17:11,30797.72,1984.316,3,0,350.19
4/26/84, 16:58,30798.71,1984.319,6,6,351.2
4/28/84, 15:37,30800.65,1984.324,6,6,350.85
5/10/84, 16:46,30812.7,1984.357,6,6,350.9
5/15/84, 18:58,30817.79,1984.371,7,6,350.33
5/16/84, 15:32,30818.65,1984.373,3,0,349.83
5/30/84, 16:55,30832.7,1984.412,3,0,348.38
6/1/84, 16:42,30834.7,1984.417,4,0,349.12
6/5/84, 15:46,30838.66,1984.428,3,6,348.83
6/6/84, 17:31,30839.73,1984.431,3,6,348.2
6/7/84, 16:32,30840.69,1984.434,3,0,347.78
6/13/84, 16:22,30846.68,1984.45,3,0,344.75
6/14/84, 16:46,30847.7,1984.453,3,0,345.41
6/20/84, 15:21,30853.64,1984.469,3,0,347.54
7/5/84, 17:21,30868.72,1984.51,3,0,345.09
7/11/84, 17:01,30874.71,1984.527,3,0,342.26
7/13/84, 16:51,30876.7,1984.532,2,0,342.5
7/19/84, 15:29,30882.64,1984.548,15,0,342.16
7/20/84, 16:26,30883.68,1984.551,3,0,344.73
7/23/84, 16:39,30886.69,1984.559,3,6,342.32
7/24/84, 13:51,30887.58,1984.562,3,0,340.84
7/29/84, 16:20,30892.68,1984.576,3,0,342.18
8/8/84, 16:36,30902.69,1984.603,3,0,340.47
8/10/84, 15:31,30904.65,1984.608,3,6,340.9
8/21/84, 13:42,30915.57,1984.638,3,0,340.68
8/24/84, 18:16,30918.76,1984.647,3,0,338.94
8/28/84, 15:41,30922.65,1984.658,3,0,338.94
8/30/84, 16:06,30924.67,1984.663,7,0,339.77
8/31/84, 15:51,30925.66,1984.666,3,6,340.48
9/7/84, 17:00,30932.71,1984.685,3,0,340.34
9/12/84, 16:25,30937.68,1984.699,6,0,340.79
9/20/84, 16:36,30945.69,1984.72,3,0,342.42
9/24/84, 17:04,30949.71,1984.731,4,0,340.17
9/25/84, 16:39,30950.69,1984.734,3,0,341.75
10/2/84, 16:47,30957.7,1984.753,3,0,341.19
10/11/84, 15:46,30966.66,1984.778,3,0,342.17
10/17/84, 16:46,30972.7,1984.794,3,0,342.5
10/19/84, 14:47,30974.62,1984.799,4,0,346.3
10/25/84, 13:38,30980.57,1984.816,3,0,346.37
10/31/84, 16:42,30986.7,1984.833,4,0,345.44
11/6/84, 15:57,30992.66,1984.849,3,6,344.59
11/7/84, 16:21,30993.68,1984.852,3,0,344.04
11/8/84, 17:11,30994.72,1984.854,3,0,343.9
11/9/84, 15:42,30995.65,1984.857,3,5,349.05
11/13/84, 16:02,30999.67,1984.868,3,0,345.09
11/22/84, 14:58,31008.62,1984.892,4,0,345.35
12/12/84, 13:42,31028.57,1984.947,4,0,348.2
12/13/84, 10:51,31029.45,1984.949,6,7,349.63
12/17/84, 15:34,31033.65,1984.961,4,5,350.55
12/20/84, 12:17,31036.51,1984.969,4,0,346.94
12/28/84, 13:37,31044.57,1984.991,3,0,349.94
1/8/85, 11:33,31055.48,1985.02,4,0,346.85
1/29/85, 16:31,31076.69,1985.079,4,0,349.11
1/30/85, 14:10,31077.59,1985.081,4,5,352.14
2/4/85, 13:12,31082.55,1985.095,4,5,352.87
2/9/85, 16:40,31087.69,1985.109,4,0,348.53
3/1/85, 16:38,31107.69,1985.164,4,0,348.75
3/2/85, 12:46,31108.53,1985.166,6,6,349.2
3/5/85, 16:52,31111.7,1985.175,4,0,348.25
3/6/85, 15:47,31112.66,1985.177,4,6,350.6
3/11/85, 15:45,31117.66,1985.191,4,0,348.77
3/18/85, 16:24,31124.68,1985.21,4,0,349.13
3/28/85, 13:13,31134.55,1985.237,6,0,349.89
4/16/85, 16:49,31153.7,1985.29,4,0,347.45
4/17/85, 13:10,31154.55,1985.292,3,0,347.93
4/22/85, 15:14,31159.63,1985.306,4,0,348.75
5/3/85, 15:29,31170.65,1985.336,8,0,348.99
5/7/85, 14:39,31174.61,1985.347,3,6,350.26
5/8/85, 14:22,31175.6,1985.35,4,0,350.18
5/10/85, 09:31,31177.4,1985.355,4,0,350.79
5/17/85, 12:10,31184.51,1985.374,6,6,350.82
5/24/85, 16:12,31191.67,1985.394,3,0,350.77
5/26/85, 15:11,31193.63,1985.399,4,0,350.06
6/1/85, 12:57,31199.54,1985.415,4,0,350.37
6/13/85, 14:45,31211.61,1985.448,6,0,351.41
6/14/85, 16:12,31212.67,1985.451,4,0,348.91
6/20/85, 17:31,31218.73,1985.468,3,0,348.25
6/21/85, 20:18,31219.85,1985.471,4,6,348.34
6/24/85, 16:04,31222.67,1985.479,4,0,348.27
7/18/85, 14:47,31246.62,1985.544,4,5,346.7
7/19/85, 16:22,31247.68,1985.547,4,0,345.88
7/26/85, 12:15,31254.51,1985.566,2,5,364.43
7/29/85, 16:04,31257.67,1985.574,4,0,342.56
8/1/85, 17:03,31260.71,1985.583,4,0,341.59
8/8/85, 13:07,31267.55,1985.601,4,0,341.33
8/13/85, 14:52,31272.62,1985.615,4,0,340.25
8/15/85, 15:17,31274.64,1985.621,4,0,338.23
9/3/85, 16:12,31293.67,1985.673,4,0,338.27
9/6/85, 15:25,31296.64,1985.681,4,0,339.69
9/9/85, 16:03,31299.67,1985.69,4,0,341.13
9/18/85, 13:48,31308.57,1985.714,4,0,339.29
9/26/85, 13:47,31316.57,1985.736,4,6,342.49
9/27/85, 13:52,31317.58,1985.739,4,0,342.34
10/7/85, 15:57,31327.66,1985.766,4,0,343
10/10/85, 15:22,31330.64,1985.774,4,5,348.55
10/21/85, 11:52,31341.49,1985.804,4,0,343.08
11/12/85, 09:30,31363.4,1985.864,4,0,346.67
11/13/85, 14:02,31364.58,1985.867,2,0,349.48
11/21/85, 16:17,31372.68,1985.89,4,0,345.71
12/11/85, 14:37,31392.61,1985.944,3,5,351.98
2/3/86, 15:33,31446.65,1986.092,4,0,351.41
2/6/86, 13:02,31449.54,1986.1,4,0,349.91
2/10/86, 16:02,31453.67,1986.111,4,0,350.45
2/12/86, 14:11,31455.59,1986.117,2,5,353.28
2/20/86, 16:52,31463.7,1986.139,4,0,350.67
3/12/86, 14:32,31483.61,1986.193,4,0,349.5
3/14/86, 14:17,31485.59,1986.199,4,4,353.33
4/7/86, 15:03,31509.63,1986.265,4,0,350.15
4/16/86, 13:14,31518.55,1986.289,4,0,352.32
5/2/86, 16:19,31534.68,1986.333,4,0,352.26
5/5/86, 13:02,31537.54,1986.341,4,0,350.75
5/7/86, 14:02,31539.58,1986.347,3,5,356.22
5/21/86, 14:57,31553.62,1986.385,4,0,350.99
5/30/86, 14:52,31562.62,1986.41,4,0,351.67
6/5/86, 13:47,31568.57,1986.426,4,0,351.14
6/25/86, 15:32,31588.65,1986.481,4,0,347.77
7/8/86, 14:55,31601.62,1986.517,4,0,347.4
7/24/86, 09:47,31617.41,1986.56,4,0,343.72
7/25/86, 16:02,31618.67,1986.563,4,0,342.93
8/14/86, 16:22,31638.68,1986.618,4,5,346.28
8/15/86, 14:22,31639.6,1986.621,3,5,345.38
9/8/86, 13:22,31663.56,1986.686,4,0,344.28
9/9/86, 16:22,31664.68,1986.69,4,0,341.98
9/10/86, 16:47,31665.7,1986.692,4,0,341.56
9/12/86, 16:37,31667.69,1986.698,4,0,341.35
9/17/86, 16:47,31672.7,1986.712,4,0,342.42
9/18/86, 14:34,31673.61,1986.714,2,0,342.28
9/19/86, 17:22,31674.72,1986.717,4,0,340.83
9/23/86, 13:34,31678.56,1986.728,3,0,341.47
9/25/86, 13:26,31680.56,1986.733,4,0,342.98
10/1/86, 16:42,31686.7,1986.75,3,0,346.38
10/23/86, 16:17,31708.68,1986.81,10,0,348.14
11/18/86, 12:03,31734.5,1986.881,2,0,346.81
12/23/86, 16:17,31769.68,1986.977,3,0,350.71
1/5/87, 13:32,31782.56,1987.013,4,0,349.35
1/7/87, 14:32,31784.61,1987.018,4,0,351.14
1/15/87, 13:47,31792.57,1987.04,3,5,357.01
1/28/87, 14:37,31805.61,1987.076,4,0,349.54
1/30/87, 13:42,31807.57,1987.081,4,0,350.52
2/11/87, 14:57,31819.62,1987.114,4,4,354.12
2/12/87, 16:47,31820.7,1987.117,3,0,350
2/24/87, 11:54,31832.5,1987.149,4,0,352.21
3/13/87, 16:04,31849.67,1987.196,3,0,350.16
3/19/87, 13:19,31855.55,1987.212,4,0,351.69
4/3/87, 13:07,31870.55,1987.254,4,0,352.78
4/29/87, 16:19,31896.68,1987.325,4,0,351.63
4/30/87, 12:35,31897.52,1987.327,4,0,352.61
5/1/87, 11:32,31898.48,1987.33,4,0,353.94
5/15/87, 16:42,31912.7,1987.369,2,0,352.92
5/19/87, 14:19,31916.6,1987.38,4,0,352.05
5/27/87, 15:47,31924.66,1987.402,4,0,352.38
6/17/87, 12:32,31945.52,1987.459,4,0,352.79
6/30/87, 18:17,31958.76,1987.495,4,0,349.76
7/7/87, 16:48,31965.7,1987.514,4,0,348.98
7/9/87, 16:33,31967.69,1987.52,6,0,349.33
7/10/87, 15:44,31968.66,1987.522,3,0,348.36
7/16/87, 16:02,31974.67,1987.539,4,0,348.49
7/18/87, 13:22,31976.56,1987.544,3,0,347.61
7/21/87, 12:26,31979.52,1987.552,2,0,345
7/23/87, 17:14,31981.72,1987.558,4,0,344.24
8/5/87, 16:07,31994.67,1987.594,4,0,344.54
8/12/87, 13:16,32001.55,1987.612,4,0,342.04
8/20/87, 17:08,32009.71,1987.635,4,0,341.96
9/11/87, 15:58,32031.66,1987.695,4,0,344.97
9/13/87, 15:42,32033.65,1987.7,4,0,345.43
9/24/87, 16:03,32044.67,1987.731,4,5,348.98
10/8/87, 13:32,32058.56,1987.769,4,0,346.54
10/9/87, 14:34,32059.61,1987.772,4,0,347.35
10/13/87, 13:08,32063.55,1987.782,4,0,348.47
10/23/87, 14:50,32073.62,1987.81,6,0,346.76
10/24/87, 13:13,32074.55,1987.812,6,5,354.79
10/29/87, 12:02,32079.5,1987.826,8,0,348.05
11/2/87, 14:31,32083.6,1987.837,4,0,348.18
11/6/87, 13:49,32087.58,1987.848,4,0,350.09
11/25/87, 15:54,32106.66,1987.9,4,0,353.1
12/23/87, 15:58,32134.67,1987.977,2,5,357.17
12/28/87, 14:58,32139.62,1987.991,2,4,363.9
12/29/87, 13:56,32140.58,1987.993,4,0,351.99
12/30/87, 13:15,32141.55,1987.996,2,0,354.31
1/16/88, 15:38,32158.65,1988.043,4,0,351.63
1/18/88, 14:12,32160.59,1988.048,4,0,353.93
1/29/88, 13:48,32171.57,1988.078,4,0,352.99
1/30/88, 16:22,32172.68,1988.081,4,0,352.82
2/28/88, 14:08,32201.59,1988.16,3,0,352.68
3/1/88, 14:14,32203.59,1988.166,4,0,353.04
3/10/88, 15:48,32212.66,1988.19,4,5,360.44
3/12/88, 16:22,32214.68,1988.196,4,5,358.6
4/8/88, 13:32,32241.56,1988.269,4,0,355.54
4/13/88, 16:12,32246.67,1988.283,4,0,354.77
4/15/88, 18:02,32248.75,1988.289,4,0,354.35
4/16/88, 15:03,32249.63,1988.291,4,0,354.78
4/21/88, 17:16,32254.72,1988.305,4,0,355.24
4/22/88, 13:47,32255.57,1988.308,4,0,355.64
4/28/88, 16:02,32261.67,1988.324,4,0,355.4
5/5/88, 11:18,32268.47,1988.343,4,0,356.94
5/17/88, 16:50,32280.7,1988.376,4,0,356.32
5/27/88, 15:27,32290.64,1988.403,4,0,355.93
6/6/88, 14:52,32300.62,1988.431,4,0,355.13
6/20/88, 10:43,32314.45,1988.468,2,5,359.61
7/14/88, 13:37,32338.57,1988.534,5,0,351.02
7/19/88, 14:07,32343.59,1988.548,3,0,350.84
7/22/88, 16:52,32346.7,1988.557,2,0,351.43
8/2/88, 14:04,32357.59,1988.586,4,0,348.09
8/5/88, 15:34,32360.65,1988.595,4,0,347.18
8/11/88, 15:04,32366.63,1988.611,3,0,347.46
8/12/88, 13:01,32367.54,1988.614,2,0,348.47
8/17/88, 15:35,32372.65,1988.627,4,0,345.92
8/22/88, 15:45,32377.66,1988.641,3,0,344.66
8/31/88, 16:45,32386.7,1988.666,4,0,346.19
9/2/88, 13:29,32388.56,1988.671,4,0,346.37
9/12/88, 13:09,32398.55,1988.698,4,0,347.18
9/21/88, 11:40,32407.49,1988.723,4,0,347.08
9/26/88, 15:50,32412.66,1988.737,4,0,348.28
9/27/88, 14:37,32413.61,1988.739,14,0,351.21
10/5/88, 14:24,32421.6,1988.761,4,0,349.55
10/6/88, 16:22,32422.68,1988.764,4,0,348.99
10/14/88, 11:31,32430.48,1988.785,3,0,349.49
10/28/88, 14:20,32444.6,1988.824,4,0,351.55
11/8/88, 15:26,32455.64,1988.854,4,0,352.15
11/11/88, 13:41,32458.57,1988.862,4,0,350.99
11/14/88, 13:44,32461.57,1988.87,4,0,352.26
11/17/88, 14:47,32464.62,1988.879,4,0,353.21
12/21/88, 10:11,32498.42,1988.971,4,0,354.85
1/6/89, 09:16,32514.39,1989.015,4,0,356.25
1/12/89, 14:56,32520.62,1989.032,4,0,356.16
1/23/89, 13:54,32531.58,1989.062,4,0,354.15
2/1/89, 16:37,32540.69,1989.087,3,0,355.21
2/2/89, 14:12,32541.59,1989.089,4,0,355.13
2/3/89, 15:38,32542.65,1989.092,2,0,355.11
2/10/89, 11:07,32549.46,1989.111,4,0,355.75
3/1/89, 14:47,32568.62,1989.163,4,0,356.1
3/3/89, 09:11,32570.38,1989.168,2,0,356.7
3/10/89, 16:29,32577.69,1989.188,2,0,354.94
3/15/89, 14:48,32582.62,1989.202,4,0,357.42
3/16/89, 14:32,32583.61,1989.204,4,0,355.8
3/17/89, 16:12,32584.67,1989.207,4,0,355.31
4/12/89, 12:55,32610.54,1989.278,4,0,356.84
4/13/89, 17:06,32611.71,1989.281,4,0,356.19
4/21/89, 15:46,32619.66,1989.303,4,0,357.06
4/24/89, 11:41,32622.49,1989.311,3,0,357.58
4/25/89, 15:07,32623.63,1989.314,4,0,357.81
5/10/89, 14:33,32638.61,1989.355,4,0,358.44
5/11/89, 14:19,32639.6,1989.358,4,0,358.03
5/12/89, 10:46,32640.45,1989.36,4,0,357.1
5/16/89, 14:18,32644.6,1989.371,4,0,354.88
6/5/89, 15:41,32664.65,1989.426,4,0,355.51
6/6/89, 15:57,32665.66,1989.429,4,0,355.5
6/23/89, 14:41,32682.61,1989.476,4,0,354.77
6/28/89, 14:09,32687.59,1989.489,4,0,353.11
6/29/89, 14:33,32688.61,1989.492,4,0,352.49
7/7/89, 16:40,32696.69,1989.514,4,0,352.52
7/12/89, 16:11,32701.67,1989.528,4,0,350.89
7/31/89, 15:47,32720.66,1989.58,4,0,348.41
8/1/89, 16:11,32721.67,1989.583,4,0,347.68
8/2/89, 17:22,32722.72,1989.586,4,0,347.78
8/11/89, 17:11,32731.72,1989.61,4,0,349.04
8/17/89, 15:02,32737.63,1989.626,4,0,346.2
8/18/89, 15:09,32738.63,1989.629,4,0,346.52
8/24/89, 14:02,32744.58,1989.645,4,0,347.63
9/7/89, 14:34,32758.61,1989.684,4,0,345.42
9/19/89, 14:41,32770.61,1989.717,4,0,347.99
10/3/89, 10:27,32784.44,1989.755,3,0,349.82
10/13/89, 14:04,32794.59,1989.782,7,5,366.36
10/23/89, 15:15,32804.64,1989.81,4,0,351.94
10/24/89, 16:15,32805.68,1989.813,4,0,351.08
11/21/89, 13:41,32833.57,1989.889,4,0,354.04
11/24/89, 16:15,32836.68,1989.898,4,0,354.27
12/28/89, 09:06,32870.38,1989.99,5,0,354.83
1/2/90, 12:53,32875.54,1990.004,2,0,356.41
1/12/90, 14:48,32885.62,1990.032,4,0,358.96
1/13/90, 14:22,32886.6,1990.035,4,0,355.75
1/15/90, 15:39,32888.65,1990.04,4,0,356.33
1/30/90, 14:54,32903.62,1990.081,4,0,356.74
2/1/90, 11:57,32905.5,1990.086,4,0,356.78
2/4/90, 13:45,32908.57,1990.095,2,0,357.7
2/12/90, 14:55,32916.62,1990.117,4,0,356.73
3/2/90, 15:10,32934.63,1990.166,4,7,358.77
3/5/90, 09:27,32937.39,1990.174,4,0,358.18
3/8/90, 12:49,32940.53,1990.182,4,0,357.91
3/27/90, 12:58,32959.54,1990.234,4,0,357.73
3/29/90, 16:20,32961.68,1990.24,4,0,357.4
4/4/90, 12:31,32967.52,1990.256,4,0,356.69
4/16/90, 16:01,32979.67,1990.289,4,0,357.96
4/17/90, 14:38,32980.61,1990.292,4,0,358.08
4/30/90, 11:42,32993.49,1990.327,4,0,358.25
5/1/90, 14:35,32994.61,1990.33,4,0,359.44
5/8/90, 14:57,33001.62,1990.35,4,0,358.17
5/9/90, 14:32,33002.61,1990.352,4,0,358.59
5/23/90, 15:42,33016.65,1990.391,4,0,358.38
5/24/90, 15:04,33017.63,1990.394,2,0,360.06
5/25/90, 14:10,33018.59,1990.396,4,0,359.37
6/14/90, 13:31,33038.56,1990.451,4,0,355.95
7/2/90, 12:42,33056.53,1990.5,4,0,353.74
7/3/90, 14:49,33057.62,1990.503,2,0,351.57
7/18/90, 15:44,33072.66,1990.544,4,0,350.43
7/24/90, 14:30,33078.6,1990.561,4,0,351.9
8/1/90, 14:49,33086.62,1990.583,4,0,350.3
8/15/90, 14:12,33100.59,1990.621,4,7,350.6
8/19/90, 16:00,33104.67,1990.632,4,0,347.79
8/20/90, 14:50,33105.62,1990.635,4,0,348.77
8/26/90, 18:41,33111.78,1990.651,4,0,346.54
8/29/90, 17:15,33114.72,1990.66,4,0,347.4
9/17/90, 15:44,33133.66,1990.711,3,0,349.75
9/18/90, 13:11,33134.55,1990.714,2,0,349.42
9/21/90, 14:15,33137.59,1990.722,3,0,349.63
9/27/90, 14:08,33143.59,1990.739,3,0,351.18
10/18/90, 11:27,33164.48,1990.796,8,5,356.44
10/31/90, 15:18,33177.64,1990.832,4,0,354.71
11/1/90, 09:43,33178.4,1990.834,3,0,354.08
11/2/90, 00:03,33179,1990.836,2,0,355.96
11/19/90, 14:22,33196.6,1990.884,3,0,354.64
11/20/90, 11:19,33197.47,1990.886,12,0,355.01
12/12/90, 12:55,33219.54,1990.947,4,0,356.23
12/13/90, 14:40,33220.61,1990.95,4,0,355.74
12/19/90, 11:00,33226.46,1990.966,4,0,355.08
12/29/90, 14:02,33236.58,1990.993,4,0,357.07
2/28/91, 15:40,33297.65,1991.161,3,0,358.64
3/1/91, 16:36,33298.69,1991.164,4,0,358.58
3/11/91, 09:49,33308.41,1991.19,4,0,359.65
3/13/91, 14:34,33310.61,1991.196,4,0,358.89
3/15/91, 07:06,33312.3,1991.201,16,0,360.15
3/27/91, 10:00,33324.42,1991.234,2,0,359.95
4/17/91, 14:01,33345.58,1991.292,4,0,360.06
4/18/91, 13:20,33346.56,1991.295,4,0,359.46
4/22/91, 09:39,33350.4,1991.305,4,0,359.68
5/2/91, 11:12,33360.47,1991.333,4,0,361.48
5/3/91, 16:06,33361.67,1991.336,4,0,359.28
5/20/91, 13:27,33378.56,1991.382,4,0,360.93
5/28/91, 16:28,33386.69,1991.405,12,0,359.97
6/4/91, 16:04,33393.67,1991.424,4,0,359.15
6/12/91, 16:06,33401.67,1991.446,4,0,358.48
6/19/91, 17:26,33408.73,1991.465,4,0,358.03
6/20/91, 15:37,33409.65,1991.468,4,0,354.71
6/21/91, 14:49,33410.62,1991.47,4,0,357
6/25/91, 12:45,33414.53,1991.481,4,0,356.17
7/16/91, 17:13,33435.72,1991.539,4,0,355.06
7/18/91, 15:11,33437.63,1991.544,4,0,354.17
7/23/91, 16:00,33442.67,1991.558,4,0,353
8/5/91, 15:23,33455.64,1991.594,4,0,349.61
8/26/91, 13:51,33476.58,1991.651,4,0,351.09
9/5/91, 14:32,33486.61,1991.678,4,7,352.38
9/10/91, 13:52,33491.58,1991.692,3,0,349.55
9/23/91, 16:15,33504.68,1991.728,4,0,351.24
10/4/91, 14:22,33515.6,1991.758,4,7,354.42
10/14/91, 14:29,33525.6,1991.785,2,0,354.46
10/22/91, 14:07,33533.59,1991.807,4,0,354.45
10/23/91, 15:42,33534.65,1991.81,4,0,354.59
11/14/91, 14:27,33556.6,1991.87,4,0,357.73
12/10/91, 14:39,33582.61,1991.941,2,0,357.4
1/3/92, 16:21,33606.68,1992.007,2,0,359.38
1/6/92, 13:21,33609.56,1992.015,10,0,359.42
1/15/92, 11:52,33618.49,1992.04,4,0,358.44
2/7/92, 10:06,33641.42,1992.102,6,0,358.94
2/10/92, 12:37,33644.53,1992.111,6,0,358.68
2/13/92, 09:42,33647.4,1992.119,6,0,358.58
3/3/92, 14:48,33666.62,1992.171,6,0,359.88
3/4/92, 13:26,33667.56,1992.174,6,0,359.11
3/17/92, 11:53,33680.5,1992.209,6,0,359.68
3/18/92, 14:46,33681.62,1992.212,6,0,359.46
3/30/92, 12:57,33693.54,1992.245,6,0,359.59
3/31/92, 14:13,33694.59,1992.248,6,0,359.9
4/14/92, 11:22,33708.47,1992.285,6,0,360.48
4/30/92, 12:22,33724.52,1992.329,6,0,360.77
5/1/92, 13:29,33725.56,1992.332,6,0,361.28
5/4/92, 14:59,33728.62,1992.341,6,0,361.3
5/6/92, 13:27,33730.56,1992.346,6,0,361.15
5/12/92, 13:56,33736.58,1992.362,6,0,360.66
5/19/92, 14:17,33743.6,1992.381,6,0,360.53
5/27/92, 14:32,33751.61,1992.403,6,0,360.13
6/3/92, 14:36,33758.61,1992.422,4,0,359.74
6/11/92, 14:56,33766.62,1992.444,6,0,359.23
6/26/92, 15:25,33781.64,1992.485,6,0,357.91
6/29/92, 16:23,33784.68,1992.494,6,0,357.73
7/1/92, 15:49,33786.66,1992.499,6,0,355.28
7/21/92, 15:11,33806.63,1992.554,6,0,351.91
7/23/92, 15:41,33808.65,1992.559,6,0,351.25
8/3/92, 15:46,33819.66,1992.589,6,0,352.44
8/24/92, 14:10,33840.59,1992.646,6,0,348.85
8/31/92, 15:18,33847.64,1992.666,6,0,350.17
9/9/92, 16:17,33856.68,1992.69,6,0,348.49
9/25/92, 15:12,33872.63,1992.734,5,0,352.13
10/2/92, 16:13,33879.68,1992.753,6,0,351.61
10/13/92, 10:35,33890.44,1992.783,3,5,360.56
10/19/92, 16:45,33896.7,1992.8,6,0,355.33
10/28/92, 17:56,33905.75,1992.824,6,0,355.34
10/29/92, 12:25,33906.52,1992.827,6,0,354.52
12/11/92, 15:52,33949.66,1992.944,6,0,358.62
12/18/92, 09:28,33956.39,1992.963,5,0,358.69
12/30/92, 15:43,33968.65,1992.996,6,0,358.15
1/6/93, 11:31,33975.48,1993.015,2,0,357.86
1/8/93, 16:33,33977.69,1993.021,3,0,359.69
1/11/93, 11:36,33980.48,1993.029,6,0,359.69
2/9/93, 08:58,34009.37,1993.108,6,0,359.35
2/10/93, 10:01,34010.42,1993.111,6,0,359.91
2/16/93, 12:26,34016.52,1993.127,6,0,359.75
2/24/93, 09:39,34024.4,1993.149,6,0,359.96
3/3/93, 15:42,34031.65,1993.169,6,0,360.52
3/15/93, 11:16,34043.47,1993.201,6,0,359.07
3/24/93, 13:08,34052.55,1993.226,6,0,359.6
3/26/93, 14:57,34054.62,1993.232,6,0,361.19
4/12/93, 14:25,34071.6,1993.278,6,0,360.71
4/15/93, 15:24,34074.64,1993.287,5,0,361.49
4/22/93, 12:43,34081.53,1993.306,6,0,361.59
5/6/93, 18:48,34095.78,1993.345,6,0,363.04
5/11/93, 14:48,34100.62,1993.358,6,0,361.62
5/18/93, 13:30,34107.56,1993.377,6,0,362.28
5/20/93, 14:36,34109.61,1993.382,6,0,361.82
5/24/93, 12:29,34113.52,1993.393,5,0,360.89
6/1/93, 15:48,34121.66,1993.416,6,0,361.33
6/2/93, 14:33,34122.61,1993.418,6,0,360.82
6/21/93, 13:04,34141.54,1993.47,6,0,359.56
6/29/93, 15:30,34149.65,1993.492,6,0,357.45
7/1/93, 15:13,34151.63,1993.498,6,0,357.18
7/8/93, 16:53,34158.7,1993.517,6,0,357.11
7/12/93, 18:50,34162.78,1993.528,6,0,354.54
7/13/93, 17:11,34163.72,1993.531,6,0,353.36
7/15/93, 14:29,34165.6,1993.536,6,0,352.12
7/16/93, 16:15,34166.68,1993.539,6,5,350.73
7/26/93, 15:25,34176.64,1993.566,6,0,354.87
8/12/93, 19:11,34193.8,1993.613,6,0,351.64
8/13/93, 14:30,34194.6,1993.615,6,0,351.97
8/27/93, 18:31,34208.77,1993.654,6,0,349.61
8/31/93, 13:46,34212.57,1993.665,5,0,350.27
9/1/93, 11:26,34213.48,1993.667,6,0,349.44
9/13/93, 14:51,34225.62,1993.7,6,0,352.44
10/6/93, 11:15,34248.47,1993.763,6,0,353.95
10/12/93, 16:08,34254.67,1993.78,6,0,355.31
10/15/93, 16:31,34257.69,1993.788,6,0,354.02
10/18/93, 13:55,34260.58,1993.796,3,0,357.87
11/11/93, 09:38,34284.4,1993.861,6,0,356.2
11/12/93, 14:20,34285.6,1993.865,6,0,357.4
11/30/93, 10:10,34303.42,1993.913,6,0,357.93
12/15/93, 09:10,34318.38,1993.954,6,0,359.88
1/24/94, 15:40,34358.65,1994.065,6,0,359.98
1/25/94, 09:29,34359.4,1994.067,6,0,361.16
2/5/94, 14:48,34370.62,1994.098,5,0,362.61
2/8/94, 09:35,34373.4,1994.105,6,0,360.71
2/17/94, 18:20,34382.76,1994.131,6,0,360.83
3/11/94, 09:32,34404.4,1994.19,6,0,360.9
3/22/94, 10:02,34415.42,1994.22,6,0,362.61
3/23/94, 11:46,34416.49,1994.223,4,0,362.73
3/30/94, 12:22,34423.52,1994.243,6,0,362.2
4/4/94, 16:29,34428.69,1994.257,6,0,362.67
4/7/94, 14:48,34431.62,1994.265,6,0,361.91
4/18/94, 12:52,34442.54,1994.295,6,0,362.48
4/25/94, 13:51,34449.58,1994.314,3,0,364.69
4/26/94, 10:23,34450.43,1994.316,6,0,363.9
4/29/94, 16:23,34453.68,1994.325,6,0,361.98
5/6/94, 14:37,34460.61,1994.344,6,0,363.93
5/17/94, 10:00,34471.42,1994.374,6,0,363.76
5/18/94, 17:51,34472.74,1994.377,6,0,364.67
5/19/94, 13:28,34473.56,1994.38,6,0,361.88
5/31/94, 13:47,34485.57,1994.413,6,0,363.07
6/7/94, 14:18,34492.6,1994.432,6,0,363.04
6/13/94, 15:40,34498.65,1994.448,6,0,361.98
6/15/94, 14:01,34500.58,1994.454,5,0,362.03
6/22/94, 16:53,34507.7,1994.473,6,0,359.7
7/6/94, 18:37,34521.78,1994.512,6,0,358.01
7/11/94, 00:00,34526,1994.523,2,0,358.6
7/13/94, 14:27,34528.6,1994.53,3,0,356.39
7/19/94, 14:47,34534.62,1994.547,6,0,356.68
8/2/94, 14:33,34548.61,1994.585,4,0,354.36
8/24/94, 16:14,34570.68,1994.646,5,0,352.6
8/25/94, 14:50,34571.62,1994.648,5,0,351.79
8/30/94, 18:07,34576.75,1994.662,5,0,352.95
9/7/94, 14:53,34584.62,1994.684,4,0,352.68
9/12/94, 16:21,34589.68,1994.698,6,0,351.79
10/12/94, 16:36,34619.69,1994.78,6,0,357.04
10/13/94, 09:38,34620.4,1994.782,12,0,357.13
10/25/94, 17:32,34632.73,1994.816,6,0,357.35
11/2/94, 10:55,34640.45,1994.837,6,0,358.37
11/8/94, 15:38,34646.65,1994.854,5,0,358.81
11/18/94, 09:41,34656.4,1994.881,5,0,360.62
12/6/94, 13:44,34674.57,1994.93,6,0,362.92
12/7/94, 09:14,34675.38,1994.933,4,0,361.44
12/13/94, 13:52,34681.58,1994.95,6,0,362.49
1/3/95, 15:41,34702.65,1995.007,6,0,361.45
1/5/95, 14:25,34704.6,1995.013,6,0,361.99
1/26/95, 09:25,34725.39,1995.07,6,0,362.73
2/8/95, 14:33,34738.61,1995.106,5,0,362.77
2/15/95, 15:54,34745.66,1995.125,6,0,362.51
3/1/95, 16:39,34759.69,1995.164,6,0,362.12
3/13/95, 17:17,34771.72,1995.196,6,0,363.57
3/21/95, 16:51,34779.7,1995.218,6,0,364.19
3/23/95, 13:01,34781.54,1995.223,5,0,364.22
4/7/95, 16:04,34796.67,1995.265,5,0,363.58
4/16/95, 13:45,34805.57,1995.289,5,0,365.51
4/20/95, 12:15,34809.51,1995.3,6,0,365.4
4/27/95, 16:49,34816.7,1995.32,6,0,364.47
5/2/95, 15:53,34821.66,1995.333,6,0,364.59
5/15/95, 14:16,34834.59,1995.369,6,0,365.55
5/23/95, 10:37,34842.44,1995.39,6,0,363.21
5/25/95, 15:27,34844.64,1995.396,6,0,363.32
6/8/95, 15:08,34858.63,1995.435,6,0,363.97
6/13/95, 15:20,34863.64,1995.448,5,0,364.44
6/15/95, 15:28,34865.64,1995.454,3,0,363.67
6/30/95, 17:51,34880.74,1995.495,6,0,361.43
7/3/95, 13:26,34883.56,1995.503,5,0,360.78
7/11/95, 16:15,34891.68,1995.525,6,0,359.62
7/19/95, 17:12,34899.72,1995.547,6,0,358.25
8/15/95, 14:02,34926.58,1995.621,6,0,354.66
8/21/95, 17:28,34932.73,1995.638,6,0,353.08
8/22/95, 16:31,34933.69,1995.64,6,0,353.86
9/26/95, 15:11,34968.63,1995.736,6,0,357.75
9/27/95, 16:38,34969.69,1995.739,5,0,357.84
10/5/95, 16:18,34977.68,1995.761,6,0,358.55
10/13/95, 13:31,34985.56,1995.782,12,4,374.89
10/16/95, 16:31,34988.69,1995.791,6,0,358.38
10/30/95, 12:10,35002.51,1995.829,6,0,361.09
11/10/95, 15:02,35013.63,1995.859,6,0,360.48
1/17/96, 07:49,35081.33,1996.045,7,0,364.53
1/18/96, 16:59,35082.71,1996.048,4,0,364.88
1/22/96, 09:36,35086.4,1996.058,6,0,364.56
2/1/96, 13:11,35096.55,1996.086,6,0,363.37
2/2/96, 14:53,35097.62,1996.089,6,0,365.31
2/22/96, 13:58,35117.58,1996.144,6,0,365.91
2/26/96, 12:40,35121.53,1996.154,6,0,366.03
3/5/96, 12:30,35129.52,1996.176,12,0,365.59
3/11/96, 16:40,35135.69,1996.193,6,0,365.16
3/22/96, 14:02,35146.58,1996.223,6,0,366.53
4/1/96, 16:28,35156.69,1996.251,6,0,366.1
4/16/96, 18:10,35171.76,1996.292,6,0,366.48
5/3/96, 15:34,35188.65,1996.338,12,0,367.61
5/7/96, 16:24,35192.68,1996.349,6,0,364.91
5/9/96, 12:11,35194.51,1996.354,6,0,367.26
5/22/96, 08:10,35207.34,1996.389,5,0,367.48
5/30/96, 14:16,35215.59,1996.411,6,4,367.28
6/6/96, 15:27,35222.64,1996.431,6,0,366.43
6/12/96, 14:37,35228.61,1996.447,6,0,365.84
6/24/96, 14:14,35240.59,1996.48,6,0,363.56
6/26/96, 13:09,35242.55,1996.485,6,0,363.05
7/8/96, 16:55,35254.7,1996.518,6,0,360.58
8/5/96, 17:46,35282.74,1996.595,6,0,358.47
8/21/96, 15:46,35298.66,1996.638,6,0,356.8
9/4/96, 16:19,35312.68,1996.677,6,0,356.25
9/5/96, 13:25,35313.56,1996.679,4,0,356.45
9/12/96, 14:15,35320.59,1996.698,6,0,357.1
9/13/96, 14:02,35321.58,1996.701,6,0,355.81
9/26/96, 18:16,35334.76,1996.737,6,0,359.55
10/19/96, 14:20,35357.6,1996.799,11,0,360.82
10/25/96, 18:04,35363.75,1996.816,6,0,361.38
10/31/96, 16:57,35369.71,1996.833,5,0,361.61
11/15/96, 15:03,35384.63,1996.873,6,0,363.61
11/22/96, 10:34,35391.44,1996.892,6,0,362.73
11/27/96, 14:04,35396.59,1996.906,6,0,364.1
1/3/97, 14:12,35433.59,1997.007,9,0,364.46
1/7/97, 16:15,35437.68,1997.018,5,0,365.93
1/13/97, 15:14,35443.63,1997.035,6,0,365.96
1/21/97, 16:26,35451.68,1997.057,5,0,365.43
2/17/97, 16:30,35478.69,1997.131,6,0,365.9
2/27/97, 14:48,35488.62,1997.158,6,0,367.14
3/12/97, 15:00,35501.62,1997.193,6,0,367
3/27/97, 11:29,35516.48,1997.234,6,0,366.69
3/31/97, 15:52,35520.66,1997.246,21,0,367.82
4/4/97, 16:41,35524.7,1997.257,5,0,367.31
4/9/97, 17:39,35529.74,1997.271,10,0,368.82
4/11/97, 13:47,35531.57,1997.276,11,0,367.83
4/22/97, 16:26,35542.68,1997.306,6,0,367.83
4/29/97, 15:32,35549.65,1997.325,6,0,368.11
5/19/97, 14:14,35569.59,1997.38,6,0,367.81
5/22/97, 13:47,35572.57,1997.388,6,0,368.53
5/30/97, 13:42,35580.57,1997.41,6,0,368.12
6/2/97, 14:25,35583.6,1997.418,5,0,366.99
6/4/97, 13:44,35585.57,1997.423,6,0,367.19
6/10/97, 17:24,35591.72,1997.44,6,0,366.28
6/17/97, 16:36,35598.69,1997.459,6,0,365.46
6/23/97, 15:19,35604.64,1997.476,6,0,364.7
6/30/97, 17:38,35611.73,1997.495,6,0,363.76
7/2/97, 18:10,35613.76,1997.501,6,0,362.16
7/8/97, 11:53,35619.5,1997.516,6,0,362.5
7/16/97, 16:32,35627.69,1997.539,6,0,360.71
7/18/97, 16:10,35629.67,1997.544,6,0,359.34
7/26/97, 14:46,35637.62,1997.566,5,0,360.92
8/10/97, 16:14,35652.68,1997.607,6,0,357.25
8/11/97, 14:12,35653.59,1997.61,6,0,357.21
8/28/97, 14:32,35670.61,1997.656,6,0,356.62
9/7/97, 17:50,35680.74,1997.684,5,0,358.67
9/9/97, 16:12,35682.67,1997.69,6,0,358.23
9/19/97, 15:49,35692.66,1997.717,23,0,358.36
10/7/97, 12:26,35710.52,1997.766,2,0,360.41
10/10/97, 13:17,35713.55,1997.774,6,0,360.22
10/16/97, 11:20,35719.47,1997.79,6,8,387.68
10/23/97, 15:26,35726.64,1997.81,6,0,362.6
11/11/97, 13:26,35745.56,1997.862,6,0,364.21
11/14/97, 08:18,35748.35,1997.869,6,0,364.35
12/7/97, 14:41,35771.61,1997.933,6,0,365.44
12/8/97, 15:31,35772.65,1997.936,6,0,366.66
1/10/98, 11:43,35805.49,1998.026,6,0,366.01
1/13/98, 15:22,35808.64,1998.035,6,0,367.55
1/29/98, 14:14,35824.59,1998.078,6,0,367.27
2/4/98, 13:43,35830.57,1998.095,6,0,367.98
2/11/98, 17:16,35837.72,1998.114,2,0,368.94
2/13/98, 15:36,35839.65,1998.12,6,0,367.31
2/17/98, 17:17,35843.72,1998.131,6,0,368.36
3/26/98, 10:06,35880.42,1998.231,12,0,368.41
4/3/98, 14:13,35888.59,1998.254,12,0,369.82
4/6/98, 09:39,35891.4,1998.261,6,0,370.1
4/14/98, 16:52,35899.7,1998.284,6,0,371.24
4/23/98, 14:43,35908.61,1998.309,6,0,370.07
5/6/98, 13:02,35921.54,1998.344,6,0,369.94
5/8/98, 13:56,35923.58,1998.35,6,0,369.32
5/13/98, 14:50,35928.62,1998.363,6,0,371.26
5/22/98, 13:26,35937.56,1998.388,6,0,370.61
6/2/98, 14:16,35948.59,1998.418,6,0,369.83
6/4/98, 11:13,35950.47,1998.423,6,0,367.92
6/9/98, 16:26,35955.68,1998.437,5,0,366.17
6/12/98, 18:03,35958.75,1998.446,6,0,368.42
6/29/98, 14:51,35975.62,1998.492,6,0,364.05
7/9/98, 15:23,35985.64,1998.52,6,0,365.56
7/24/98, 14:37,36000.61,1998.561,3,0,365.23
7/27/98, 14:16,36003.59,1998.569,6,0,362.11
7/29/98, 14:55,36005.62,1998.574,6,0,363.46
8/25/98, 12:35,36032.52,1998.648,6,0,360.4
9/11/98, 16:15,36049.68,1998.695,6,0,362.77
9/21/98, 11:59,36059.5,1998.722,5,0,361.9
9/23/98, 10:22,36061.43,1998.727,6,0,362.18
10/8/98, 16:20,36076.68,1998.769,6,0,364.57
10/16/98, 14:52,36084.62,1998.791,11,0,367.01
10/29/98, 15:36,36097.65,1998.826,6,0,366.94
12/2/98, 14:23,36131.6,1998.919,5,0,369.96
12/4/98, 09:11,36133.38,1998.924,6,0,369.52
12/14/98, 11:55,36143.5,1998.952,6,0,370.12
1/21/99, 08:40,36181.36,1999.056,4,0,369
1/26/99, 14:51,36186.62,1999.07,6,0,370.25
2/5/99, 15:39,36196.65,1999.098,5,0,372.4
2/8/99, 15:50,36199.66,1999.106,6,0,371.37
2/25/99, 15:54,36216.66,1999.152,3,0,370.76
3/3/99, 17:12,36222.72,1999.169,4,0,371.03
3/8/99, 13:54,36227.58,1999.182,6,0,372.38
3/10/99, 14:15,36229.59,1999.188,5,0,372.01
3/19/99, 14:57,36238.62,1999.213,6,0,371.29
3/31/99, 14:47,36250.62,1999.246,6,0,372.63
4/7/99, 14:51,36257.62,1999.265,6,0,373.55
4/12/99, 13:11,36262.55,1999.278,6,0,372.93
4/20/99, 15:47,36270.66,1999.3,5,0,373.75
4/28/99, 14:43,36278.61,1999.322,6,0,374.63
4/29/99, 13:44,36279.57,1999.325,2,0,372.62
5/10/99, 16:14,36290.68,1999.355,6,0,374.7
5/19/99, 13:27,36299.56,1999.38,6,0,373.16
6/2/99, 11:21,36313.47,1999.418,6,0,371.77
6/4/99, 13:31,36315.56,1999.423,6,0,370.52
6/16/99, 14:54,36327.62,1999.456,6,0,372.11
6/22/99, 15:53,36333.66,1999.473,6,0,369.53
7/7/99, 13:41,36348.57,1999.514,6,0,365.33
7/16/99, 13:58,36357.58,1999.539,6,0,366.44
7/21/99, 13:59,36362.58,1999.552,6,0,363.05
7/28/99, 13:31,36369.56,1999.571,6,0,363
8/10/99, 16:17,36382.68,1999.607,6,0,364.72
8/13/99, 16:01,36385.67,1999.616,5,0,362.88
9/3/99, 14:59,36406.62,1999.673,5,0,359.49
9/8/99, 16:21,36411.68,1999.687,6,0,361.59
10/6/99, 12:38,36439.53,1999.763,19,0,364.71
10/15/99, 15:56,36448.66,1999.788,6,0,366.38
11/16/99, 13:42,36480.57,1999.876,6,0,367.89
11/17/99, 13:29,36481.56,1999.878,6,0,369.07
12/10/99, 10:51,36504.45,1999.941,6,0,370.58
12/31/99, 16:28,36525.69,1999.999,6,0,369.84
1/21/00, 10:24,36546.43,2000.056,6,0,370.32
2/9/00, 13:38,36565.57,2000.108,6,0,372.64
2/11/00, 14:58,36567.62,2000.114,6,0,372.09
2/16/00, 17:14,36572.72,2000.128,4,0,371.94
2/22/00, 13:54,36578.58,2000.144,5,0,372.61
2/28/00, 10:23,36584.43,2000.16,6,0,373.02
3/20/00, 13:45,36605.57,2000.217,6,0,374.42
3/28/00, 12:48,36613.53,2000.239,5,0,372.95
4/10/00, 13:22,36626.56,2000.275,6,0,372.94
4/14/00, 14:58,36630.62,2000.286,6,0,373.83
4/28/00, 13:58,36644.58,2000.324,6,0,375.24
5/3/00, 13:09,36649.55,2000.338,6,0,375.33
5/8/00, 12:23,36654.52,2000.351,6,0,373.76
5/25/00, 13:00,36671.54,2000.398,6,0,373.27
5/26/00, 14:01,36672.58,2000.401,6,0,374.42
6/5/00, 13:37,36682.57,2000.428,6,0,372.13
6/8/00, 12:50,36685.53,2000.436,5,0,372.96
6/16/00, 14:37,36693.61,2000.458,6,0,371.95
6/23/00, 15:34,36700.65,2000.477,6,0,369.59
7/2/00, 16:28,36709.69,2000.502,6,0,369.18
7/5/00, 13:30,36712.56,2000.51,6,0,367.37
7/14/00, 13:27,36721.56,2000.534,6,0,365.96
8/7/00, 16:15,36745.68,2000.6,6,0,363.98
8/14/00, 14:47,36752.62,2000.619,5,0,362.66
8/18/00, 15:47,36756.66,2000.63,6,0,360.39
8/21/00, 18:43,36759.78,2000.639,6,0,362.51
8/30/00, 14:30,36768.6,2000.663,6,0,362.6
9/5/00, 15:27,36774.64,2000.679,6,0,362.36
9/18/00, 13:21,36787.56,2000.715,6,8,372.22
10/4/00, 14:13,36803.59,2000.758,6,0,367.54
10/10/00, 10:13,36809.43,2000.774,6,0,367.39
10/26/00, 16:00,36825.67,2000.819,6,0,368.79
11/9/00, 13:16,36839.55,2000.857,6,0,370.28
12/7/00, 16:05,36867.67,2000.934,6,0,370.98
12/12/00, 11:56,36872.5,2000.947,6,0,371.47
1/8/01, 17:46,36899.74,2001.021,6,0,372.15
2/7/01, 08:25,36929.35,2001.102,6,0,373.9
2/22/01, 14:48,36944.62,2001.144,5,0,373.25
2/27/01, 15:22,36949.64,2001.158,6,0,374.73
3/7/01, 14:05,36957.59,2001.18,6,0,375.16
3/23/01, 14:28,36973.6,2001.224,6,0,373.82
3/26/01, 10:47,36976.45,2001.231,6,0,374.46
4/2/01, 15:03,36983.63,2001.251,6,0,375.92
4/6/01, 15:51,36987.66,2001.262,6,0,375.04
5/4/01, 14:20,37015.6,2001.339,6,0,376.76
5/17/01, 16:45,37028.7,2001.375,6,0,376.05
5/25/01, 16:50,37036.7,2001.396,6,0,376.36
5/29/01, 14:38,37040.61,2001.407,10,0,376.18
6/4/01, 14:12,37046.59,2001.424,6,0,375.79
6/11/01, 15:18,37053.64,2001.443,6,0,374.52
6/13/01, 15:53,37055.66,2001.448,6,0,373.32
6/19/01, 13:47,37061.57,2001.465,6,0,372.48
6/27/01, 14:55,37069.62,2001.487,6,0,370.72
7/13/01, 16:16,37085.68,2001.531,6,0,367.99
7/16/01, 16:05,37088.67,2001.539,6,0,366.79
7/24/01, 13:05,37096.55,2001.56,6,0,364.6
8/10/01, 14:31,37113.61,2001.607,6,0,365.28
9/6/01, 14:47,37140.62,2001.681,3,0,363.88
9/7/01, 13:19,37141.55,2001.684,4,0,363.27
10/12/01, 13:47,37176.57,2001.78,12,8,375.11
10/31/01, 16:19,37195.68,2001.832,6,0,370.08
11/30/01, 15:17,37225.64,2001.914,6,0,373.65
12/9/01, 15:55,37234.66,2001.939,6,0,372.93
12/14/01, 16:21,37239.68,2001.953,6,0,374.01
12/20/01, 17:30,37245.73,2001.969,6,0,373.08
1/9/02, 14:12,37265.59,2002.024,5,0,374.4
1/22/02, 09:56,37278.41,2002.059,6,0,375.71
1/28/02, 15:46,37284.66,2002.076,6,0,375.47
2/17/02, 17:24,37304.73,2002.131,6,0,375.27
3/6/02, 15:03,37321.63,2002.177,6,0,376.11
3/15/02, 18:09,37330.76,2002.202,3,0,377.17
3/22/02, 17:13,37337.72,2002.221,6,0,377.04
3/27/02, 14:08,37342.59,2002.234,4,0,376.83
4/4/02, 14:24,37350.6,2002.256,3,0,375.7
4/8/02, 15:39,37354.65,2002.268,6,0,375.36
4/25/02, 13:39,37371.57,2002.314,6,0,376.93
4/29/02, 16:21,37375.68,2002.325,6,0,377.2
5/1/02, 15:49,37377.66,2002.331,6,0,376.6
5/13/02, 14:40,37389.61,2002.363,6,0,377.31
5/16/02, 14:46,37392.62,2002.372,5,0,378.19
6/3/02, 14:21,37410.6,2002.421,5,0,375
6/10/02, 15:43,37417.65,2002.44,6,0,376.05
6/21/02, 13:09,37428.55,2002.47,6,0,373.15
6/26/02, 14:41,37433.61,2002.484,6,0,372.35
7/12/02, 17:46,37449.74,2002.528,6,0,371.19
7/16/02, 15:09,37453.63,2002.539,6,0,370.97
7/24/02, 14:00,37461.58,2002.561,6,0,369.04
7/30/02, 16:43,37467.7,2002.577,7,0,368.49
8/6/02, 15:58,37474.67,2002.596,6,0,364.96
9/9/02, 14:35,37508.61,2002.689,6,0,367.61
9/30/02, 14:52,37529.62,2002.747,5,0,369.82
10/11/02, 14:33,37540.61,2002.777,6,0,371.38
10/16/02, 11:48,37545.49,2002.79,6,0,371.48
10/29/02, 16:00,37558.67,2002.826,6,0,372.45
11/9/02, 12:28,37569.52,2002.856,3,0,372.72
12/17/02, 09:18,37607.39,2002.96,6,0,376.06
12/29/02, 14:37,37619.61,2002.993,6,0,376.9
2/7/03, 14:18,37659.6,2003.103,4,0,378.14
2/14/03, 12:15,37666.51,2003.122,6,0,378.1
2/25/03, 16:16,37677.68,2003.153,6,0,378.05
3/4/03, 13:41,37684.57,2003.171,6,0,377.21
3/18/03, 15:18,37698.64,2003.21,6,0,379.26
4/1/03, 14:57,37712.62,2003.248,5,0,378.9
4/10/03, 14:39,37721.61,2003.273,6,0,379.56
4/17/03, 15:52,37728.66,2003.292,6,0,380.67
4/24/03, 14:53,37735.62,2003.311,6,0,380.95
5/1/03, 14:00,37742.58,2003.33,5,0,381
5/14/03, 13:46,37755.57,2003.366,6,0,379.24
6/4/03, 14:02,37776.58,2003.424,6,0,380.1
6/12/03, 14:22,37784.6,2003.445,6,0,378.85
6/24/03, 12:20,37796.51,2003.478,6,0,376.74
7/9/03, 14:05,37811.59,2003.519,6,0,373.57
7/28/03, 16:38,37830.69,2003.572,6,0,371.92
8/8/03, 15:51,37841.66,2003.602,6,0,369.49
8/26/03, 15:32,37859.65,2003.651,6,0,369.15
8/29/03, 14:21,37862.6,2003.659,6,0,367.54
9/9/03, 15:55,37873.66,2003.689,6,0,368.02
9/17/03, 13:47,37881.57,2003.711,5,0,369.82
10/14/03, 11:46,37908.49,2003.785,12,8,383.91
10/30/03, 16:20,37924.68,2003.829,6,0,376.06
10/31/03, 10:26,37925.43,2003.831,6,0,375.42
11/16/03, 10:06,37941.42,2003.875,6,0,377.52
12/10/03, 15:47,37965.66,2003.942,6,0,379.38
12/11/03, 09:24,37966.39,2003.944,6,0,377.97
12/26/03, 11:04,37981.46,2003.985,6,0,379.29
1/25/04, 12:00,38011.5,2004.067,4,5,383.02
1/31/04, 11:02,38017.46,2004.083,5,0,380.52
2/2/04, 17:27,38019.73,2004.089,6,0,379.93
2/18/04, 17:34,38035.73,2004.133,6,0,380.43
2/26/04, 13:04,38043.54,2004.154,6,0,380.6
3/24/04, 14:34,38070.61,2004.228,6,0,381.64
3/26/04, 09:43,38072.4,2004.233,5,0,381.05
4/5/04, 13:49,38082.58,2004.261,6,0,381.58
4/13/04, 16:25,38090.68,2004.283,6,0,381.62
4/15/04, 14:44,38092.61,2004.289,6,0,381.88
4/20/04, 12:56,38097.54,2004.302,5,0,382.1
5/5/04, 15:29,38112.65,2004.343,6,0,382.37
5/11/04, 16:34,38118.69,2004.36,6,0,383.06
5/21/04, 14:16,38128.59,2004.387,5,0,381.7
5/26/04, 10:42,38133.45,2004.4,6,0,379.95
6/2/04, 15:30,38140.65,2004.42,5,0,381.6
6/9/04, 15:44,38147.66,2004.439,6,0,380.52
6/17/04, 14:32,38155.61,2004.461,6,0,378.57
6/30/04, 12:39,38168.53,2004.496,5,0,377.71
7/27/04, 12:03,38195.5,2004.57,6,0,375.06
7/28/04, 14:20,38196.6,2004.573,6,0,373.42
8/2/04, 14:16,38201.59,2004.586,4,0,370.48
8/26/04, 14:54,38225.62,2004.652,6,0,369.82
9/14/04, 17:52,38244.74,2004.704,6,0,370.37
10/10/04, 13:45,38270.57,2004.775,6,0,375.38
10/26/04, 13:58,38286.58,2004.819,6,0,376.59
12/21/04, 13:12,38342.55,2004.971,6,0,380.45
12/29/04, 13:49,38350.58,2004.993,6,4,384.64
12/30/04, 16:24,38351.68,2004.996,6,0,380.94
1/11/05, 12:00,38363.5,2005.029,6,8,382.4
1/26/05, 15:30,38378.65,2005.07,12,0,380.14
1/27/05, 14:05,38379.59,2005.073,6,0,380.85
2/7/05, 15:03,38390.63,2005.103,5,0,382.18
3/4/05, 11:10,38415.47,2005.171,6,0,381.83
3/23/05, 11:56,38434.5,2005.223,12,0,383.5
4/7/05, 15:35,38449.65,2005.265,6,0,384.03
4/19/05, 15:15,38461.64,2005.298,6,0,384.38
4/25/05, 17:06,38467.71,2005.314,6,0,382.32
5/3/05, 13:33,38475.56,2005.336,6,0,384.11
5/9/05, 14:49,38481.62,2005.352,6,0,383.93
6/7/05, 13:13,38510.55,2005.432,6,0,383.09
6/18/05, 14:30,38521.6,2005.462,6,0,382.27
7/5/05, 15:34,38538.65,2005.509,6,0,378.73
7/15/05, 15:57,38548.66,2005.536,6,0,376.58
7/28/05, 13:43,38561.57,2005.571,6,0,375.03
8/5/05, 13:52,38569.58,2005.593,6,0,373.06
8/30/05, 12:40,38594.53,2005.662,4,0,372.09
9/7/05, 16:32,38602.69,2005.684,6,0,373.11
10/3/05, 14:40,38628.61,2005.755,3,0,376.65
10/18/05, 12:00,38643.5,2005.796,1,4,382.11
10/27/05, 17:29,38652.73,2005.821,6,0,379
11/3/05, 12:56,38659.54,2005.84,6,0,378.57
12/22/05, 11:49,38708.49,2005.974,6,0,382.89
1/24/06, 13:35,38741.57,2006.065,2,8,385.12
1/25/06, 14:43,38742.61,2006.067,6,0,384.52
1/31/06, 14:23,38748.6,2006.084,6,0,384.73
2/15/06, 16:49,38763.7,2006.125,6,0,385.39
3/3/06, 12:08,38779.51,2006.169,5,0,385.64
3/7/06, 11:09,38783.46,2006.179,6,0,385.87
3/15/06, 15:46,38791.66,2006.202,6,8,387.16
3/17/06, 16:31,38793.69,2006.207,6,0,386.19
3/29/06, 13:12,38805.55,2006.24,6,0,385.88
4/6/06, 14:40,38813.61,2006.262,6,0,385.86
4/21/06, 16:35,38828.69,2006.303,5,0,386.5
4/26/06, 10:45,38833.45,2006.316,1,4,386.52
5/4/06, 13:55,38841.58,2006.339,6,0,386.14
5/22/06, 14:21,38859.6,2006.388,6,0,387.19
6/1/06, 15:26,38869.64,2006.415,6,0,385.86
6/9/06, 12:31,38877.52,2006.437,6,0,385.78
6/12/06, 15:46,38880.66,2006.446,6,0,383.84
7/13/06, 13:20,38911.56,2006.53,5,0,382.15
7/17/06, 16:51,38915.7,2006.542,5,0,381.34
7/31/06, 16:02,38929.67,2006.58,6,8,382.08
8/1/06, 11:15,38930.47,2006.582,6,8,379.16
8/3/06, 15:15,38932.64,2006.588,6,0,377.12
8/24/06, 11:00,38953.46,2006.645,12,8,377.96
9/13/06, 15:00,38973.62,2006.7,6,0,376.74
10/6/06, 15:28,38996.64,2006.763,6,0,378.55
10/10/06, 14:30,39000.6,2006.774,1,4,383.01
10/17/06, 14:52,39007.62,2006.793,6,0,380.29
11/9/06, 14:16,39030.59,2006.856,6,0,383.29
11/27/06, 15:52,39048.66,2006.906,6,0,383.36
1/11/07, 15:57,39093.66,2007.029,6,0,386.15
2/12/07, 14:02,39125.58,2007.117,6,0,386.5
2/13/07, 16:32,39126.69,2007.12,6,0,386.92
2/23/07, 13:35,39136.57,2007.147,6,0,387.07
2/28/07, 13:14,39141.55,2007.16,6,0,387.17
3/27/07, 13:04,39168.54,2007.234,6,0,387.94
4/9/07, 10:15,39181.43,2007.27,4,0,388.73
4/12/07, 13:17,39184.55,2007.278,6,0,389.27
5/2/07, 13:56,39204.58,2007.333,6,0,389.13
5/4/07, 15:44,39206.66,2007.339,6,0,388.36
5/15/07, 16:30,39217.69,2007.369,5,5,385.66
5/21/07, 16:00,39223.67,2007.385,2,0,388.57
6/7/07, 15:49,39240.66,2007.432,6,0,388.15
6/15/07, 15:37,39248.65,2007.454,5,0,386.31
6/18/07, 16:30,39251.69,2007.462,6,0,384.54
6/28/07, 15:55,39261.66,2007.489,6,0,384.05
7/17/07, 16:35,39280.69,2007.542,6,0,380.92
8/7/07, 15:32,39301.65,2007.599,6,0,377.58
8/29/07, 11:12,39323.47,2007.659,5,0,379.41
9/6/07, 16:27,39331.69,2007.681,6,0,377.6
9/18/07, 15:35,39343.65,2007.714,4,0,380.21
9/20/07, 14:47,39345.62,2007.719,6,0,378.12
10/12/07, 14:23,39367.6,2007.78,5,0,381.69
12/7/07, 15:13,39423.63,2007.933,6,0,385.81
1/22/08, 16:55,39469.7,2008.059,5,0,388.52
2/19/08, 15:39,39497.65,2008.136,6,0,388.4
4/2/08, 16:25,39540.68,2008.253,5,0,390.02
5/6/08, 14:56,39574.62,2008.346,6,0,390.63
5/7/08, 16:05,39575.67,2008.349,6,0,390.23
5/27/08, 15:43,39595.65,2008.403,6,0,389.67
5/28/08, 15:39,39596.65,2008.406,4,0,389.46
6/11/08, 15:46,39610.66,2008.444,6,0,389.36
7/11/08, 15:49,39640.66,2008.526,6,0,382.79
7/28/08, 16:16,39657.68,2008.573,6,0,379.79
8/7/08, 15:50,39667.66,2008.6,3,0,376.77
8/20/08, 15:12,39680.63,2008.636,6,0,380.67
8/21/08, 15:23,39681.64,2008.638,4,0,380.86
10/11/08, 17:33,39732.73,2008.778,6,0,382.83
11/4/08, 14:38,39756.61,2008.843,6,0,386.14
12/8/08, 15:34,39790.65,2008.936,6,0,389.42
12/19/08, 17:08,39801.71,2008.966,6,0,390.24
12/22/08, 15:03,39804.63,2008.974,5,0,387.66
1/26/09, 11:48,39839.49,2009.07,6,0,389
2/9/09, 17:29,39853.73,2009.109,6,0,390.88
2/25/09, 17:06,39869.71,2009.153,5,0,390.25
3/12/09, 16:55,39884.7,2009.194,6,0,391.67
3/26/09, 15:52,39898.66,2009.232,6,0,390.95
4/8/09, 12:49,39911.53,2009.267,6,0,392.2
4/24/09, 14:16,39927.59,2009.311,6,0,391.15
5/26/09, 16:16,39959.68,2009.399,6,0,391.61
6/4/09, 09:18,39968.39,2009.423,10,0,391.42
6/8/09, 16:00,39972.67,2009.435,6,0,389.88
6/17/09, 13:44,39981.57,2009.459,6,0,387.68
8/18/09, 16:50,40043.7,2009.629,6,0,379.84
8/19/09, 18:28,40044.77,2009.632,9,0,380.11
8/20/09, 12:53,40045.54,2009.634,2,0,379.96
8/21/09, 12:43,40046.53,2009.637,4,0,381.21
8/22/09, 12:33,40047.52,2009.64,3,0,381.02
8/23/09, 09:08,40048.38,2009.642,5,5,383.72
9/15/09, 16:21,40071.68,2009.706,6,0,379.27
10/5/09, 15:18,40091.64,2009.761,6,0,382.62
10/13/09, 12:54,40099.54,2009.782,12,0,383.38
11/6/09, 16:30,40123.69,2009.848,6,0,385.69
12/2/09, 16:34,40149.69,2009.92,6,0,390.99
12/22/09, 15:52,40169.66,2009.974,6,0,390.94
1/19/10, 16:37,40197.69,2010.051,6,0,390.94
2/19/10, 16:12,40228.67,2010.136,5,0,391.05
3/2/10, 17:03,40239.71,2010.166,6,0,392.38
3/8/10, 16:45,40245.7,2010.183,6,0,392.44
3/25/10, 15:46,40262.66,2010.229,6,0,392.36
4/5/10, 17:35,40273.73,2010.26,6,0,394.53
4/20/10, 15:32,40288.65,2010.3,6,0,393.98
4/28/10, 16:17,40296.68,2010.322,6,0,394.68
5/10/10, 15:19,40308.64,2010.355,6,0,394.23
5/18/10, 14:39,40316.61,2010.377,6,0,394.29
5/27/10, 13:19,40325.55,2010.402,10,0,394.59
5/28/10, 09:03,40326.38,2010.404,14,4,395.46
6/10/10, 16:26,40339.68,2010.44,6,0,394.31
6/16/10, 14:49,40345.62,2010.456,6,0,391.58
7/7/10, 09:11,40366.38,2010.513,2,0,385.73
8/30/10, 12:46,40420.53,2010.662,6,0,381.17
9/9/10, 14:02,40430.58,2010.689,6,0,383.95
10/22/10, 15:51,40473.66,2010.807,5,0,389.85
12/16/10, 14:45,40528.61,2010.958,6,0,392.96
1/31/11, 17:37,40574.73,2011.084,5,0,396.14
2/8/11, 16:36,40582.69,2011.106,5,0,393.96
2/24/11, 14:58,40598.62,2011.15,6,0,395.71
3/7/11, 12:23,40609.52,2011.179,6,0,394.68
3/21/11, 16:10,40623.67,2011.218,4,0,396.3
4/7/11, 15:41,40640.65,2011.265,2,0,396.88
4/21/11, 15:19,40654.64,2011.303,6,0,396.02
5/11/11, 14:39,40674.61,2011.358,6,0,396.24
6/1/11, 14:31,40695.6,2011.415,6,0,396.84
6/7/11, 15:02,40701.63,2011.432,6,0,394.86
7/22/11, 14:54,40746.62,2011.555,6,0,387.2
8/19/11, 15:41,40774.65,2011.632,6,0,383.13
10/6/11, 07:17,40822.3,2011.762,6,0,388.26
11/4/11, 17:20,40851.72,2011.843,5,0,392.67
12/22/11, 16:35,40899.69,2011.974,2,5,402.18
1/16/12, 14:55,40924.62,2012.043,6,0,395.99
2/12/12, 16:44,40951.7,2012.117,6,0,397.74
3/1/12, 07:31,40969.31,2012.165,6,0,397.56
3/6/12, 16:47,40974.7,2012.18,6,0,396.38
3/26/12, 13:39,40994.57,2012.234,5,0,397.69
4/10/12, 15:05,41009.63,2012.275,1,4,399.07
4/11/12, 09:16,41010.39,2012.277,3,0,398.55
4/26/12, 15:50,41025.66,2012.319,4,0,397.83
4/27/12, 14:31,41026.6,2012.321,2,4,399.4
5/17/12, 13:41,41046.57,2012.376,2,0,397.03
5/30/12, 13:42,41059.57,2012.411,6,0,398.79
6/14/12, 16:06,41074.67,2012.453,4,0,396.97
6/25/12, 16:24,41085.68,2012.483,8,0,395.35
7/2/12, 15:51,41092.66,2012.502,3,0,394
7/16/12, 13:33,41106.56,2012.54,6,0,391.18
7/27/12, 14:21,41117.6,2012.57,6,0,388.88
8/20/12, 14:53,41141.62,2012.636,6,0,389.13
8/29/12, 15:43,41150.65,2012.66,6,0,387.22
9/26/12, 15:17,41178.64,2012.737,5,0,391.55
10/8/12, 15:53,41190.66,2012.77,6,0,391.64
10/12/12, 14:02,41194.58,2012.78,6,0,391.77
10/19/12, 16:23,41201.68,2012.8,2,0,393.33
11/8/12, 14:42,41221.61,2012.854,6,0,395.82
11/30/12, 13:31,41243.56,2012.914,2,0,395.56
12/13/12, 16:50,41256.7,2012.95,6,0,397.37
12/18/12, 17:16,41261.72,2012.964,6,0,398.04
1/10/13, 12:22,41284.52,2013.026,6,0,399.63
1/29/13, 15:22,41303.64,2013.078,6,0,400.18
2/6/13, 17:22,41311.72,2013.101,4,0,402.08
2/21/13, 12:57,41326.54,2013.141,6,0,400.73
3/4/13, 15:27,41337.64,2013.172,6,0,398.24
3/8/13, 17:33,41341.73,2013.183,6,0,400.27
4/1/13, 16:42,41365.7,2013.248,6,0,400.04
4/8/13, 11:10,41372.47,2013.267,6,0,402.32
4/16/13, 15:23,41380.64,2013.289,6,0,402.28
4/29/13, 14:51,41393.62,2013.325,6,0,401.11
5/7/13, 15:51,41401.66,2013.347,6,0,400.57
5/17/13, 14:47,41411.62,2013.374,6,0,401.82
5/24/13, 14:22,41418.6,2013.393,10,0,401.41
6/4/13, 12:47,41429.53,2013.423,6,0,401.14
6/14/13, 14:58,41439.62,2013.451,6,0,400.01
7/16/13, 14:17,41471.6,2013.539,6,5,390.68
7/23/13, 14:27,41478.6,2013.558,6,0,390.42
7/31/13, 14:19,41486.6,2013.58,10,0,392.24
8/7/13, 14:19,41493.6,2013.599,6,0,389.15
9/9/13, 16:07,41526.67,2013.69,3,0,391.93
9/18/13, 14:04,41535.59,2013.714,6,0,392.16
10/1/13, 13:25,41548.56,2013.749,5,0,393.72
10/8/13, 11:46,41555.49,2013.768,6,0,395.5
10/28/13, 12:15,41575.51,2013.823,6,0,397.12
11/18/13, 15:49,41596.66,2013.881,6,5,405.09
12/6/13, 15:22,41614.64,2013.931,5,0,402.07
12/19/13, 15:21,41627.64,2013.966,6,0,398.86
1/27/14, 18:03,41666.75,2014.073,6,0,402.14
2/3/14, 14:46,41673.62,2014.092,6,0,401.31
2/25/14, 17:58,41695.75,2014.153,2,0,402.75
3/4/14, 16:37,41702.69,2014.172,6,0,403.86
3/18/14, 15:15,41716.64,2014.21,6,0,402.8
3/21/14, 16:02,41719.67,2014.218,6,0,404.6
4/2/14, 14:27,41731.6,2014.251,6,0,403.56
4/22/14, 15:59,41751.67,2014.306,6,0,404.75
4/25/14, 17:02,41754.71,2014.314,6,0,404.15
5/4/14, 14:22,41763.6,2014.339,6,0,404.34
5/20/14, 14:27,41779.6,2014.382,6,0,402.79
6/5/14, 15:06,41795.63,2014.426,6,0,401.18
6/10/14, 15:07,41800.63,2014.44,6,0,402.18
6/23/14, 16:27,41813.69,2014.476,6,0,395.17
7/8/14, 17:03,41828.71,2014.517,6,0,397.41
7/11/14, 17:33,41831.73,2014.525,6,0,397.16
7/22/14, 14:45,41842.61,2014.555,6,0,394.42
8/4/14, 16:18,41855.68,2014.591,6,0,392.34
8/18/14, 14:19,41869.6,2014.629,6,0,393.86
9/2/14, 16:41,41884.7,2014.67,6,0,392.44
9/18/14, 15:16,41900.64,2014.714,6,0,394.98
10/9/14, 11:45,41921.49,2014.771,6,0,400.43
10/15/14, 15:19,41927.64,2014.788,6,0,396.23
11/2/14, 14:18,41945.6,2014.837,6,0,401.65
11/14/14, 14:28,41957.6,2014.87,6,0,400.23
12/13/14, 15:43,41986.65,2014.95,6,0,402.61
12/17/14, 17:25,41990.73,2014.961,6,0,402.17
2/20/15, 14:44,42055.61,2015.139,6,0,408.12
2/26/15, 16:25,42061.68,2015.155,6,0,404.53
3/19/15, 17:43,42082.74,2015.213,6,0,403.59
4/1/15, 15:38,42095.65,2015.248,6,0,405.58
4/6/15, 13:56,42100.58,2015.262,6,0,405.15
4/14/15, 14:34,42108.61,2015.284,6,0,405.81
5/4/15, 14:41,42128.61,2015.339,8,0,405.35
5/14/15, 15:43,42138.65,2015.366,8,0,406.43
5/27/15, 16:07,42151.67,2015.402,8,0,402.32
6/20/15, 14:48,42175.62,2015.467,8,0,403.1
7/2/15, 15:44,42187.66,2015.5,8,0,401.98
7/10/15, 14:29,42195.6,2015.522,6,0,398.3
7/27/15, 17:02,42212.71,2015.569,4,0,393.09
8/17/15, 16:37,42233.69,2015.627,2,0,397.08
9/4/15, 15:18,42251.64,2015.676,8,0,394.47
9/16/15, 16:42,42263.7,2015.709,6,0,396.05
10/2/15, 14:24,42279.6,2015.752,6,0,398.15
10/21/15, 16:23,42298.68,2015.805,4,0,403.39
11/2/15, 16:28,42310.69,2015.837,8,0,400.67
11/10/15, 14:38,42318.61,2015.859,4,0,403.41
12/11/15, 15:04,42349.63,2015.944,8,0,404.01
1/7/16, 12:41,42376.53,2016.018,8,0,405.86
1/20/16, 15:59,42389.67,2016.054,2,0,403.97
3/4/16, 15:39,42433.65,2016.174,8,0,405.48
3/22/16, 12:04,42451.5,2016.223,6,0,408.05
3/29/16, 14:53,42458.62,2016.242,6,0,406.29
4/12/16, 13:34,42472.56,2016.28,8,0,407.59
4/28/16, 16:04,42488.67,2016.324,6,0,409.84
5/24/16, 12:31,42514.52,2016.395,6,0,407.92
6/1/16, 16:23,42522.68,2016.417,8,0,407.84
6/15/16, 12:33,42536.52,2016.455,8,0,406.06
6/27/16, 16:00,42548.67,2016.488,8,0,405.9
7/6/16, 14:43,42557.61,2016.513,5,0,402.65
7/18/16, 14:54,42569.62,2016.545,8,0,399.13
8/11/16, 15:44,42593.66,2016.611,8,0,400.58
8/24/16, 15:04,42606.63,2016.647,7,0,399.3
9/12/16, 15:58,42625.66,2016.699,8,0,399.09
10/3/16, 15:53,42646.66,2016.756,8,0,404.32
11/1/16, 16:17,42675.68,2016.835,8,0,407.07
11/21/16, 14:43,42695.61,2016.89,8,0,405.56
12/16/16, 16:18,42720.68,2016.958,8,0,407.65
1/19/17, 18:06,42754.75,2017.051,8,0,408.83
2/11/17, 14:20,42777.6,2017.114,8,0,410.38
2/22/17, 16:47,42788.7,2017.144,8,0,409.58
2/28/17, 15:41,42794.65,2017.161,6,0,411.55
3/22/17, 16:14,42816.68,2017.221,8,0,410.96
4/3/17, 14:52,42828.62,2017.254,8,4,404.35
4/27/17, 14:39,42852.61,2017.319,8,0,413.94
5/12/17, 16:53,42867.7,2017.361,8,0,410.79
6/7/17, 15:23,42893.64,2017.432,7,0,410.68
6/22/17, 16:10,42908.67,2017.473,8,0,408.27
7/13/17, 16:57,42929.71,2017.531,5,0,407.13
7/27/17, 14:30,42943.6,2017.569,6,0,403.49
8/8/17, 16:01,42955.67,2017.602,5,0,403.17
8/18/17, 16:59,42965.71,2017.629,6,0,399.53
9/8/17, 15:03,42986.63,2017.687,8,0,403.68
10/2/17, 15:10,43010.63,2017.752,8,0,404.2
10/20/17, 12:40,43028.53,2017.801,8,0,404.46
11/1/17, 16:44,43040.7,2017.835,8,0,407.21
12/20/17, 15:34,43089.65,2017.969,8,0,407.7
1/9/18, 13:39,43109.57,2018.023,3,0,409.98
1/25/18, 19:01,43125.79,2018.068,8,0,410.73
2/12/18, 16:43,43143.7,2018.117,8,0,411
2/22/18, 14:14,43153.59,2018.144,7,0,411.99
3/2/18, 15:39,43161.65,2018.166,7,0,412.96
3/14/18, 14:35,43173.61,2018.199,8,0,412.79
4/11/18, 13:40,43201.57,2018.276,7,0,413.43
5/3/18, 14:49,43223.62,2018.336,3,0,413.92
5/23/18, 15:35,43243.65,2018.391,8,0,413.2
6/4/18, 14:35,43255.61,2018.424,8,0,412.57
6/19/18, 16:40,43270.69,2018.465,8,0,408.63
7/17/18, 14:10,43298.59,2018.541,8,0,406.36
8/3/18, 14:45,43315.61,2018.588,5,0,407.35
8/29/18, 16:10,43341.67,2018.659,8,0,401.18
9/24/18, 13:40,43367.57,2018.73,8,0,405.73
10/5/18, 14:36,43378.61,2018.761,8,0,406.3
11/7/18, 16:34,43411.69,2018.851,6,0,415.49
11/29/18, 14:20,43433.6,2018.911,8,0,410.45
12/18/18, 15:19,43452.64,2018.963,6,0,419.02
1/10/19, 17:15,43475.72,2019.027,8,0,417.36
2/14/19, 16:40,43510.69,2019.122,6,0,413.6
3/1/19, 14:20,43525.6,2019.163,5,0,417.42
3/28/19, 15:11,43552.63,2019.237,7,0,415.6
4/12/19, 15:54,43567.66,2019.279,8,0,416.77
4/25/19, 11:15,43580.47,2019.314,8,0,414.98
5/8/19, 14:20,43593.6,2019.35,8,0,414.12
5/21/19, 15:39,43606.65,2019.385,8,0,415.96
6/7/19, 14:20,43623.6,2019.432,8,0,415.58
6/24/19, 12:05,43640.5,2019.478,8,0,413.12
7/18/19, 13:25,43664.56,2019.544,8,0,410.24
7/31/19, 15:20,43677.64,2019.58,8,0,408.68
8/9/19, 15:15,43686.64,2019.604,8,0,402.75
8/29/19, 14:58,43706.62,2019.659,8,0,405.39
9/12/19, 14:00,43720.58,2019.697,7,0,413.84
10/17/19, 16:25,43755.68,2019.794,8,0,410.66
11/20/19, 14:40,43789.61,2019.887,8,0,414.04
12/24/19, 14:50,43823.62,2019.98,8,0,416.7
2/3/20, 14:40,43864.61,2020.092,8,0,421.72
3/1/20, 13:55,43891.58,2020.166,8,0,418.31
3/17/20, 12:25,43907.52,2020.209,5,0,419.36
4/8/20, 14:35,43929.61,2020.269,8,0,418
4/21/20, 14:25,43942.6,2020.305,8,0,417.96
5/13/20, 13:50,43964.58,2020.365,8,0,418.2
5/28/20, 14:35,43979.61,2020.406,8,0,417.65
6/12/20, 14:05,43994.59,2020.447,7,0,417.2
6/24/20, 15:45,44006.66,2020.48,8,0,414.18
7/17/20, 16:25,44029.68,2020.543,8,0,407.27
8/17/20, 13:40,44060.57,2020.627,5,0,406.59
8/27/20, 13:40,44070.57,2020.655,1,4,407.09
9/1/20, 15:40,44075.65,2020.668,8,0,408.27
9/22/20, 15:12,44096.63,2020.726,5,0,412.9
10/8/20, 16:05,44112.67,2020.77,6,0,416.58
10/24/20, 13:55,44128.58,2020.813,8,0,413.04
11/7/20, 15:15,44142.64,2020.851,8,0,414.81
11/23/20, 17:02,44158.71,2020.895,8,5,427.53
12/10/20, 16:55,44175.7,2020.942,8,0,418.05
1/25/21, 14:00,44221.58,2021.067,8,0,419.5
2/13/21, 14:40,44240.61,2021.119,8,0,419.99
3/4/21, 14:17,44259.6,2021.171,5,0,421.54
3/15/21, 13:25,44270.56,2021.202,8,0,420.71
4/6/21, 13:15,44292.55,2021.262,8,0,420.03
4/22/21, 13:30,44308.56,2021.306,8,0,420.15
5/14/21, 16:00,44330.67,2021.366,8,0,422.68
5/27/21, 14:35,44343.61,2021.402,8,0,421.4
6/10/21, 14:30,44357.6,2021.44,3,0,422.31
6/23/21, 14:45,44370.61,2021.476,8,0,419.08
7/9/21, 14:35,44386.61,2021.519,8,0,413.79
7/24/21, 15:00,44401.62,2021.561,8,0,412.72
8/9/21, 13:55,44417.58,2021.604,8,0,415.27
8/23/21, 15:30,44431.65,2021.643,8,0,410.92
9/8/21, 14:40,44447.61,2021.687,8,0,411.66
9/23/21, 14:12,44462.59,2021.728,9,0,412.89
10/8/21, 13:40,44477.57,2021.769,8,0,412.02
11/2/21, 15:42,44502.65,2021.837,8,0,415.06
12/9/21, 16:15,44539.68,2021.939,8,0,418.15
12/27/21, 15:45,44557.66,2021.988,4,0,420.87
2/3/22, 15:45,44595.66,2022.092,8,0,426.64
2/22/22, 15:38,44614.65,2022.144,8,0,422.2
3/4/22, 16:35,44624.69,2022.172,8,0,420.95
4/12/22, 15:27,44663.64,2022.278,6,0,424.05
4/22/22, 14:50,44673.62,2022.306,9,0,425.46
5/15/22, 15:18,44696.64,2022.369,8,0,425.24
5/26/22, 13:40,44707.57,2022.399,8,0,422.8
6/17/22, 12:05,44729.5,2022.459,8,0,421.06
6/29/22, 15:47,44741.66,2022.492,8,0,417.6
7/15/22, 16:00,44757.67,2022.536,9,0,418.7
7/28/22, 15:11,44770.63,2022.572,7,0,415.32
8/16/22, 15:16,44789.64,2022.624,2,0,414.54
9/13/22, 16:21,44817.68,2022.7,9,4,410.15
10/26/22, 15:05,44860.63,2022.818,9,4,420.44
11/2/22, 14:45,44867.61,2022.837,8,0,419.66
11/29/22, 16:06,44894.67,2022.911,9,4,421.64
1/5/23, 16:38,44931.69,2023.013,3,0,423.39
1/29/23, 15:47,44955.66,2023.079,9,4,423.04
2/14/23, 15:18,44971.64,2023.122,9,4,425.8
3/15/23, 16:58,45000.71,2023.202,8,0,424.4
3/24/23, 14:00,45009.58,2023.226,2,0,430.23
4/15/23, 14:29,45031.6,2023.287,8,0,426.91
4/24/23, 12:47,45040.53,2023.311,2,0,425.69
5/31/23, 12:46,45077.53,2023.412,8,0,424.05
6/8/23, 14:30,45085.6,2023.435,8,0,422.73
6/22/23, 15:04,45099.63,2023.473,8,0,419.11
7/19/23, 13:16,45126.55,2023.547,6,0,418.02
8/8/23, 12:42,45146.53,2023.601,8,0,416.97
8/24/23, 15:34,45162.65,2023.646,9,4,414.65
9/6/23, 17:00,45175.71,2023.681,7,0,415.99